key,environment,family,difficulty,trajectory,start,frames,split,depth_median_m,depth_max_m,depth_masked_columns,flow_valid_share,boundary_share,lum_mean,step_m_median,sha256
AbandonedCable/easy/P000/000665,AbandonedCable,AbandonedCable,easy,P000,665,32,train,8.4922,3654.0,0,0.9894,0.4443,0.6691,0.0824,b092c7dc7ca7eec1c439ef17c65032ec277fe6fd6f7b1c92dc1e824634e10794
AbandonedCable/easy/P000/002026,AbandonedCable,AbandonedCable,easy,P000,2026,32,train,8.6094,3474.0,0,0.9759,0.4499,0.8315,0.2261,0042b3e454ce67192568caccb8adf3a17329ea178c5f8b3d0466af71ceb46de8
AbandonedCable/easy/P001/000280,AbandonedCable,AbandonedCable,easy,P001,280,32,train,9.1094,4022.0,0,0.9888,0.6008,0.0814,0.2067,ee18d0dab19be047485c6c363bb7ead0fdd5763168a0def5dc077c3aafc9c1b4
AbandonedCable/easy/P001/000871,AbandonedCable,AbandonedCable,easy,P001,871,32,train,12.2109,3584.0,0,0.9881,0.5692,0.5556,0.0864,46428167d101ee10d1ca680463ca7bf8b4efffd071f65103df064f725dac8578
AbandonedCable/easy/P002/001017,AbandonedCable,AbandonedCable,easy,P002,1017,32,train,4.0469,3696.0,0,0.9342,0.406,0.8287,0.2878,4244bf5a21ba8e054867334d8d1142f50660d85a02281d6a066f5dd01cee993c
AbandonedCable/easy/P002/003082,AbandonedCable,AbandonedCable,easy,P002,3082,32,train,6.5293,3838.0,0,0.9581,0.2998,0.8069,0.3375,4d42629ba6662a4a404c8341ed33e40f3e541e75bbfd33551653d92c7ea7e449
AbandonedCable/easy/P003/001177,AbandonedCable,AbandonedCable,easy,P003,1177,32,train,4.1602,4086.0,0,0.9591,0.4113,0.2263,0.0854,0d9cb8810e8aa00e076bf596a5021ae47cf7029bbb0abf289aa34e4265cdca84
AbandonedCable/easy/P003/003564,AbandonedCable,AbandonedCable,easy,P003,3564,32,train,7.1367,3398.0,0,0.9842,0.5203,0.5813,0.163,302e23b17cd09bbaccdbb5c4d2382e39f603f9b43822ffc592f3514cc03663ba
AbandonedCable/easy/P004/000731,AbandonedCable,AbandonedCable,easy,P004,731,32,train,4.8125,58368.0,0,0.9733,0.3641,0.3054,0.1903,a7ae67e80e3abe4bd851ea2c78d6da7b3789f054b4e5b58e752d0295d3539f74
AbandonedCable/easy/P004/002224,AbandonedCable,AbandonedCable,easy,P004,2224,32,train,6.1211,49056.0,0,0.9707,0.5821,0.1676,0.1378,31452fe552451b7ffd40887197cd6601de57d94a8af9847aad11020939af6835
AbandonedCable/easy/P005/000724,AbandonedCable,AbandonedCable,easy,P005,724,32,train,7.6289,48512.0,0,0.9752,0.475,0.6001,0.3877,0e77023ba3fd3d03e0a7bff83eb91a10a0e84c74f08aef3c1dc365ebe9ed15b4
AbandonedCable/easy/P005/002206,AbandonedCable,AbandonedCable,easy,P005,2206,32,train,4.5254,48.38,0,0.985,0.1875,0.1617,0.1575,e6051871f5eee7ba84a63677ce2f36acb7a008dae0fa0a6568bd7b706919f90d
AbandonedCable/easy/P006/000720,AbandonedCable,AbandonedCable,easy,P006,720,32,train,3.9316,59648.0,0,0.9767,0.2601,0.1402,0.1046,98014005748e91f4a48d286f3aac849915d7faa6476785546087cbad7cd678c3
AbandonedCable/easy/P006/002191,AbandonedCable,AbandonedCable,easy,P006,2191,32,train,5.3398,51040.0,0,0.9333,0.4696,0.0483,0.1966,f69f1453e2373d9607784eff81a24406dd9e2d156166c3e4a261b246f29ed547
AbandonedCable/easy/P007/000920,AbandonedCable,AbandonedCable,easy,P007,920,32,train,2.0039,166.12,0,0.9796,0.216,0.258,0.0689,0a07549c683042f21cfbbe25ab641cb6611489b2661e043f6426b9ae034d0edb
AbandonedCable/easy/P007/002794,AbandonedCable,AbandonedCable,easy,P007,2794,32,train,2.4043,50720.0,0,0.9768,0.254,0.5781,0.1514,e6cc48dee990563e9ef7f3cce6519ecc51962570e55e38d11b6f08bc60aad2ef
AbandonedCable/hard/P000/000351,AbandonedCable,AbandonedCable,hard,P000,351,32,train,49376.0,59904.0,0,0.9545,0.2012,0.6368,0.3891,4f48ef5a1d29c5db7ab50964d4180e195bf20b66de7df43596c9be1301fa57c4
AbandonedCable/hard/P000/001085,AbandonedCable,AbandonedCable,hard,P000,1085,32,train,12.0938,56128.0,0,0.8689,0.5172,0.6369,0.8218,ac67f07295ddd485efd7c19119401a414a1134dd8bde1261f90a57542897b405
AbandonedCable/hard/P001/000190,AbandonedCable,AbandonedCable,hard,P001,190,32,train,4.8809,50.59,0,0.9625,0.4368,0.0432,0.1665,9e3f2f2e28a0732bdcb35b60cdb538720c0131c90e76bac5512d5aeda4951cba
AbandonedCable/hard/P001/000601,AbandonedCable,AbandonedCable,hard,P001,601,32,train,8.7344,59904.0,0,0.9497,0.5379,0.4179,0.1175,627b4857c0a3af15a2fa6dce1bf859a7899a75a3744c5d45895e590ec3889cb2
AbandonedCable/hard/P002/000586,AbandonedCable,AbandonedCable,hard,P002,586,32,train,3026.0,4080.0,0,0.8364,0.4288,0.547,0.5658,20617d9b83a0d512b1657dafd4a16937adb562f6be8c2be324644fa6e8bd42dd
AbandonedCable/hard/P002/001789,AbandonedCable,AbandonedCable,hard,P002,1789,32,train,3308.0,4062.0,0,0.9685,0.1401,0.8107,0.3698,9e2939ccce6b49fc073eba0eb5baa7b7c8caa4b42f21c268dade2aacebdb8348
AbandonedCable/hard/P003/000735,AbandonedCable,AbandonedCable,hard,P003,735,32,train,6.6055,4030.0,0,0.9013,0.4785,0.3856,0.2679,7004e5718c46336f3d9cb265a68eaef6e8edd614b4db05bbc7d400b2831a286e
AbandonedCable/hard/P003/002236,AbandonedCable,AbandonedCable,hard,P003,2236,32,train,4.4141,3524.0,0,0.9582,0.4739,0.5444,0.3127,79d96f209bff5948f2f0f42872a8a3de4ac716173d0b04965ccf0229f84c2ba9
AbandonedCable/hard/P004/000489,AbandonedCable,AbandonedCable,hard,P004,489,32,train,5.9023,59904.0,0,0.9397,0.3896,0.1435,0.2211,3718fb2fcccc0c274cf21de7cbcb522430ac454b2a5ce82a72d393806736b229
AbandonedCable/hard/P004/001500,AbandonedCable,AbandonedCable,hard,P004,1500,32,train,8.1406,131.5,0,0.9528,0.6298,0.0608,0.2566,f10ba68c6ffd9450c9a996c25a436250cc0a2fa15af6e9442a55c6d5b88fe7f4
AbandonedCable/hard/P005/000438,AbandonedCable,AbandonedCable,hard,P005,438,32,train,7.2422,50464.0,0,0.9563,0.4917,0.6268,0.3793,a8167241c0507ce000b70204119568e582528c1323442e0f0a8872651a169c2a
AbandonedCable/hard/P005/001348,AbandonedCable,AbandonedCable,hard,P005,1348,32,train,1.9307,17.33,0,0.9595,0.0611,0.1759,0.2247,ee0dc7c22fae3a6dab3a8152c5f7a51490a6dffca93053133cd16b10728ce438
AbandonedCable/hard/P006/000493,AbandonedCable,AbandonedCable,hard,P006,493,32,train,8.7969,4148.0,0,0.9457,0.4981,0.1885,0.1356,8ac62f7c90c6f93b620e8d30e5229647118101a9831298ba4f36b42c3324ffbb
AbandonedCable/hard/P006/001512,AbandonedCable,AbandonedCable,hard,P006,1512,32,train,6.2734,137.5,0,0.9513,0.3828,0.2324,0.2207,b02fdc5692b3f483f146d0b1d3747c1e9aea4e5aba72efda21b9d18b6ddb144c
AbandonedCable/hard/P007/000434,AbandonedCable,AbandonedCable,hard,P007,434,32,train,1.2607,57.25,0,0.7448,0.1182,0.1311,0.4912,37645635f0bb8ed61a0421a00cfc29da0232f84f72521a62741a47d636f1e487
AbandonedCable/hard/P007/001332,AbandonedCable,AbandonedCable,hard,P007,1332,32,train,9.7969,4012.0,0,0.8244,0.4447,0.5801,0.3639,9b6dab01bbe2ee6f81ee83a2b2aee30c8629f6e066154272ac4d0fdfcf560db2
AbandonedFactory/easy/P000/000354,AbandonedFactory,AbandonedFactory,easy,P000,354,32,train,6.5547,14680.0,0,0.9633,0.3767,0.3918,0.2197,49dbd47c7b9fc3d7d47c11bdd347457cd0215c68a8bdc5457efa2787b3a5080c
AbandonedFactory/easy/P000/001094,AbandonedFactory,AbandonedFactory,easy,P000,1094,32,train,9.0625,15952.0,0,0.9525,0.3168,0.6456,0.1847,c526f400346ecf1374cf6f089e33025e35ba12e0886c424f76248856546794e1
AbandonedFactory/easy/P001/000248,AbandonedFactory,AbandonedFactory,easy,P001,248,32,train,4.8555,16016.0,0,0.9304,0.5333,0.2286,0.1821,ac901b6554c88c2b092e31fef0959862527af0dc4f213713a80304dab255eb1a
AbandonedFactory/easy/P001/000775,AbandonedFactory,AbandonedFactory,easy,P001,775,32,train,8.332,16360.0,0,0.9121,0.2922,0.3303,0.2887,372ef4660c53211dd6fd2067548a2c9ea198ae30cbb4c9ff366d17f20f7d2975
AbandonedFactory/easy/P002/000158,AbandonedFactory,AbandonedFactory,easy,P002,158,32,train,3.5742,16080.0,0,0.9771,0.1787,0.6007,0.3523,53bbf9ec45386f2949da0e629bd87df898ad6a691c9bbaefdb4c8ba8c3d505fb
AbandonedFactory/easy/P002/000508,AbandonedFactory,AbandonedFactory,easy,P002,508,32,train,3.3594,16296.0,0,0.9669,0.1961,0.2759,0.1305,605da8c0521eb53133adf3b0991a706f7cb565b70d25883cd9e66b5dd160a3d7
AbandonedFactory/easy/P003/000236,AbandonedFactory,AbandonedFactory,easy,P003,236,32,train,5.3828,15784.0,0,0.9612,0.343,0.3013,0.2984,a4267ca1a9fb369044a48b0ad7675f019296167835598b6ee998ed040be6ea41
AbandonedFactory/easy/P003/000741,AbandonedFactory,AbandonedFactory,easy,P003,741,32,train,4.8477,12128.0,0,0.9718,0.2448,0.207,0.346,8624de4797fc29d1f6efd891c37d0d2ae0c2bf81c1582624665392d1d9a24b3c
AbandonedFactory/easy/P004/000186,AbandonedFactory,AbandonedFactory,easy,P004,186,32,train,7.5703,14272.0,0,0.9363,0.5165,0.5136,0.3082,d24aef797bd613851ae5a9142d49dc5206d53ed497b86ba9d302ca96fb7adbc1
AbandonedFactory/easy/P004/000589,AbandonedFactory,AbandonedFactory,easy,P004,589,32,train,23.6953,16344.0,0,0.9675,0.3018,0.5839,0.2955,92014c070eb9cf19ffd7ad3592c2e9ca58995996b53f2c4e1f436e886bce4c1d
AbandonedFactory/easy/P005/000158,AbandonedFactory,AbandonedFactory,easy,P005,158,32,train,7.4121,16224.0,0,0.9768,0.3002,0.5711,0.2598,1bfe52294f3db8dd5e2b6effc7e227962d32f8cc9bd98e478edb37bb488833f7
AbandonedFactory/easy/P005/000504,AbandonedFactory,AbandonedFactory,easy,P005,504,32,train,11.2031,15912.0,0,0.9072,0.6361,0.5513,0.2541,433aa3fce97479b10c4f01c3fc024ee53c375f7766686087c817c3a22147bcb2
AbandonedFactory/easy/P006/000234,AbandonedFactory,AbandonedFactory,easy,P006,234,32,train,11.793,16344.0,0,0.9835,0.245,0.4987,0.1502,471d7e3e0c11df94b9b050c3a4b574bcf5baa87aaf8d1d65d9512dbb38b630ac
AbandonedFactory/easy/P006/000735,AbandonedFactory,AbandonedFactory,easy,P006,735,32,train,3.7402,37.78,0,0.9961,0.2718,0.0358,0.0939,d2e4050e18ebcde5fefdfe236cc35fb7094e0d45f82712ca5bdba4824989f207
AbandonedFactory/easy/P008/000165,AbandonedFactory,AbandonedFactory,easy,P008,165,32,train,9.4219,15792.0,0,0.9807,0.3872,0.3424,0.1,3fb68445e632428e8a4f12f632cf213c928f55f113bd58cb21472d8e9dbf8a5a
AbandonedFactory/easy/P008/000528,AbandonedFactory,AbandonedFactory,easy,P008,528,32,train,4.8184,16336.0,0,0.9415,0.349,0.2342,0.1519,9ada7e607422781d025b3fddd7bcb0cb45704a6968de46f951bfe51249b735a3
AbandonedFactory/easy/P009/000163,AbandonedFactory,AbandonedFactory,easy,P009,163,32,train,6.0039,12464.0,0,0.9972,0.3273,0.4439,0.0791,8762c942b8b17d2c32932082209156e77173aa78ad88885d98e5de00f1706781
AbandonedFactory/easy/P009/000521,AbandonedFactory,AbandonedFactory,easy,P009,521,32,train,10.0391,15872.0,0,0.925,0.6198,0.5423,0.2132,637658fe62bb2742cc7c046a43c5a6250fb4d0960dda8bc0b5726158b8880f16
AbandonedFactory/hard/P000/000230,AbandonedFactory,AbandonedFactory,hard,P000,230,32,train,12056.0,16368.0,0,0.9332,0.2452,0.7097,0.1405,f265af792a6f3c68fd7f47d4558e1f43c84b34d256b15fa2d52fafc9c562e84e
AbandonedFactory/hard/P000/000722,AbandonedFactory,AbandonedFactory,hard,P000,722,32,train,12240.0,16368.0,0,0.9315,0.2293,0.6884,0.2124,01ad94629e34508a052ccbe06eab841f4b425fce9c91af95a758576c748af16b
AbandonedFactory/hard/P001/000136,AbandonedFactory,AbandonedFactory,hard,P001,136,32,train,12.582,16344.0,0,0.9234,0.3228,0.607,0.6525,beb71fe1981dacc3e6119b2a0b30e78b1f1211069a3e3fe57594d0cbed36e3a9
AbandonedFactory/hard/P001/000438,AbandonedFactory,AbandonedFactory,hard,P001,438,32,train,2.5938,16328.0,0,0.8415,0.3313,0.1354,0.5203,e5fdce3f7004dfc8c44e5ea973844e163844931f1b4d5b103cdacad386d48e18
AbandonedFactory/hard/P002/000078,AbandonedFactory,AbandonedFactory,hard,P002,78,32,train,2.4727,15184.0,0,0.9411,0.0352,0.4862,0.364,ce55bbdbbbd5d69f55e624e215475b1eb130b3d57ef7ca5bf0de2fb039778868
AbandonedFactory/hard/P002/000264,AbandonedFactory,AbandonedFactory,hard,P002,264,32,train,6.1289,16320.0,0,0.905,0.3527,0.1422,0.2928,0a8f119ff2242ec29433fae744864b65db8847b5a25e1b27140c37e55a30fc5d
AbandonedFactory/hard/P003/000110,AbandonedFactory,AbandonedFactory,hard,P003,110,32,train,4.5176,15288.0,0,0.8852,0.2969,0.3715,0.4198,20d1ff5379a8d63bae1790c1922f1801cf16513c72561c819d2838f7f9358d7c
AbandonedFactory/hard/P003/000361,AbandonedFactory,AbandonedFactory,hard,P003,361,32,train,12792.0,16376.0,0,0.9649,0.2207,0.7607,0.3586,4eaf1147e2cd33db053fdc7ecdc0d1c822cfbb6ad804062e6e59b79d1244aaee
AbandonedFactory/hard/P004/000107,AbandonedFactory,AbandonedFactory,hard,P004,107,32,train,4.2852,15744.0,0,0.9183,0.4066,0.5101,0.3402,d17110dff9fd0bc2f2ddf08e541cc394e6d5bb072b808bd4d124a9faf59ad4a1
AbandonedFactory/hard/P004/000353,AbandonedFactory,AbandonedFactory,hard,P004,353,32,train,3.3623,18.25,0,0.8902,0.2325,0.1002,0.561,bc65ba6af96d06b667187873e11b16e04f3997aa68a79492f34656258ca01b42
AbandonedFactory/hard/P005/000088,AbandonedFactory,AbandonedFactory,hard,P005,88,32,train,7.5859,16368.0,0,0.9468,0.3296,0.5244,0.2475,cb99f72b27a216746ffc98741e1bb2478124639b7624bc701d5803ab45489663
AbandonedFactory/hard/P005/000295,AbandonedFactory,AbandonedFactory,hard,P005,295,32,train,12816.0,16400.0,0,0.941,0.3063,0.8105,0.3453,6d27a42589e83154bdf355ce781a2647a2e3d5327d06ab559a8578a1e97d804a
AbandonedFactory/hard/P006/000104,AbandonedFactory,AbandonedFactory,hard,P006,104,32,train,5.6367,15984.0,0,0.8514,0.3298,0.2505,0.6565,c42f5c7fcfe0457968734e9b4237792546a8dd827c48e2e95ba117de162f5ccc
AbandonedFactory/hard/P006/000346,AbandonedFactory,AbandonedFactory,hard,P006,346,32,train,12136.0,16344.0,0,0.8801,0.3618,0.7331,0.4263,f2a4664abc71e6e1477a5adf7052aa5cf60eb0edb2cc2bdd6e4db352ade41521
AbandonedFactory/hard/P008/000088,AbandonedFactory,AbandonedFactory,hard,P008,88,32,train,24.6094,16344.0,0,0.941,0.3629,0.6651,0.3582,0904762e046cafecc5fc15e2b75880bdafe7fb0df4e35c32325f3c971dfa7e9e
AbandonedFactory/hard/P008/000295,AbandonedFactory,AbandonedFactory,hard,P008,295,32,train,20.1406,16344.0,0,0.9155,0.4648,0.765,0.2389,def6a3bb3e8dd149e491f1564e1cf50763ec3bc1ea88a65c1c4ed98c1a0cfcc2
AbandonedFactory/hard/P009/000091,AbandonedFactory,AbandonedFactory,hard,P009,91,32,train,8.1484,16128.0,0,0.9402,0.5469,0.5771,0.1329,03ae48cebf8c0dd7ae7d01c1f19dd8d409f82379634392884f5530b246a8348f
AbandonedFactory/hard/P009/000306,AbandonedFactory,AbandonedFactory,hard,P009,306,32,train,6.8828,16024.0,0,0.8954,0.5067,0.4275,0.3099,b83d20525894b2798faad746988cd9fdbdcad3e5e526d29096036ace1d0c5ee3
AbandonedFactory2/easy/P000/000216,AbandonedFactory2,AbandonedFactory,easy,P000,216,32,train,4.707,10.07,21,0.9534,0.3986,0.1468,0.1001,619dd6e2c4d079ab5d9944c1c027b6818c2d39f7de2f8f68bb28b98501cb2837
AbandonedFactory2/easy/P000/000678,AbandonedFactory2,AbandonedFactory,easy,P000,678,32,train,5.5957,17.84,0,0.9748,0.5263,0.1862,0.1184,d793c0b335cbad4675ecc16555b676989bf95e2a4cf806436a0f94a0411f6a6d
AbandonedFactory2/easy/P001/000135,AbandonedFactory2,AbandonedFactory,easy,P001,135,32,train,5.8711,34.75,169,0.9601,0.369,0.1785,0.1202,0f5586eb4b2396fc534c38e5c54acfd4f39ffdd53e17cf1d596d9588577fca5d
AbandonedFactory2/easy/P001/000437,AbandonedFactory2,AbandonedFactory,easy,P001,437,32,train,5.3906,14.2,236,0.9231,0.5222,0.369,0.2766,d62dadae782d4ce89b7692ca88f968ddd6c04adc83e15f7c3b973cd4d859d867
AbandonedFactory2/easy/P002/000132,AbandonedFactory2,AbandonedFactory,easy,P002,132,32,train,6.5938,14.89,232,0.9655,0.3686,0.1874,0.0856,2cb0165946cec656bb8b74d97ea2f29551d657bf399ae8eb2e96f41f20131bc1
AbandonedFactory2/easy/P002/000427,AbandonedFactory2,AbandonedFactory,easy,P002,427,32,train,6.1465,22.3,0,0.9935,0.3508,0.0954,0.1974,f3e77fa5a433f218f9d9b117ad3b24d8a37afe37bc32e3a2e21045506c124154
AbandonedFactory2/easy/P003/000131,AbandonedFactory2,AbandonedFactory,easy,P003,131,32,train,6.4453,35.31,28,0.9372,0.4584,0.1457,0.1885,54230d5ad95bacfe6b2cb8af7b2f29a0eeea69a32c1f2b3240c6d9ebc8c14484
AbandonedFactory2/easy/P003/000426,AbandonedFactory2,AbandonedFactory,easy,P003,426,32,train,8.9727,23.52,2,0.9847,0.4441,0.1056,0.1441,5293deafbfcc0d02a2a767d072490f97af37990893b25d93c3358689c3be8fa5
AbandonedFactory2/easy/P004/000118,AbandonedFactory2,AbandonedFactory,easy,P004,118,32,train,5.0156,15.05,8,0.9126,0.5225,0.2031,0.2068,f72875884b8af05677ebb7c0aec85b2e4143aff5080a5cb43caabf598c2d28c6
AbandonedFactory2/easy/P004/000386,AbandonedFactory2,AbandonedFactory,easy,P004,386,32,train,3.377,35.06,37,0.969,0.2562,0.195,0.0885,5b80008121f48f93dc2f6a5e21e05a8707919848e6e7eff6c3b6d6386e953470
AbandonedFactory2/easy/P005/000159,AbandonedFactory2,AbandonedFactory,easy,P005,159,32,train,7.5801,22.0,144,0.9733,0.6083,0.2369,0.1161,c9e2456942d0a8c23b84ccf58f078d1274949018b3eab4fb3d8487126472b929
AbandonedFactory2/easy/P005/000510,AbandonedFactory2,AbandonedFactory,easy,P005,510,32,train,8.8047,32.75,236,0.9541,0.604,0.2353,0.3069,6a05729a40d7e1cd863a6c818b65bb0608eef223e6561bedaa54df58edbc619a
AbandonedFactory2/hard/P000/000119,AbandonedFactory2,AbandonedFactory,hard,P000,119,32,train,3.8301,9.47,44,0.8978,0.4007,0.1386,0.2308,4ed8bb43f265ce931cd094489634c58a41afeb0c18fd98d0711c28d92e7dfa53
AbandonedFactory2/hard/P000/000389,AbandonedFactory2,AbandonedFactory,hard,P000,389,32,train,7.168,27.86,38,0.9151,0.5572,0.1862,0.1977,235a2dfcc3433b20a5e122198bb7fc4e31982267cee4a4af8bcc790e4ed97a8a
AbandonedFactory2/hard/P001/000075,AbandonedFactory2,AbandonedFactory,hard,P001,75,32,train,7.6602,15.59,155,0.9225,0.4284,0.2436,0.2448,410252b75bd3964470c34dc562b1dcf6491082fa08a87ed0905f61b4787f5995
AbandonedFactory2/hard/P001/000257,AbandonedFactory2,AbandonedFactory,hard,P001,257,32,train,4.6523,36.38,0,0.9186,0.4196,0.1173,0.2985,a3a55825b652741fd8632ceed7863c2ae6f0d53a14405d9d9ebf5a7320407bef
AbandonedFactory2/hard/P002/000066,AbandonedFactory2,AbandonedFactory,hard,P002,66,32,train,3.2051,10.38,1215,0.9283,0.2306,0.2775,0.2246,a48917551523a06699b6e7dc11d71f73b554db06e9d2d17c2c6475cc6754c7ef
AbandonedFactory2/hard/P002/000231,AbandonedFactory2,AbandonedFactory,hard,P002,231,32,train,4.8438,19.14,603,0.9386,0.3353,0.2378,0.1627,1c40237b6d109ca66f4372e7416aeecbcc01050f30de5c17c11ec6d1d2cf004f
AbandonedFactory2/hard/P003/000084,AbandonedFactory2,AbandonedFactory,hard,P003,84,32,train,3.7676,14.69,0,0.9614,0.2182,0.0628,0.2345,4d58dda881e2b6820a6eefbef1dfb47c67758927d10d04dd75731538ffcc7d73
AbandonedFactory2/hard/P003/000285,AbandonedFactory2,AbandonedFactory,hard,P003,285,32,train,6.3945,17.73,0,0.9523,0.2453,0.0802,0.3717,3e18ee7a47a43a0668b33d6502781bfb69cf5c39d283e946e8c9cfbf42dc9cfe
AbandonedFactory2/hard/P004/000082,AbandonedFactory2,AbandonedFactory,hard,P004,82,32,train,5.4258,25.64,1006,0.9144,0.328,0.236,0.2918,49d5f63dfe272d09cebf50d0c7e2e8202b38f476093b8111348819e9d13e7f5f
AbandonedFactory2/hard/P004/000279,AbandonedFactory2,AbandonedFactory,hard,P004,279,32,train,8.1016,24.64,43,0.9721,0.4214,0.0879,0.1499,d315173b3d93fb0982b44a34fbd11b4e9be8b26174af273b01460cd24199e902
AbandonedFactory2/hard/P005/000114,AbandonedFactory2,AbandonedFactory,hard,P005,114,32,train,3.9229,11.02,0,0.9445,0.1782,0.115,0.3453,7acd2ce05666889ce6526d89ea6b4f25ccb19bd5ba91b454b67d39fa793d5269
AbandonedFactory2/hard/P005/000375,AbandonedFactory2,AbandonedFactory,hard,P005,375,32,train,2.5195,7.18,0,0.9699,0.0318,0.1041,0.2263,0d520061bddb2fe8e5e6b9b8e0d87aa062c255c34cae8791b12ed1c220340866
AbandonedSchool/easy/P000/000324,AbandonedSchool,AbandonedSchool,easy,P000,324,32,train,2.2871,38464.0,0,0.9339,0.5837,0.5167,0.1527,544f904fdf52bcc09e4bc284b9f55070ecf23dc2e8fde44ac99708291f6ae735
AbandonedSchool/easy/P000/001004,AbandonedSchool,AbandonedSchool,easy,P000,1004,32,train,1.9922,39136.0,0,0.9266,0.2727,0.3508,0.1333,75a64a46418e50babe4c613d47e9e4a0465c1351746b1c49a24a9efa23cc1ad7
AbandonedSchool/easy/P001/000322,AbandonedSchool,AbandonedSchool,easy,P001,322,32,train,2.4141,34.69,0,0.953,0.2458,0.146,0.2056,a71f5480c3731d41f16596c8b926386f8580c3615a4f16efec06f30cad39efad
AbandonedSchool/easy/P001/000997,AbandonedSchool,AbandonedSchool,easy,P001,997,32,train,3.5586,38.84,0,0.9942,0.2409,0.2708,0.1138,59da9a3da4dd22e205ff2f2fab1426f3ec18e477f19129bdddcba3d5dc48514c
AbandonedSchool/easy/P002/000374,AbandonedSchool,AbandonedSchool,easy,P002,374,32,train,2.6934,34496.0,0,0.9087,0.4268,0.1204,0.2779,6de4661307d903f8b5d2548d53d9c4a468e80bc3d3728d252ec9e98bdc6d7d0c
AbandonedSchool/easy/P002/001156,AbandonedSchool,AbandonedSchool,easy,P002,1156,32,train,2.3789,16.02,0,0.8916,0.3416,0.2966,0.2383,e1ad7c11eb9c1f7e79a5314d9a2ee9670dabc30887430c855b1aabc2805153fe
AbandonedSchool/easy/P003/000412,AbandonedSchool,AbandonedSchool,easy,P003,412,32,train,3.0566,8.36,0,0.9918,0.5555,0.4835,0.0754,02ffe6503263d032fe3a8d70dff6dcc461b3f8eab142518b7e85ccecb081e5c4
AbandonedSchool/easy/P003/001266,AbandonedSchool,AbandonedSchool,easy,P003,1266,32,train,4.1953,35648.0,0,0.9899,0.2342,0.2235,0.0983,57c3739c68100fcd03928beec47058029accb147de69c495a0d9197b136df251
AbandonedSchool/easy/P004/000282,AbandonedSchool,AbandonedSchool,easy,P004,282,32,train,4.1211,40288.0,0,0.9822,0.1061,0.0997,0.3484,164cc800647b45fa7a6f13729d9fc389e9056d6958455923b1174f91032a2c6d
AbandonedSchool/easy/P004/000876,AbandonedSchool,AbandonedSchool,easy,P004,876,32,train,2.9414,12.45,0,0.9849,0.3322,0.1324,0.0929,d9225a6810b4dc44b254b0e8a6164a669381d049c8cb5db9ccbce548822a3499
AbandonedSchool/easy/P005/000311,AbandonedSchool,AbandonedSchool,easy,P005,311,32,train,3.418,6.09,0,0.9842,0.443,0.2009,0.159,d088a2d7b2cf65a47ec58dbda3a927527d5a4a1ad2baf541662dab3b34258326
AbandonedSchool/easy/P005/000965,AbandonedSchool,AbandonedSchool,easy,P005,965,32,train,2.4805,34464.0,0,0.8953,0.2848,0.2098,0.3769,c3cc4eb10ebf88cc79534585b1f5ce1e6142135d48351837481ca99fd65af8ac
AbandonedSchool/easy/P006/000462,AbandonedSchool,AbandonedSchool,easy,P006,462,32,train,2.3164,26.09,0,0.9149,0.4572,0.0945,0.2715,2c76c6e8453b1d69b1b341ce1ca06d4b837d0c3e5b37fa272e9af6565c93ae31
AbandonedSchool/easy/P006/001417,AbandonedSchool,AbandonedSchool,easy,P006,1417,32,train,2.7773,13.11,0,0.9502,0.1176,0.0984,0.1494,fe53ad60ce000cb2b2409f7d5876bda0a93e84e5d0b9e62d3e7f9b0a4d4ca38f
AbandonedSchool/easy/P007/000426,AbandonedSchool,AbandonedSchool,easy,P007,426,32,train,2.4121,32176.0,0,0.9425,0.4158,0.3039,0.1886,31a57d994251df5ffd921f15d7a8f8adf1f9abb88892cc5ba30598b9d261688b
AbandonedSchool/easy/P007/001311,AbandonedSchool,AbandonedSchool,easy,P007,1311,32,train,3.708,22.97,0,0.9858,0.1855,0.1861,0.0955,b8d0e326cd6f9f770326a35b5094fc84917d0d97393e3b6f085c7ebf6686e227
AbandonedSchool/easy/P008/000258,AbandonedSchool,AbandonedSchool,easy,P008,258,32,train,3.1094,35.88,0,0.9627,0.4929,0.2654,0.1534,8e81ec283d5bd9e2894902f2d6da843b73966b3020b9aa3ea3b9addc3e835e84
AbandonedSchool/easy/P008/000807,AbandonedSchool,AbandonedSchool,easy,P008,807,32,train,3.958,66.69,0,0.9849,0.6515,0.1597,0.1214,3354e6f008daa5051090fc0c75a8b3aee6060f5b4572ba3cbe8755632aa84f06
AbandonedSchool/easy/P009/000193,AbandonedSchool,AbandonedSchool,easy,P009,193,32,train,2.8506,31.28,0,0.9624,0.2208,0.2213,0.1025,8f4255b2b3a84c10aa819f5ef97993bb0fee006e745450750f6034e202285c99
AbandonedSchool/easy/P009/000611,AbandonedSchool,AbandonedSchool,easy,P009,611,32,train,3.0391,27.88,0,0.9742,0.6143,0.1831,0.1496,fe8dac3f3bd6b62d7243519edbaa9e4157506bf1de04869104ddfca320034189
AbandonedSchool/hard/P000/000199,AbandonedSchool,AbandonedSchool,hard,P000,199,32,train,3.0273,36896.0,0,0.9135,0.5271,0.443,0.3005,9d582896515850c98852bc9b1f1ff5cb3feacdc1b8ec55f1098c3c4296b313ca
AbandonedSchool/hard/P000/000629,AbandonedSchool,AbandonedSchool,hard,P000,629,32,train,25.9141,40864.0,0,0.8822,0.5059,0.5827,0.1528,34da1e2c3821ffe4af4f84a50f7ac8f3c8e7feb70f5f41469ec8479a2ed9171f
AbandonedSchool/hard/P001/000184,AbandonedSchool,AbandonedSchool,hard,P001,184,32,train,2.5801,18.16,0,0.9241,0.2835,0.2764,0.2907,6f4dddaa1ffcc7f650f27807e72e5cdb76a4bbfa9e1c9d442c102f2062f81708
AbandonedSchool/hard/P001/000582,AbandonedSchool,AbandonedSchool,hard,P001,582,32,train,2.2305,29.95,0,0.9218,0.1418,0.2212,0.1565,09d3a31d7610a95b40e516f08ff14d5486b9b7f6db7d7d89690f9df1b9ee6d14
AbandonedSchool/hard/P002/000251,AbandonedSchool,AbandonedSchool,hard,P002,251,32,train,2.5273,22.8,0,0.8841,0.498,0.1343,0.2982,ebc273141270346a3b57a208529acf47d68e6e9a9deaee70d398f0cbfeed8592
AbandonedSchool/hard/P002/000786,AbandonedSchool,AbandonedSchool,hard,P002,786,32,train,1.832,31872.0,0,0.8622,0.3102,0.321,0.1833,b15848c22521fde12de6cde5d6a3e1c1bf3e342ca0148ead170aeb40fcc6043c
AbandonedSchool/hard/P003/000252,AbandonedSchool,AbandonedSchool,hard,P003,252,32,train,3.1328,69.31,0,0.8753,0.3979,0.3195,0.4269,338d6208d089c166daba10aa94d7ea242cc7ea1820f7a971537788149f6bcccc
AbandonedSchool/hard/P003/000787,AbandonedSchool,AbandonedSchool,hard,P003,787,32,train,5.1934,22.88,0,0.9206,0.5975,0.2257,0.3683,d08d28683e3df270669de20f6da5d46e43fda2deb4026c2f8a1805e80ef80328
AbandonedSchool/hard/P004/000198,AbandonedSchool,AbandonedSchool,hard,P004,198,32,train,1.1777,40032.0,0,0.949,0.1368,0.4415,0.1367,8cee7fdedceb25946e44fee2f6099b55587f0641c44d4453aedbe3ae09411a68
AbandonedSchool/hard/P004/000628,AbandonedSchool,AbandonedSchool,hard,P004,628,32,train,3.0742,47.06,0,0.9443,0.0938,0.099,0.1932,7ebf594178ecb97157c5afa27da8553f97fb9b70fa31ad40a82e50dfbce1640a
AbandonedSchool/hard/P005/000211,AbandonedSchool,AbandonedSchool,hard,P005,211,32,train,2.834,6.46,0,0.9658,0.1869,0.2512,0.1438,269340bf2c8c71617910fd7be22f21434245bc9735d0797f19d9cc7686818d18
AbandonedSchool/hard/P005/000664,AbandonedSchool,AbandonedSchool,hard,P005,664,32,train,3.0254,37824.0,0,0.8601,0.3587,0.3539,0.2352,7e338b92cbe6de3601ecc7697f79c5b66306043a52593876d7623b134a6274bc
AbandonedSchool/hard/P006/000302,AbandonedSchool,AbandonedSchool,hard,P006,302,32,train,2.002,13.41,0,0.882,0.4655,0.0823,0.2953,9a6356698344b78cc101511e862c38a1d7712f87eb94fd98a0fd83f28ebad65d
AbandonedSchool/hard/P006/000936,AbandonedSchool,AbandonedSchool,hard,P006,936,32,train,3.6426,70.62,0,0.968,0.1224,0.1254,0.1589,0b641c1341208da944c545f3f542be1f741545cb3b6a73d287255bb49f64fc9c
AbandonedSchool/hard/P007/000267,AbandonedSchool,AbandonedSchool,hard,P007,267,32,train,2.0996,8.91,0,0.9489,0.0524,0.1103,0.1794,e36e69fea44dadf27e60f268e40642514bafa4eba3bdee436c539001a9d50638
AbandonedSchool/hard/P007/000832,AbandonedSchool,AbandonedSchool,hard,P007,832,32,train,4.6758,38752.0,0,0.9283,0.1826,0.1087,0.3554,75d0b7c0adad1da87b03f3d421f3e71e414914936e7106d82c82db30d19dd37f
AbandonedSchool/hard/P008/000170,AbandonedSchool,AbandonedSchool,hard,P008,170,32,train,3.4844,77.56,0,0.9196,0.4755,0.2643,0.3065,211430225d8ff209308cc8ceef4157a5128aaf99946785f4061317b23360bcd1
AbandonedSchool/hard/P008/000542,AbandonedSchool,AbandonedSchool,hard,P008,542,32,train,3.7676,9.87,0,0.9458,0.6883,0.2006,0.1197,01fe52c962c21676d385630f8ec08e103461ecc84865bd82f4ec87f791c0d0de
AbandonedSchool/hard/P009/000107,AbandonedSchool,AbandonedSchool,hard,P009,107,32,train,2.0527,41.16,0,0.9343,0.3388,0.1818,0.2335,89f433507f17ead5e42c7181d00372549161afe4459c0211566cc82173f6afb5
AbandonedSchool/hard/P009/000354,AbandonedSchool,AbandonedSchool,hard,P009,354,32,train,3.4775,11.91,0,0.952,0.1989,0.2063,0.1255,ce7bc12e5e39d5e65609499c279b2718eedc08b13f55915d26858334f85a28cd
AmericanDiner/easy/P000/000055,AmericanDiner,AmericanDiner,easy,P000,55,32,train,2.2559,8.55,0,0.9384,0.3753,0.6411,0.2056,b79984f0fdc9663f384e6cc60ee9eecf068da58842390c837a21148007dd8940
AmericanDiner/easy/P000/000197,AmericanDiner,AmericanDiner,easy,P000,197,32,train,3.1816,7.98,0,0.9451,0.5106,0.6361,0.1388,533f776c87580a623d79333480a59fef92a89b389f1e9b0820d1c6b8acc9871e
AmericanDiner/easy/P002/000083,AmericanDiner,AmericanDiner,easy,P002,83,32,train,1.3857,11.43,0,0.9357,0.3187,0.4648,0.0815,deee072ddf7c955f0e1a2d40be2750a9324f27c9638477571e4cb3dd2a1de38d
AmericanDiner/easy/P002/000280,AmericanDiner,AmericanDiner,easy,P002,280,32,train,2.7676,5.24,0,0.9821,0.5017,0.4963,0.0714,d4a6ba475d3e6830bd3f1c287b7992e5ce9b1f7ce9382d9212b93a4a26055e08
AmericanDiner/easy/P003/000088,AmericanDiner,AmericanDiner,easy,P003,88,32,train,2.3535,5.32,0,0.9352,0.4681,0.4954,0.2129,fac3f1198aeabe3e3cff26f7696cab0e067fe2bc6f0a7e326c57931cfb65a7ee
AmericanDiner/easy/P003/000295,AmericanDiner,AmericanDiner,easy,P003,295,32,train,3.4512,10.41,0,0.9807,0.6734,0.5622,0.0839,37d550a994785ff7a4901cb052d9d1ccd08f89924b27568d2d8dd2435bc199aa
AmericanDiner/easy/P004/000080,AmericanDiner,AmericanDiner,easy,P004,80,32,train,2.5762,4.18,0,0.9634,0.6148,0.7101,0.0925,e51c362753ed662f7815eadf71f41dae30108bffed12b5487cd62a18f795ef61
AmericanDiner/easy/P004/000271,AmericanDiner,AmericanDiner,easy,P004,271,32,train,3.0332,6.14,0,0.9824,0.5408,0.6968,0.0933,c3eaf33f104fd01022a29945d97769455786ce468f81460d49bc4f84edc6c020
AmericanDiner/easy/P005/000070,AmericanDiner,AmericanDiner,easy,P005,70,32,train,2.9912,10.9,0,0.9492,0.5918,0.5986,0.1067,609268bb07730df52225119f43df4551b11d3ccbee71fd2fbbd24cd28ece58ba
AmericanDiner/easy/P005/000240,AmericanDiner,AmericanDiner,easy,P005,240,32,train,2.668,10.76,0,0.9922,0.4782,0.5465,0.0947,be9570dedc7e44bd41c877936b48cca03cf3c82b6f3865c0fba4f9d3758e59b1
AmericanDiner/hard/P000/000034,AmericanDiner,AmericanDiner,hard,P000,34,32,train,2.5391,11.42,0,0.9405,0.5281,0.6937,0.2506,78f580fd8c7228c60349ccc0d1dd24256c626835d41119ea6d4aa9ee044d30e6
AmericanDiner/hard/P000/000135,AmericanDiner,AmericanDiner,hard,P000,135,32,train,1.6543,3.78,0,0.8533,0.4749,0.5515,0.2535,40b23a11243b1c791f03cde086286df09cebb5b1d2455244d7928bab138f75f1
AmericanDiner/hard/P002/000038,AmericanDiner,AmericanDiner,hard,P002,38,32,train,1.9229,9.03,0,0.8464,0.4023,0.5081,0.3141,2ccd2ed1cc206101177b2a17a30c265ea8917872c8b3af51089ca82eb73435b3
AmericanDiner/hard/P002/000144,AmericanDiner,AmericanDiner,hard,P002,144,32,train,1.7002,6.34,0,0.9152,0.4227,0.8089,0.2081,432af994eaa0082e183c8a09942d39ed900e1e58c815245353312ccf4edf6ee3
AmericanDiner/hard/P003/000056,AmericanDiner,AmericanDiner,hard,P003,56,32,train,3.0039,13.36,0,0.9429,0.5392,0.6867,0.1573,120bba58eb0f65e6173537ce18fd6e5ad74f819b5b892f5a10a3e64e3c3b4a8f
AmericanDiner/hard/P003/000198,AmericanDiner,AmericanDiner,hard,P003,198,32,train,3.5449,7.86,0,0.9399,0.6115,0.5088,0.1927,0dc4d09331a5ce5547a52fd495db5013a73a134cb8755796ac31eed5d5922619
AmericanDiner/hard/P004/000034,AmericanDiner,AmericanDiner,hard,P004,34,32,train,2.2988,6.59,0,0.9099,0.4492,0.7537,0.1791,1622f5397df557d9afa381b3737563d1eab3e890e02694dd74ff3a1886ab2d70
AmericanDiner/hard/P004/000134,AmericanDiner,AmericanDiner,hard,P004,134,32,train,2.2764,7.56,0,0.9183,0.4824,0.7704,0.2439,2dde6bd436988078d55f9aed8ac1731c5867a725be6a1d43c2b4b3f164eb71b6
AmericanDiner/hard/P005/000031,AmericanDiner,AmericanDiner,hard,P005,31,32,train,2.5273,11.63,0,0.9303,0.5553,0.6133,0.2203,3db8ca7bc93291cfa0be1fd7b2f7fefbbe9b505a8e977491753f3eef2544be99
AmericanDiner/hard/P005/000124,AmericanDiner,AmericanDiner,hard,P005,124,32,train,2.0918,9.45,0,0.8557,0.3422,0.3957,0.2269,74ee6bbc7af0de916e104f3050972e744ec60cd36b4d9047b80fd11f30474a8a
AmusementPark/easy/P000/000372,AmusementPark,AmusementPark,easy,P000,372,32,train,6.7461,342.0,0,0.9731,0.7565,0.5714,0.2756,e3a4df518b4a218907a3ad39dcf83a09c67e245428792e9ab60203de4360139a
AmusementPark/easy/P000/001150,AmusementPark,AmusementPark,easy,P000,1150,32,train,59.5,449.0,0,0.9375,0.8464,0.7035,0.0693,f96111ffa341b1ce8d2f55d056090785e5f1a56eb2c3c419ecc3aecc1703991d
AmusementPark/easy/P001/000236,AmusementPark,AmusementPark,easy,P001,236,32,train,17.5859,400.75,0,0.8899,0.8243,0.6762,0.3646,c4e91c3354992d15c6f4541ea80aeb627b7f58993ad17c740e677b77163d918d
AmusementPark/easy/P001/000741,AmusementPark,AmusementPark,easy,P001,741,32,train,14.3125,414.75,0,0.8921,0.6795,0.7068,0.1707,679cb712ec7ae9e1294192d7f152ee35dac1e763312db797f0da040f31464bf9
AmusementPark/easy/P002/000253,AmusementPark,AmusementPark,easy,P002,253,32,train,9.4766,357.0,0,0.97,0.8718,0.552,0.2336,702ef3945fa22ed9be9ff33f9986f5516d7a9b88bbafef98311ecd0f973d9e21
AmusementPark/easy/P002/000790,AmusementPark,AmusementPark,easy,P002,790,32,train,10.4219,396.5,0,0.9001,0.9287,0.5336,0.074,21e2d5592b994231f3b9db5d91bd1729d754fe498e97d48a052408dab661538f
AmusementPark/easy/P003/000372,AmusementPark,AmusementPark,easy,P003,372,32,train,34.7656,435.75,0,0.9308,0.8297,0.6893,0.1149,0323b5df13c4e9a1e587b1d48f06617e1cbe38264c2b099670fa3167e31f0699
AmusementPark/easy/P003/001146,AmusementPark,AmusementPark,easy,P003,1146,32,train,15.2344,423.75,0,0.8688,0.848,0.6714,0.2198,694fa3a585f624fac0733b8a2e7111ff3b8e896d9576e8dd987f07f0c79763c8
AmusementPark/easy/P004/000181,AmusementPark,AmusementPark,easy,P004,181,32,train,32.5312,395.5,0,0.8836,0.8597,0.5879,0.3503,0ad77f27f77b369cfcaded62994e523b2788b8b84dcbc834b24f6f5b80a4aa85
AmusementPark/easy/P004/000574,AmusementPark,AmusementPark,easy,P004,574,32,train,21.6562,394.5,0,0.867,0.9305,0.5858,0.2323,8b8ef42b90b63216571b0a7f63538bc2c8076aa21b08c98aa8e3d4a2fe65416c
AmusementPark/easy/P005/000202,AmusementPark,AmusementPark,easy,P005,202,32,train,23.2109,412.75,0,0.8728,0.8609,0.6586,0.3248,d3c951fc0f38ec382b014e1ca9ae9fcb05029b0891274ffe5772f3a15bf5bda5
AmusementPark/easy/P005/000636,AmusementPark,AmusementPark,easy,P005,636,32,train,52.25,437.0,0,0.9064,0.8039,0.6729,0.1086,dc6e2f7446cdd78ee868a066987157e2b6c84ce78c5a58b60522905b7eacee74
AmusementPark/easy/P006/000245,AmusementPark,AmusementPark,easy,P006,245,32,train,43.2188,407.25,0,0.9008,0.7788,0.714,0.298,3a66bcb051516de526f28d3f50b844ad2af4595d0f015d410df1f5c4bf245334
AmusementPark/easy/P006/000768,AmusementPark,AmusementPark,easy,P006,768,32,train,32.5469,448.5,0,0.8464,0.8792,0.6395,0.3709,685866876f9ee8ae3f5b4f7846da8b67d3e8288794bd02f69c64ac7da8dc6b4b
AmusementPark/easy/P007/000264,AmusementPark,AmusementPark,easy,P007,264,32,train,9.4688,391.25,0,0.8267,0.9562,0.5385,0.446,e3efe5bd46622f1e4ec4a98dca2e328312f2eadbb0771130c8d5f122be8b9f7d
AmusementPark/easy/P007/000825,AmusementPark,AmusementPark,easy,P007,825,32,train,20.2891,415.25,0,0.8572,0.8858,0.6065,0.2814,f55cbbe0d33f5087423dba0995f8858e8320d03adcc1c7eaf1bdda500d963b6c
AmusementPark/hard/P000/000220,AmusementPark,AmusementPark,hard,P000,220,32,train,51.75,421.0,0,0.881,0.6836,0.7756,0.3224,191ea23bf9165b54e63e01282a402f19e305cccc736e359beecefcf1b9be8555
AmusementPark/hard/P000/000693,AmusementPark,AmusementPark,hard,P000,693,32,train,34.7812,392.25,0,0.86,0.7199,0.6628,0.1701,6f833a65852da81c5f2914c90517a51768fe28b0ecb2c99118de940f24f4cc6f
AmusementPark/hard/P001/000170,AmusementPark,AmusementPark,hard,P001,170,32,train,6.6094,397.5,0,0.8779,0.9103,0.6605,0.1354,b28930f7f9fe6e9347de96367e00aefe1956fab5b0771deda7464cf1d1350161
AmusementPark/hard/P001/000542,AmusementPark,AmusementPark,hard,P001,542,32,train,8.6211,414.75,0,0.8979,0.7734,0.6023,0.1502,19f85b976853b24be02b659551e34806cc1f77e75197b066baceb0456d38df9c
AmusementPark/hard/P002/000139,AmusementPark,AmusementPark,hard,P002,139,32,train,320.0,421.25,0,0.8972,0.5156,0.8876,0.4889,98a73005c6a924789537e6a39c8ee2d8dba793f69e34089bb8128a633a8161f8
AmusementPark/hard/P002/000448,AmusementPark,AmusementPark,hard,P002,448,32,train,32.1562,416.25,0,0.8543,0.7794,0.7599,0.5625,a87d492985a2363ff28c663cfd3c6efe50ece4102b78e11178638b969e3be1b7
AmusementPark/hard/P003/000241,AmusementPark,AmusementPark,hard,P003,241,32,train,4.1875,330.75,0,0.9142,0.7415,0.4927,0.2297,12d4593df63b4cb7ce43c3145c83e5ba36231c184f5859944a327bb31cb202ea
AmusementPark/hard/P003/000754,AmusementPark,AmusementPark,hard,P003,754,32,train,7.1133,387.75,0,0.8469,0.8948,0.5117,0.3619,14dfc37eb02ae083f6bc34a98feac74e47f660a405b7746b5813188bd6a0ae16
AmusementPark/hard/P004/000104,AmusementPark,AmusementPark,hard,P004,104,32,train,28.8125,396.0,0,0.8692,0.7767,0.7246,0.2214,d50fad0a3e18d6b93dc23277f6a8a3c27ff3277d18ccdc89273873a05f107b6a
AmusementPark/hard/P004/000344,AmusementPark,AmusementPark,hard,P004,344,32,train,51.2188,427.5,0,0.883,0.7199,0.7633,0.2715,6ad95c35c9efa46ce2d641e61255b70b7eea0f50ad789f16388c72926c7ce6b7
AmusementPark/hard/P005/000141,AmusementPark,AmusementPark,hard,P005,141,32,train,306.5,406.75,0,0.9212,0.5919,0.8539,0.1611,44a4df64f09a2b049bbdfc47bbfbb3f16871ce3f77100a60a81e8d484cdd4b71
AmusementPark/hard/P005/000454,AmusementPark,AmusementPark,hard,P005,454,32,train,289.75,420.5,0,0.8935,0.5935,0.8274,0.3444,0dd22c54512ae8fc435d9d0575480a73d47f05edb0668775ddb7592e89b188e1
AmusementPark/hard/P006/000144,AmusementPark,AmusementPark,hard,P006,144,32,train,10.1484,386.0,0,0.9163,0.8221,0.5675,0.2741,da0f54ed6c7b38133241eb630ec68fdcc83929f29a5e50b712701abd6324f538
AmusementPark/hard/P006/000465,AmusementPark,AmusementPark,hard,P006,465,32,train,19.6562,391.75,0,0.8447,0.7466,0.6227,0.5515,0fb629954fc0566e63300fc33b1917d1023959f2119ce42a4542f7169df51a6f
AmusementPark/hard/P007/000147,AmusementPark,AmusementPark,hard,P007,147,32,train,327.0,433.75,0,0.9004,0.5975,0.815,0.2308,94e6e4b268212590ca460a4b262c689da420a3e7ffbb0e8cb12d98530d4147ef
AmusementPark/hard/P007/000474,AmusementPark,AmusementPark,hard,P007,474,32,train,45.9375,417.5,0,0.8156,0.8027,0.7175,0.4299,c729429533c36d9d2bd1020e39234948a7dc71b8f264085da548d0a04ebf6c3e
AncientTowns/easy/P000/000260,AncientTowns,AncientTowns,easy,P000,260,32,train,3.0566,14448.0,0,0.8777,0.325,0.2792,0.3817,f0b284b35e690685dba65e0765c58cbaab1131d626e28e9a3f0fe342e3374e6f
AncientTowns/easy/P000/000813,AncientTowns,AncientTowns,easy,P000,813,32,train,8.3125,16144.0,0,0.9836,0.5614,0.4994,0.166,1a4da2e58a9228e340901e758dce76c1afbdffe487f01b9f544c52c50dd454fb
AncientTowns/easy/P001/000282,AncientTowns,AncientTowns,easy,P001,282,32,train,5.9336,12928.0,0,0.9736,0.3492,0.2504,0.2644,a547f97d2d56e6598c939efbf0d6ed1ccb0a049fb6bcfff7207d7456b3d5fd45
AncientTowns/easy/P001/000877,AncientTowns,AncientTowns,easy,P001,877,32,train,7.1504,15216.0,0,0.9705,0.6166,0.5544,0.2137,eb4e2ff9060dd7e9ccac3f85ae3dbd947dc3327f8049600ecbcf92e04694069c
AncientTowns/easy/P002/000252,AncientTowns,AncientTowns,easy,P002,252,32,train,5.5312,16304.0,0,0.9734,0.335,0.361,0.2773,f1a8fc76b326e6e6c9d9ddd42ad649cadf8ef938edfa921a2686e32d316ad9df
AncientTowns/easy/P002/000789,AncientTowns,AncientTowns,easy,P002,789,32,train,7.1367,14976.0,0,0.9466,0.4723,0.4381,0.4383,ababd437e49081c48771b8fbe72c591b0d0a8a2ffc12e310df53b3b321b67797
AncientTowns/easy/P003/000141,AncientTowns,AncientTowns,easy,P003,141,32,train,3.3516,16208.0,0,0.9766,0.4219,0.2866,0.1009,82fe651c52f9077aed9320094ffc344ceb020329ba9dd98e610c42d7531bd458
AncientTowns/easy/P003/000454,AncientTowns,AncientTowns,easy,P003,454,32,train,2.541,16216.0,0,0.9118,0.4606,0.2906,0.3226,f5a4418dca21c9c672673435b25c848b8a03a60ed5a90af9cdf4787e00735651
AncientTowns/easy/P004/000208,AncientTowns,AncientTowns,easy,P004,208,32,train,7.0703,14088.0,0,0.9849,0.509,0.4811,0.202,89b6350c637147bfe871dd50c796c0bc8802401e8547a8762a1b7638be34ae40
AncientTowns/easy/P004/000658,AncientTowns,AncientTowns,easy,P004,658,32,train,6.1133,15824.0,0,0.9766,0.4798,0.6218,0.2979,6eea62ef6938118ec0f5e8d204d94c286b9e998eb036cbc7d3b697bbd9c78979
AncientTowns/easy/P005/000214,AncientTowns,AncientTowns,easy,P005,214,32,train,9.8047,16376.0,0,0.9858,0.409,0.5337,0.2772,c4aa6a9d7d78b0712ddb12eb5291961c110009fef05fed52d20f21c14fbdfc09
AncientTowns/easy/P005/000673,AncientTowns,AncientTowns,easy,P005,673,32,train,2.1914,15240.0,0,0.9346,0.3199,0.2924,0.1548,af79190e6422d90b999f6ab0bf2853bcaaac6382a1d01260bf8edfeb858e01d1
AncientTowns/easy/P006/000093,AncientTowns,AncientTowns,easy,P006,93,32,train,2.584,16264.0,0,0.9157,0.5011,0.3618,0.4135,785dc2a5e58e5c79964b21fcc26db324555496ac54370b32c4b4c86f28b585ce
AncientTowns/easy/P006/000311,AncientTowns,AncientTowns,easy,P006,311,32,train,4.9414,15456.0,0,0.9851,0.4523,0.4343,0.0943,75283920eafd7a21c206311bb1f04a632656aa0352c9ebe51cd43bfcecb9a354
AncientTowns/hard/P000/000136,AncientTowns,AncientTowns,hard,P000,136,32,train,9.1484,16328.0,0,0.8843,0.507,0.5903,0.3919,6789dd146203e2b221428791e530b4503809a056e183ea875fc5bfc32c3c0abd
AncientTowns/hard/P000/000441,AncientTowns,AncientTowns,hard,P000,441,32,train,4.5684,15792.0,0,0.8983,0.4502,0.4192,0.7713,89af0562c16061e7f8e1d2137517d3f0a412e09a93498a8d55262a4d1a0bfd54
AncientTowns/hard/P001/000171,AncientTowns,AncientTowns,hard,P001,171,32,train,1.7422,14744.0,0,0.9542,0.0546,0.2482,0.1743,9e62073c8a78846fcf6b4e1dcb17c4ddaf85fe6b4bbaae92944d1ab02c83571e
AncientTowns/hard/P001/000544,AncientTowns,AncientTowns,hard,P001,544,32,train,6.0469,16344.0,0,0.8932,0.4454,0.4532,0.467,ce4e0c415b48de9ed23a5dfd261fdc97387f50e425e9cd40a8fde5faa244984c
AncientTowns/hard/P002/000129,AncientTowns,AncientTowns,hard,P002,129,32,train,10.4062,16360.0,0,0.9607,0.3252,0.6115,0.5123,57cae8719ad6f19d5be85926a9dcf31efab36001081ba478843fc6cf8df601df
AncientTowns/hard/P002/000420,AncientTowns,AncientTowns,hard,P002,420,32,train,6.1758,16336.0,0,0.9169,0.2882,0.5307,0.61,154ab83697570b571fa262ef17ebd33b738df0ac696d282568ebcaf8761540a6
AncientTowns/hard/P003/000086,AncientTowns,AncientTowns,hard,P003,86,32,train,3.2949,12768.0,0,0.9217,0.5261,0.4206,0.3122,325f43afd666d12ecceee486eed2fd4f58bd44150f042833eb00692281087fa8
AncientTowns/hard/P003/000291,AncientTowns,AncientTowns,hard,P003,291,32,train,3.4395,16368.0,0,0.8657,0.3551,0.2958,0.3595,a16f93af2acd4b1b84d6da928cf3e7b8073b8cc89b188b1abb2eb3e01d415fe9
AncientTowns/hard/P004/000120,AncientTowns,AncientTowns,hard,P004,120,32,train,11960.0,16352.0,0,0.896,0.2805,0.7032,0.6925,b314685e0e94d4b6d8739f54ca673eb16294b42d1844e4682178843b8a3a49b4
AncientTowns/hard/P004/000392,AncientTowns,AncientTowns,hard,P004,392,32,train,6.3633,16248.0,0,0.9348,0.4867,0.3413,0.353,1555f71c2aad71c6e0ef663005f9502f8b9668600f18f379f05d05e4374ff084
AncientTowns/hard/P005/000145,AncientTowns,AncientTowns,hard,P005,145,32,train,12968.0,16384.0,0,0.9423,0.2598,0.7808,0.2271,b390fa8503eb6f724673106f7b6262d8abf2296b59a097b332079c1636b8b104
AncientTowns/hard/P005/000466,AncientTowns,AncientTowns,hard,P005,466,32,train,7.1484,16368.0,0,0.9126,0.3099,0.4946,0.2182,7b112606b264eff433a2f047e21a34fe599f7978cfa0ac2b510a52f070a2292d
AncientTowns/hard/P006/000061,AncientTowns,AncientTowns,hard,P006,61,32,train,1.6562,11.16,0,0.8887,0.2802,0.0712,0.198,d6cf59b35f60583264cb0cbc7af8c2f876e9b271f20fcac75136e4a76907cc39
AncientTowns/hard/P006/000214,AncientTowns,AncientTowns,hard,P006,214,32,train,4.2148,12320.0,0,0.9451,0.3806,0.4958,0.4344,3384af08b8e8364360863b0334f565cb356df8353f74e5d1ca884439324ec6b3
Antiquity3D/easy/P000/000357,Antiquity3D,Antiquity3D,easy,P000,357,32,train,12656.0,16352.0,0,0.9666,0.2882,0.4888,0.2238,321122b9f3db04d908c8bfe1b9388ef7f39f8a671ee57efe381e66af4c92f47d
Antiquity3D/easy/P000/001103,Antiquity3D,Antiquity3D,easy,P000,1103,32,train,7.8945,16304.0,0,0.9489,0.4101,0.3242,0.2802,3b53cd7be360eb5bbf17637515ec71e3971ca82f32724234051ba0039edf2973
Antiquity3D/easy/P001/000526,Antiquity3D,Antiquity3D,easy,P001,526,32,train,3.4629,14376.0,0,0.962,0.3151,0.1767,0.1088,a6ea29867268340c23edcc7c88f551a7723eb050a47d0013180467b34d01b83b
Antiquity3D/easy/P001/001608,Antiquity3D,Antiquity3D,easy,P001,1608,32,train,8.4414,16344.0,0,0.9898,0.158,0.4206,0.073,bf8baef36673b39aab7e92176a0744bb12e61a825bf124d0baae8dc3ff6068cb
Antiquity3D/easy/P002/000196,Antiquity3D,Antiquity3D,easy,P002,196,32,train,18.25,16384.0,0,0.9858,0.4701,0.4704,0.1575,71719fde62f142e9cfaf2e33332da8a0edebf9758da9dd27ddde374a405a6019
Antiquity3D/easy/P002/000621,Antiquity3D,Antiquity3D,easy,P002,621,32,train,1.5312,15720.0,0,0.9832,0.1539,0.1709,0.1256,70f13d47e91a49a9c74366e912f247d774c44331525e3663942b201158395088
Antiquity3D/easy/P003/000266,Antiquity3D,Antiquity3D,easy,P003,266,32,train,11.0859,15584.0,0,0.9899,0.5788,0.4545,0.1699,addcd3df645aad1300629efdf7f143764e14475152000080a5d684dfd228708f
Antiquity3D/easy/P003/000830,Antiquity3D,Antiquity3D,easy,P003,830,32,train,13408.0,16384.0,0,0.982,0.2268,0.6225,0.2205,5ed67871b23ee92246da892d53f607c68ca9c939e5412ccd3c6f3a7f85fb9398
Antiquity3D/easy/P004/000340,Antiquity3D,Antiquity3D,easy,P004,340,32,train,12040.0,16368.0,0,0.9681,0.3574,0.4673,0.2081,ec4fcf25f173a8c76e1994c1f8d7facd243e0ff9ee451d216cb26aefefde6c61
Antiquity3D/easy/P004/001052,Antiquity3D,Antiquity3D,easy,P004,1052,32,train,4.6172,13008.0,0,0.9929,0.2854,0.1137,0.1014,db49a891c6b29cffaeee2318e1fa72d81acaa377370e463959b9b182240d4228
Antiquity3D/easy/P005/000474,Antiquity3D,Antiquity3D,easy,P005,474,32,train,12784.0,16360.0,0,0.9918,0.3527,0.4961,0.1039,96a355fae63231a5897e489aa111067a237ba6c25fc3dd7f819df7ca865d4905
Antiquity3D/easy/P005/001453,Antiquity3D,Antiquity3D,easy,P005,1453,32,train,12384.0,16352.0,0,0.9219,0.1794,0.4408,0.2422,c5a8fa863d179082b0391387dab0b8d17cfd9db913af0910f5e9a8112d9a7f92
Antiquity3D/easy/P006/000326,Antiquity3D,Antiquity3D,easy,P006,326,32,train,5.5703,16376.0,0,0.8906,0.4141,0.0133,0.3228,ada273b36c0f57d87c0892c0312901588f8fef0bfce221dfdad723fc8fb9039b
Antiquity3D/easy/P006/001011,Antiquity3D,Antiquity3D,easy,P006,1011,32,train,4.6484,16368.0,0,0.9817,0.2074,0.0146,0.1442,621cbd412d0e342545c5ce83be3951aa58fa26f74d9e34f779fd6489e6557103
Antiquity3D/easy/P007/000467,Antiquity3D,Antiquity3D,easy,P007,467,32,train,13.7617,16328.0,0,0.9806,0.0708,0.026,0.3013,90ae904e9dc69619503fd62d5b285611515bca3f38ff082c2bc1015dbf9e4a8b
Antiquity3D/easy/P007/001434,Antiquity3D,Antiquity3D,easy,P007,1434,32,train,2.3613,15864.0,0,0.9476,0.1797,0.004,0.2407,de9331ba30d4b297e64a732d74505cc9cbc8665805a7566fce493323a13e2096
Antiquity3D/easy/P008/000222,Antiquity3D,Antiquity3D,easy,P008,222,32,train,8.5078,16336.0,0,0.9492,0.5167,0.0113,0.3021,75569e1145d342a16db25c491037e5fc33141b3ee0ae81bf3c28e408e197e2fe
Antiquity3D/easy/P008/000698,Antiquity3D,Antiquity3D,easy,P008,698,32,train,3.4473,14608.0,0,0.9693,0.2488,0.0089,0.1917,30f554afc633698166a24840b524e74597b333775425975715cd741eb671e28b
Antiquity3D/easy/P009/000344,Antiquity3D,Antiquity3D,easy,P009,344,32,train,4.7266,16216.0,0,0.9497,0.2341,0.0095,0.173,766bbf3726551f3a47825e63958ff543f2a264a043818b38ee0b68d7ae9c2abc
Antiquity3D/easy/P009/001063,Antiquity3D,Antiquity3D,easy,P009,1063,32,train,10.4844,16344.0,0,0.9307,0.2857,0.0187,0.3056,15876b9444560a656e63db50d918c3f5ca82173757841818af46db4b1669e949
Antiquity3D/hard/P000/000191,Antiquity3D,Antiquity3D,hard,P000,191,32,train,12792.0,16368.0,0,0.9588,0.2568,0.5069,0.4014,7730ff46dd6f2667801c996d984dd1cd4984363622901a40adc5f342b264eb32
Antiquity3D/hard/P000/000605,Antiquity3D,Antiquity3D,hard,P000,605,32,train,13008.0,16384.0,0,0.7969,0.2064,0.4719,0.4573,d985aa8d28863a07c89471c65ca9918aa647cacf50d7436dd6b80ea67875f99d
Antiquity3D/hard/P001/000314,Antiquity3D,Antiquity3D,hard,P001,314,32,train,12832.0,16352.0,0,0.9573,0.2998,0.5307,0.1568,f7a06496e3fd1ea81007980bbce1becb0f6b460ad53ab769e98db568fd38aec5
Antiquity3D/hard/P001/000973,Antiquity3D,Antiquity3D,hard,P001,973,32,train,11.2812,16328.0,0,0.9279,0.1784,0.4024,0.1756,d61aa3c5c9c026cc0c998fdfd8ac332d633898c06d3f1ea21093436b7381d962
Antiquity3D/hard/P002/000106,Antiquity3D,Antiquity3D,hard,P002,106,32,train,3.1406,15592.0,0,0.8702,0.4508,0.2066,0.3829,54489faf4a573ceb8ea390e9229482c38b9e9d8fcafc4901be248390b96e9e42
Antiquity3D/hard/P002/000350,Antiquity3D,Antiquity3D,hard,P002,350,32,train,4.8828,16376.0,0,0.8875,0.3046,0.3153,0.1954,ba132f74b1172c7e0bafa562f21bd7d4edb763d8e024eebf02bddc016dd4e767
Antiquity3D/hard/P003/000149,Antiquity3D,Antiquity3D,hard,P003,149,32,train,13.6992,16336.0,0,0.9382,0.4951,0.4465,0.3023,50cb34e778f3434f612a85f3978527c1a8c5f792b681f4a5e94af05d97de8e52
Antiquity3D/hard/P003/000480,Antiquity3D,Antiquity3D,hard,P003,480,32,train,10.6289,15912.0,0,0.9378,0.574,0.3405,0.2053,7426a652170741c8693d21423b55cd508c8d95f81f77662adddc8b89d032442b
Antiquity3D/hard/P004/000186,Antiquity3D,Antiquity3D,hard,P004,186,32,train,4.8047,15784.0,0,0.9074,0.3133,0.3383,0.5604,9f906fe3d13da76f989f113ee7406595020ac704b4000cb59a2e4ac038f79dfb
Antiquity3D/hard/P004/000592,Antiquity3D,Antiquity3D,hard,P004,592,32,train,2.582,16352.0,0,0.9343,0.1168,0.1171,0.184,801376db9786561f409d6f4d7e1fc715bc499ff07e8557ef6d71dd0c2ffcb687
Antiquity3D/hard/P005/000281,Antiquity3D,Antiquity3D,hard,P005,281,32,train,3.7871,15344.0,0,0.8543,0.462,0.2655,0.413,7eea232317b25ad076ae3a7b798fe4e0942988b2432ce9bd9180a8d54f4bd0c0
Antiquity3D/hard/P005/000875,Antiquity3D,Antiquity3D,hard,P005,875,32,train,21.9297,16344.0,0,0.933,0.3327,0.4403,0.3038,5fd7aa4718472ce9d97f275c09e860e8984eef5ce68e046fa3db3ee376b310ba
Antiquity3D/hard/P006/000181,Antiquity3D,Antiquity3D,hard,P006,181,32,train,8.4531,16352.0,0,0.8475,0.2694,0.007,0.4019,b1a4cc72ff1d4cd4405e991a6fe3b92ab947a400f9281e44749cdc8f459fe490
Antiquity3D/hard/P006/000575,Antiquity3D,Antiquity3D,hard,P006,575,32,train,11960.0,16344.0,0,0.9599,0.1469,0.0096,0.2637,f22d04238e05f998117ab431177dd536eff9f07deaa0ab09512c01bfefa0e3e0
Antiquity3D/hard/P007/000284,Antiquity3D,Antiquity3D,hard,P007,284,32,train,13456.0,16352.0,0,0.9727,0.1206,0.0097,0.1783,8d5d43d1d83ab514f43d10613d6b0ee13116381a8ebeb79fa7d12ae7b2f61430
Antiquity3D/hard/P007/000882,Antiquity3D,Antiquity3D,hard,P007,882,32,train,3.5654,15784.0,0,0.9417,0.3274,0.0159,0.4336,feff6cd03fe5da890b841248e4c1e74a8c514bf88dbbbc26d2e9144edef94399
Antiquity3D/hard/P008/000122,Antiquity3D,Antiquity3D,hard,P008,122,32,train,11984.0,16368.0,0,0.8746,0.2603,0.008,0.3508,aa95e4c6a218ebd9d830a8da6d8a2f25769b04620ec4ac5b5746c1d813f9c661
Antiquity3D/hard/P008/000396,Antiquity3D,Antiquity3D,hard,P008,396,32,train,2.0615,6.13,0,0.9127,0.1764,0.0071,0.2537,5898d82194bc8ed48da71298ae46b5331439585d0bac5e9ac23e99da4d87b79c
Antiquity3D/hard/P009/000224,Antiquity3D,Antiquity3D,hard,P009,224,32,train,15.1953,16360.0,0,0.841,0.338,0.0133,0.3328,dc5419b33df6a9cd35de29509075bc107069148a5cf91e2d171eeaf00cbf42b6
Antiquity3D/hard/P009/000704,Antiquity3D,Antiquity3D,hard,P009,704,32,train,3.3447,16344.0,0,0.8697,0.3028,0.0152,0.4937,d630cf0a0bf16a2a48cfd924803137536d30b22a47df5ee5ff32b3329758a700
Apocalyptic/easy/P000/000343,Apocalyptic,Apocalyptic,easy,P000,343,32,train,20.4766,16328.0,0,0.9636,0.7109,0.6501,0.1839,163b375ea5f99e72bb30aecb275e97f61410be1a0c157a851d2d5a239cd5f852
Apocalyptic/easy/P000/001061,Apocalyptic,Apocalyptic,easy,P000,1061,32,train,3.0059,68.38,0,0.9128,0.214,0.0399,0.2755,466ea8782f99a23bfa210a1fdc9c6c39af3aac7ce7c500923d0adfdca3bd1750
Apocalyptic/easy/P001/000189,Apocalyptic,Apocalyptic,easy,P001,189,32,train,5.0,55.97,0,0.9243,0.4908,0.3293,0.3002,cca7ef591e8674e6431ced217bba51cf8e844c790c8a080f4a829514c2a3c515
Apocalyptic/easy/P001/000600,Apocalyptic,Apocalyptic,easy,P001,600,32,train,1.3984,81.25,0,0.9353,0.3848,0.3227,0.0933,5bf9fec39d3e5c53e7c4b7d12db72ec8bb51982dd4d93767d1513dd27369b40b
Apocalyptic/easy/P002/000256,Apocalyptic,Apocalyptic,easy,P002,256,32,train,9.4141,15736.0,0,0.9592,0.6466,0.3111,0.1201,62b9f1b425e447f3b341c0387029513d0edfeb51d86ca08f95facaad0cfa0278
Apocalyptic/easy/P002/000798,Apocalyptic,Apocalyptic,easy,P002,798,32,train,8.4844,162.62,0,0.9807,0.3048,0.3645,0.1165,5d8941e88a63b2bb15d1a08c1b15ed9dcb4d821ad853d0a762a494bebb72fdbf
Apocalyptic/easy/P003/000202,Apocalyptic,Apocalyptic,easy,P003,202,32,train,21.1562,14952.0,0,0.9776,0.7643,0.5043,0.0817,11bf205aa04662c4ff87d51f4fe9d246c16bbe61538f7349d4e5062ad8307acc
Apocalyptic/easy/P003/000637,Apocalyptic,Apocalyptic,easy,P003,637,32,train,14.2266,13712.0,0,0.9824,0.6736,0.4806,0.1327,89e7d7afdc08de9d169580b64c1e80ad9b244570ca1a98291d7f22158dfb43fa
Apocalyptic/easy/P004/000265,Apocalyptic,Apocalyptic,easy,P004,265,32,train,3.5645,14736.0,0,0.9001,0.4282,0.3969,0.2627,be043cd0d20e4fe539ef70f6aaa8201dd346cf095fd2dbefa816890e4ab379ff
Apocalyptic/easy/P004/000826,Apocalyptic,Apocalyptic,easy,P004,826,32,train,15.1484,16448.0,0,0.9753,0.7405,0.5409,0.0817,9bb8a2035eeb090c5b0d7eb473bad032e2ba91dfa4e628cf89a8d4b690df57a4
Apocalyptic/hard/P000/000211,Apocalyptic,Apocalyptic,hard,P000,211,32,train,10.6641,69.19,0,0.9277,0.6169,0.3395,0.3159,fa0b18ef0a7f77fa9e917efed6cf475e273d86be6e2a9da574d8bddcaa7a3787
Apocalyptic/hard/P000/000665,Apocalyptic,Apocalyptic,hard,P000,665,32,train,3.4805,14496.0,0,0.9409,0.2948,0.0371,0.2034,e78c95f388ba50d720681413b56d66b3a9a158652593c7fc5fb1c56347fa8bf1
Apocalyptic/hard/P001/000092,Apocalyptic,Apocalyptic,hard,P001,92,32,train,25.3125,16544.0,0,0.9117,0.7293,0.719,0.2537,5abd218fb7d9640ca52ed015b036e30445031c851ca71b5eb0ce6665b68e8389
Apocalyptic/hard/P001/000308,Apocalyptic,Apocalyptic,hard,P001,308,32,train,4.0312,15216.0,0,0.9146,0.4535,0.4114,0.1707,89e3dc464b0c5df5eb69f96ef7c55303f42f63b5019a93d551d1300509bb7e9c
Apocalyptic/hard/P002/000163,Apocalyptic,Apocalyptic,hard,P002,163,32,train,17.8281,16480.0,0,0.8681,0.6828,0.5163,0.2793,b8200bad9651167fd4e5264c5fade2b96d576dcf064ad93e0260c24b7380d1b8
Apocalyptic/hard/P002/000522,Apocalyptic,Apocalyptic,hard,P002,522,32,train,8.7031,13264.0,0,0.8706,0.4236,0.3501,0.2851,7088ae43785c9e90eaa2cda67eb13282c0d487bdb10a4abf71a9e7b92299b09f
Apocalyptic/hard/P003/000132,Apocalyptic,Apocalyptic,hard,P003,132,32,train,28.5625,16312.0,0,0.9027,0.651,0.6334,0.462,b7e8d13d19bf47fd47dc94272cf504ea1af9927aee81f0e59c5e0d761b0f7948
Apocalyptic/hard/P003/000426,Apocalyptic,Apocalyptic,hard,P003,426,32,train,5.7305,16216.0,0,0.8668,0.5481,0.4007,0.284,7416ae95f9c218489708e76f76533405e2e1d1b50727511da5152a42ad4e4371
Apocalyptic/hard/P004/000151,Apocalyptic,Apocalyptic,hard,P004,151,32,train,5.1914,89.31,0,0.931,0.431,0.4522,0.1608,ba9d57821a70b1ee68f1d67622f65be06099de0752f2e504188ec2cb14f0e434
Apocalyptic/hard/P004/000484,Apocalyptic,Apocalyptic,hard,P004,484,32,train,5.4375,15688.0,0,0.8985,0.6099,0.3196,0.3198,01033e4958b2ad795280937e53ed4b17465249e88f0d17159dfb112858024ea6
ArchVizTinyHouseDay/easy/P000/000013,ArchVizTinyHouseDay,ArchVizTinyHouse,easy,P000,13,32,calibration,0.688,16008.0,0,0.8516,0.1908,0.5708,0.1271,9ae3a6630d0dbb2fd10c83b085a9a8b956df0ac9745064c49aa10d04b383b1df
ArchVizTinyHouseDay/easy/P000/000071,ArchVizTinyHouseDay,ArchVizTinyHouse,easy,P000,71,32,calibration,0.8096,16352.0,0,0.9424,0.2504,0.6237,0.0687,400d04025c7907f59f43c3f7bbce91bf280a72b82e3930730345a44d606c5ce2
ArchVizTinyHouseDay/easy/P001/000014,ArchVizTinyHouseDay,ArchVizTinyHouse,easy,P001,14,32,calibration,0.582,4.0,0,0.8662,0.0846,0.2217,0.1069,3f0140f3c7c93fa720a9371989a5227073c924bad9e13e9639c926f18b4f26b4
ArchVizTinyHouseDay/easy/P001/000074,ArchVizTinyHouseDay,ArchVizTinyHouse,easy,P001,74,32,calibration,1.6045,14688.0,0,0.9532,0.3954,0.4959,0.1149,ab7f5f708dc75058c777a29641068d8069fff6dde49d0411c019eb5748c6e8a0
ArchVizTinyHouseDay/easy/P002/000018,ArchVizTinyHouseDay,ArchVizTinyHouse,easy,P002,18,32,calibration,1.8442,15984.0,0,0.9652,0.4577,0.6143,0.1163,f352a9d1402d3268ff957cf083fc29662a2f85181e36c5824b6ff9d377012f8e
ArchVizTinyHouseDay/easy/P002/000084,ArchVizTinyHouseDay,ArchVizTinyHouse,easy,P002,84,32,calibration,0.667,14376.0,0,0.8956,0.1519,0.3139,0.0988,1afd09e84a0e2aa2867bb123b3eae058096cd0217ad93ba482358710250245e5
ArchVizTinyHouseDay/easy/P003/000022,ArchVizTinyHouseDay,ArchVizTinyHouse,easy,P003,22,32,calibration,2.2168,16112.0,0,0.8955,0.4714,0.612,0.1332,230c99f92493944c13c231cf6f1a162672b12e996138d78a994b2dc911015066
ArchVizTinyHouseDay/easy/P003/000098,ArchVizTinyHouseDay,ArchVizTinyHouse,easy,P003,98,32,calibration,0.9038,14960.0,0,0.9331,0.2369,0.5414,0.1358,4fd6dd9a844a62d710f0ab96a5b4d4ce0bfd7c86a8b0ac5cdb48ec7b8801d3a0
ArchVizTinyHouseDay/easy/P004/000018,ArchVizTinyHouseDay,ArchVizTinyHouse,easy,P004,18,32,calibration,0.6235,12392.0,0,0.8159,0.1962,0.6865,0.1425,59a24400d3bd52ab1ef416ec63f5c9ce6b8d19d91148f857759677c55099ce7d
ArchVizTinyHouseDay/easy/P004/000085,ArchVizTinyHouseDay,ArchVizTinyHouse,easy,P004,85,32,calibration,0.7056,14368.0,0,0.8818,0.2483,0.6971,0.2027,a0bc7fcbe58d29298ef3e5bdc739983c20f1344560c03d26d814e4e516930ae9
ArchVizTinyHouseDay/easy/P005/000014,ArchVizTinyHouseDay,ArchVizTinyHouse,easy,P005,14,32,calibration,2.1875,14304.0,0,0.9668,0.4654,0.5676,0.0806,d0272c76049da5b241460b83484b61fe69412d281f1696bfe33d7c0bcce8c25f
ArchVizTinyHouseDay/easy/P005/000072,ArchVizTinyHouseDay,ArchVizTinyHouse,easy,P005,72,32,calibration,0.9639,15048.0,0,0.9289,0.1348,0.497,0.122,82cada6d1aeea392f4a64dc72e707edc7efb5dccd4911be288289dbc16c95a8d
ArchVizTinyHouseDay/easy/P006/000007,ArchVizTinyHouseDay,ArchVizTinyHouse,easy,P006,7,32,calibration,0.8716,13104.0,0,0.7307,0.2208,0.6189,0.2216,7d15cf3e1466fce6a69d29dd31ca9a9df2137463d0a39403b56e71c8610e4271
ArchVizTinyHouseDay/easy/P006/000052,ArchVizTinyHouseDay,ArchVizTinyHouse,easy,P006,52,32,calibration,1.2637,13320.0,0,0.8712,0.2478,0.6878,0.2079,1e7c84cab9decade5deec6794d1e6511a4f9838addf3d6f1b033b75e57bd293f
ArchVizTinyHouseDay/hard/P000/000000,ArchVizTinyHouseDay,ArchVizTinyHouse,hard,P000,0,32,calibration,0.728,15840.0,0,0.7949,0.1834,0.5733,0.2072,b91b49781d3d4454a265d24d426898233230e6f2841a0a161ea5907c9e2c342c
ArchVizTinyHouseDay/hard/P000/000034,ArchVizTinyHouseDay,ArchVizTinyHouse,hard,P000,34,32,calibration,0.7922,16352.0,0,0.8581,0.1832,0.6519,0.1512,73a034f944c0791832011b2ac41dc89e1577f8f0577e57558af12a05aea3969c
ArchVizTinyHouseDay/hard/P001/000000,ArchVizTinyHouseDay,ArchVizTinyHouse,hard,P001,0,32,calibration,0.9658,16336.0,0,0.7532,0.2507,0.5185,0.2516,8a290f68d9612608dfd8f67e02c900e23a1180b5109d63afd6ec600eb7ec216b
ArchVizTinyHouseDay/hard/P001/000033,ArchVizTinyHouseDay,ArchVizTinyHouse,hard,P001,33,32,calibration,1.3325,16352.0,0,0.883,0.3584,0.5688,0.17,24f1347981df643ab093f15a8fee8e2f9812f517bd12906e1acc551ae0fb2887
ArchVizTinyHouseDay/hard/P002/000001,ArchVizTinyHouseDay,ArchVizTinyHouse,hard,P002,1,32,calibration,2.6523,16352.0,0,0.7907,0.5048,0.6202,0.1814,6a252026022562ec3a848cde818d000289e883f8d0b6e7b4516d727c7aa1d533
ArchVizTinyHouseDay/hard/P002/000036,ArchVizTinyHouseDay,ArchVizTinyHouse,hard,P002,36,32,calibration,1.2559,16352.0,0,0.8804,0.3384,0.5743,0.2009,80c7bbc8599ec1c972ab2fb3d2dd436aa6b40b624171b4d3b54166f7172c9844
ArchVizTinyHouseDay/hard/P003/000006,ArchVizTinyHouseDay,ArchVizTinyHouse,hard,P003,6,32,calibration,1.5352,16352.0,0,0.8531,0.3867,0.6568,0.2351,d1e2524ffb14ac02e08555acd3c1e23ab961035030f98bd04519c8a55ef2a5fa
ArchVizTinyHouseDay/hard/P003/000050,ArchVizTinyHouseDay,ArchVizTinyHouse,hard,P003,50,32,calibration,1.8032,16240.0,0,0.8958,0.4043,0.5635,0.1186,0f4b3b0a243bc7fb1cb58a2b9c3bb7aab4647737fd88d86aa3ab83aa24c22194
ArchVizTinyHouseDay/hard/P004/000002,ArchVizTinyHouseDay,ArchVizTinyHouse,hard,P004,2,32,calibration,1.502,16344.0,0,0.8619,0.3383,0.6004,0.2311,7a263996c88200b8ad31d347316315d66e732345ab8aa4d6326c3da24976df74
ArchVizTinyHouseDay/hard/P004/000039,ArchVizTinyHouseDay,ArchVizTinyHouse,hard,P004,39,32,calibration,1.6406,16352.0,0,0.761,0.3929,0.5982,0.2627,d1c4c2d6ee723df2e162410f229eb70b28beeeb0ca67ddb1eb998f5f1cdbd7d7
ArchVizTinyHouseDay/hard/P005/000002,ArchVizTinyHouseDay,ArchVizTinyHouse,hard,P005,2,32,calibration,1.585,16192.0,0,0.8689,0.2627,0.671,0.2249,c13a1861e15fe2b8a22a0e3f676747b6eb4bc2e4b0a33ff507ea72f4dd61bc35
ArchVizTinyHouseDay/hard/P005/000037,ArchVizTinyHouseDay,ArchVizTinyHouse,hard,P005,37,32,calibration,0.8843,15872.0,0,0.8501,0.2371,0.579,0.1302,18073fce5d24d7563101ad280509ffcae285d6da84ed5f02a6616d86dad50d2f
ArchVizTinyHouseDay/hard/P006/000001,ArchVizTinyHouseDay,ArchVizTinyHouse,hard,P006,1,32,calibration,1.5635,15272.0,0,0.8922,0.3323,0.6138,0.2781,dc1c79e7598f7eda4aeef9e3c5167ad620ad6605d5944d66fdee6a0affda96e4
ArchVizTinyHouseDay/hard/P006/000035,ArchVizTinyHouseDay,ArchVizTinyHouse,hard,P006,35,32,calibration,1.2881,13624.0,0,0.6601,0.2907,0.6044,0.3282,cf9f0c738c84a41cf114781ee59e6c8cd61c34033fb7d4e4803fda66331c1143
ArchVizTinyHouseNight/easy/P000/000013,ArchVizTinyHouseNight,ArchVizTinyHouse,easy,P000,13,32,calibration,0.688,16008.0,0,0.8516,0.0585,0.1186,0.1271,5a2383d5ae065ee1388e4ebe9479c6dd37ec0d429bde325564f994406cdc37db
ArchVizTinyHouseNight/easy/P000/000071,ArchVizTinyHouseNight,ArchVizTinyHouse,easy,P000,71,32,calibration,0.8096,16352.0,0,0.9422,0.0844,0.2275,0.0687,fbb68b1d7f3394bac9c30eb831a6df1f87a231b257f10c1046ddbc9525cc1bd2
ArchVizTinyHouseNight/easy/P001/000014,ArchVizTinyHouseNight,ArchVizTinyHouse,easy,P001,14,32,calibration,0.582,4.0,0,0.8662,0.0017,0.3983,0.1069,8911eef4d93405e8bc566f68d16c669f7cbd249cc2a094d3db4974ec57d9edb1
ArchVizTinyHouseNight/easy/P001/000074,ArchVizTinyHouseNight,ArchVizTinyHouse,easy,P001,74,32,calibration,1.6045,108.81,0,0.9534,0.2033,0.1007,0.1149,30c8efc70330382d0e597ff851e092adb9224a1f8e83b7579421c227e0701186
ArchVizTinyHouseNight/easy/P002/000018,ArchVizTinyHouseNight,ArchVizTinyHouse,easy,P002,18,32,calibration,1.8442,15992.0,0,0.9652,0.2018,0.1461,0.1163,940f5f6ae9c5f8db49771226368ae3bb9ef8abf308e553744b5d139ef7104a65
ArchVizTinyHouseNight/easy/P002/000084,ArchVizTinyHouseNight,ArchVizTinyHouse,easy,P002,84,32,calibration,0.667,14384.0,0,0.8956,0.0499,0.4054,0.0988,8c706880a4c9526d57fb033aa70ccbde7c447e65c48608bc430a78a593ed55f5
ArchVizTinyHouseNight/easy/P003/000022,ArchVizTinyHouseNight,ArchVizTinyHouse,easy,P003,22,32,calibration,2.2168,16112.0,0,0.8955,0.1674,0.1039,0.1332,0d802126b2cf27cd745fef1a02aae15b64bd3f4b70d7ea12872783a8358b4c68
ArchVizTinyHouseNight/easy/P003/000098,ArchVizTinyHouseNight,ArchVizTinyHouse,easy,P003,98,32,calibration,0.9038,14960.0,0,0.9335,0.1514,0.0296,0.1358,1ca33fec8251596673c831ec133c7b449d2f4d4f85a29d372751a668fd7c50f6
ArchVizTinyHouseNight/easy/P004/000018,ArchVizTinyHouseNight,ArchVizTinyHouse,easy,P004,18,32,calibration,0.6235,12400.0,0,0.8159,0.036,0.5663,0.1425,32e8342bb9bec8c1b1a8d4b632a773c0fe8d259d5194b4896573e85eb7517908
ArchVizTinyHouseNight/easy/P004/000085,ArchVizTinyHouseNight,ArchVizTinyHouse,easy,P004,85,32,calibration,0.7056,14368.0,0,0.8818,0.0646,0.4246,0.2027,f99752ea3d400fdab08b30aa9ef02434019d3d0ab750920b01bb9fc5844f3400
ArchVizTinyHouseNight/easy/P005/000014,ArchVizTinyHouseNight,ArchVizTinyHouse,easy,P005,14,32,calibration,2.1875,14320.0,0,0.9668,0.2209,0.1203,0.0806,4f321def950e51f6e3782db34ca6a125200d8078a38e905a8ba41e4c9f2d2b36
ArchVizTinyHouseNight/easy/P005/000072,ArchVizTinyHouseNight,ArchVizTinyHouse,easy,P005,72,32,calibration,0.9639,15048.0,0,0.9289,0.0261,0.3107,0.122,5c5c02472a4cf7089f41ead2136cec582f5396d5e23d4661ccb1363f49fc3d00
ArchVizTinyHouseNight/easy/P006/000007,ArchVizTinyHouseNight,ArchVizTinyHouse,easy,P006,7,32,calibration,0.8716,13104.0,0,0.7307,0.0321,0.2531,0.2216,99a5f96a0178d9be5ffed8b0327316b6643d301081790c181a6f3478957303da
ArchVizTinyHouseNight/easy/P006/000052,ArchVizTinyHouseNight,ArchVizTinyHouse,easy,P006,52,32,calibration,1.2637,13328.0,0,0.871,0.0332,0.3308,0.2079,37e964b3459abf3b8271425c8b7141f50b6fc631262740e1fc4ef25d2b545263
ArchVizTinyHouseNight/hard/P000/000000,ArchVizTinyHouseNight,ArchVizTinyHouse,hard,P000,0,32,calibration,0.728,15768.0,0,0.7949,0.0673,0.1618,0.2072,0b5ab40f00fc69d09cce005162efaf52e218e7d7ece43a7435c4b2d2c4d9cdcb
ArchVizTinyHouseNight/hard/P000/000034,ArchVizTinyHouseNight,ArchVizTinyHouse,hard,P000,34,32,calibration,0.7922,16352.0,0,0.8578,0.1055,0.1968,0.1512,c330f046643bd24f9ee6317de924b0ef0735ed54b59dc7df7d737302627638e6
ArchVizTinyHouseNight/hard/P001/000000,ArchVizTinyHouseNight,ArchVizTinyHouse,hard,P001,0,32,calibration,0.9658,16336.0,0,0.7532,0.1485,0.4203,0.2516,c32f932beac08fea0597afe38ebcad686ca4d0fcd517ffd66d4a486bca4219f7
ArchVizTinyHouseNight/hard/P001/000033,ArchVizTinyHouseNight,ArchVizTinyHouse,hard,P001,33,32,calibration,1.3325,16352.0,0,0.883,0.2518,0.2827,0.17,34534149cfad8f5c48b93a34a47a67884ffccc2e4772221e44ea5ce554ed61fb
ArchVizTinyHouseNight/hard/P002/000001,ArchVizTinyHouseNight,ArchVizTinyHouse,hard,P002,1,32,calibration,2.6523,16352.0,0,0.791,0.3462,0.1645,0.1814,970d005456ae759b76258f80df6c7ef47772b337f1bed0158b40d2af90cbd3c2
ArchVizTinyHouseNight/hard/P002/000036,ArchVizTinyHouseNight,ArchVizTinyHouse,hard,P002,36,32,calibration,1.2559,16352.0,0,0.8805,0.2079,0.319,0.2009,c495f9c2b1b446599b457f6b035a9d40bf1ddb4dd4760008999248dd27d2c73a
ArchVizTinyHouseNight/hard/P003/000006,ArchVizTinyHouseNight,ArchVizTinyHouse,hard,P003,6,32,calibration,1.5352,16352.0,0,0.8533,0.2119,0.3228,0.2351,c81849441e72376457814bc5f5ea2b70f255c949bd6e99287f7082d3007d9214
ArchVizTinyHouseNight/hard/P003/000050,ArchVizTinyHouseNight,ArchVizTinyHouse,hard,P003,50,32,calibration,1.8032,16240.0,0,0.896,0.1345,0.1615,0.1186,0237fd100cc52ed0041a0eda94749c2c925aeb4e8ebbe0c7b0f9dd42b7784125
ArchVizTinyHouseNight/hard/P004/000002,ArchVizTinyHouseNight,ArchVizTinyHouse,hard,P004,2,32,calibration,1.502,16344.0,0,0.8618,0.2591,0.3454,0.2311,6d4aa8bfca56a7fa09974af566c44c0de762de82a12595b1d0987bbf649d747d
ArchVizTinyHouseNight/hard/P004/000039,ArchVizTinyHouseNight,ArchVizTinyHouse,hard,P004,39,32,calibration,1.6406,16352.0,0,0.7607,0.2766,0.3475,0.2627,a677c0d52872fdf54d1fc9f6f3886eb5338bd4eb43f44d05221c630a7a508375
ArchVizTinyHouseNight/hard/P005/000002,ArchVizTinyHouseNight,ArchVizTinyHouse,hard,P005,2,32,calibration,1.585,16192.0,0,0.8688,0.0951,0.1718,0.2249,bb8955fa47dad15935f2ee19792616d067fd6bd34dbad7c2f05405625c39cfef
ArchVizTinyHouseNight/hard/P005/000037,ArchVizTinyHouseNight,ArchVizTinyHouse,hard,P005,37,32,calibration,0.8843,15896.0,0,0.8508,0.1311,0.2301,0.1302,d85188cd8b2e70b837de519e409dc8046ac6880895e7fb0fd29833f1c80b7deb
ArchVizTinyHouseNight/hard/P006/000001,ArchVizTinyHouseNight,ArchVizTinyHouse,hard,P006,1,32,calibration,1.5635,15272.0,0,0.8921,0.1028,0.4111,0.2781,bcea4a34511fb73e11cf75c912d6dbcce1f0c316c2dc523042b9f7e3de486c05
ArchVizTinyHouseNight/hard/P006/000035,ArchVizTinyHouseNight,ArchVizTinyHouse,hard,P006,35,32,calibration,1.2881,13624.0,0,0.66,0.0975,0.2916,0.3282,292df78c6cb59a2830ce7c7eca06f79629eb47fc2cd0e1aef538f3a7f055c5b8
BrushifyMoon/easy/P001/001251,BrushifyMoon,BrushifyMoon,easy,P001,1251,32,test,3.252,1419.0,82,0.9457,0.0365,0.4961,0.4314,10938c755daa9f7222c0e0e813dc3d1bb6873489a094b6da3f548bd6f09c5e7c
BrushifyMoon/easy/P001/003784,BrushifyMoon,BrushifyMoon,easy,P001,3784,32,test,11.5234,10640.0,3969,0.9392,0.1224,0.5014,0.0764,7935605b535afea30a29f0b74953d6ab478c30f0591405215e41057c0c107f7b
BrushifyMoon/easy/P002/001592,BrushifyMoon,BrushifyMoon,easy,P002,1592,32,test,8.0469,2632.0,9987,0.9863,0.0661,0.352,0.1957,693374e0b29a5fd62754bed4bcc50143d0d6eac319ea8241ecdeab075d3c2a6e
BrushifyMoon/easy/P002/004810,BrushifyMoon,BrushifyMoon,easy,P002,4810,32,test,3.2168,12612.0,5875,0.9777,0.0914,0.3498,0.2993,96b166999049b71024aa0508ee36507e6963eac380387a2e01e49e55ebdcb5bd
BrushifyMoon/easy/P003/001244,BrushifyMoon,BrushifyMoon,easy,P003,1244,32,test,17.7656,11052.0,9899,0.9326,0.0794,0.3095,0.3428,d1cd5f0ecd29b773fc1b87b32c8427797c9dbc016825d1e8c791230bc123a245
BrushifyMoon/easy/P003/003764,BrushifyMoon,BrushifyMoon,easy,P003,3764,32,test,13.2969,2233.0,9474,0.9651,0.179,0.3413,0.2776,0eec1f60e4f15dfdaaf77fdab8ab683eae54390d7965e363681fd8082a319e9b
BrushifyMoon/easy/P004/001833,BrushifyMoon,BrushifyMoon,easy,P004,1833,32,test,11.1875,729.0,11869,0.9364,0.1004,0.2553,0.1886,a932d98c05829dc13e865e722aebaa9c68ea4ff2aabde4cd1729c92acea085a2
BrushifyMoon/easy/P004/005531,BrushifyMoon,BrushifyMoon,easy,P004,5531,32,test,5.1914,11220.0,2699,0.9754,0.0589,0.3957,0.1201,e7235e60bb60060933db06fe588cde99b33afe13ddc246cdc482ae25b0abd008
BrushifyMoon/easy/P005/000577,BrushifyMoon,BrushifyMoon,easy,P005,577,32,test,7.6562,11832.0,7710,0.9675,0.2059,0.2811,0.2768,0ee8d16bd14181127ea79915c9babb54e23bd14076d864b71909ac9806e851d7
BrushifyMoon/hard/P001/000643,BrushifyMoon,BrushifyMoon,hard,P001,643,32,test,11.7344,936.75,10222,0.9517,0.0786,0.3567,0.6494,20bd78e663f10fee5699d4f512188ba2e27391578c3a3226bc0d415dc67001bf
BrushifyMoon/hard/P001/001961,BrushifyMoon,BrushifyMoon,hard,P001,1961,32,test,32.8281,2168.0,10926,0.9114,0.1729,0.2604,0.4783,304c4864be827ca90456ef911d29177d4ceca2696a16a2251b0a224fc416c432
BrushifyMoon/hard/P002/000829,BrushifyMoon,BrushifyMoon,hard,P002,829,32,test,8.3672,1037.0,9581,0.9385,0.1041,0.1968,0.6204,34564fddd690df01266e4ad8e69c7c1be68bfb9249dfdeb5ae6e77802a563ee6
BrushifyMoon/hard/P002/002520,BrushifyMoon,BrushifyMoon,hard,P002,2520,32,test,11.0156,653.5,16101,0.9266,0.0767,0.1569,0.3075,9f3f51b91c0d0059025e6d068734980f1d40f8c12ce641c73e2be0fb94f122d1
BrushifyMoon/hard/P003/000713,BrushifyMoon,BrushifyMoon,hard,P003,713,32,test,10.9336,919.0,1696,0.9608,0.1194,0.5625,0.3864,38e7b871ed49e56ed4b5d99f78d7bd2c38d294230ce650fcecd27abe6535f92e
BrushifyMoon/hard/P003/002170,BrushifyMoon,BrushifyMoon,hard,P003,2170,32,test,6.1406,733.0,10602,0.9049,0.1955,0.3851,0.7317,f64be1c04bb22e64ece086553f7cada410604a0c7a8919bcab893581b6dc2fec
BrushifyMoon/hard/P004/000986,BrushifyMoon,BrushifyMoon,hard,P004,986,32,test,1.8398,1294.0,14,0.6683,0.0019,0.5226,0.5689,15f77ab05ffdbea121cee8957f5b3f857ea818fe06aa453e1aa7411b28116854
BrushifyMoon/hard/P004/002991,BrushifyMoon,BrushifyMoon,hard,P004,2991,32,test,7.293,3468.0,12364,0.9039,0.0602,0.2812,0.276,219a49fcd528db148f6b14256663220c3214adc7105a0ef6f1050e42f7301f1f
BrushifyMoon/hard/P005/000280,BrushifyMoon,BrushifyMoon,hard,P005,280,32,test,14.9688,14008.0,16983,0.9538,0.1086,0.1354,0.3853,956919251a42f8b49f0ff5ae23e867387e78292237abf6c364e265c3f5f0aff5
BrushifyMoon/hard/P005/000872,BrushifyMoon,BrushifyMoon,hard,P005,872,32,test,20.0781,1772.0,5308,0.9288,0.206,0.1513,0.1753,c762a93ae6e9130b0006d1522de14a2c77eedbc5aef7d3ab71e7cc6b5700785e
CarWelding/easy/P000/000250,CarWelding,CarWelding,easy,P000,250,32,calibration,5.0762,63.41,0,0.9118,0.5286,0.2273,0.2255,41f8f9b1d6929c87c4d2774a85f8f8548717d946e9be2846753661e168f40c27
CarWelding/easy/P000/000783,CarWelding,CarWelding,easy,P000,783,32,calibration,7.8125,19.8,0,0.9967,0.2962,0.5335,0.1391,6b5ff71ad5a39490e76ca7e824443486293674704d45e93878d16ed93c0aee76
CarWelding/easy/P001/000163,CarWelding,CarWelding,easy,P001,163,32,calibration,9.0078,41.0,0,0.9487,0.4721,0.3166,0.2802,eea63cbdea5b697e17336e04ff0219cf3c50d657cf98279cf51107c9e860c064
CarWelding/easy/P001/000520,CarWelding,CarWelding,easy,P001,520,32,calibration,3.5684,58.88,0,0.8903,0.4078,0.2377,0.2143,9c9685338b53487697bc0df90cc3e9e0e25b1754f73c894cc7dfe7fc50aaad02
CarWelding/easy/P002/000220,CarWelding,CarWelding,easy,P002,220,32,calibration,10.1094,42.66,0,0.9586,0.4584,0.3855,0.3711,62de648810f61e315d18f014cc79fdc6fe2fe64a32214eceae49d25f7f666e61
CarWelding/easy/P002/000692,CarWelding,CarWelding,easy,P002,692,32,calibration,2.5273,18.16,0,0.9867,0.0809,0.0942,0.2231,f9e2c840db3cb8e9948062c6a2cd0c82e58d5a9e47002209c0f3f8086e4f924c
CarWelding/easy/P003/000264,CarWelding,CarWelding,easy,P003,264,32,calibration,4.8281,31.66,0,0.9595,0.6909,0.2672,0.1096,62d44c3aceddf9c60c7821fa0a2a49a3e8121f773ded5c19515a342d3eeb78ed
CarWelding/easy/P003/000822,CarWelding,CarWelding,easy,P003,822,32,calibration,3.3906,38.97,0,0.9131,0.5014,0.3599,0.2422,3224d0146d9ce03da861808158f065e66f1134bc76d0a577e55d7e12057c9b0d
CarWelding/easy/P004/000260,CarWelding,CarWelding,easy,P004,260,32,calibration,4.9805,18.08,0,0.9831,0.3248,0.3744,0.1983,eb485a5539bd522df7e51b050342205a200cdc5a98408196643497059e212b92
CarWelding/easy/P004/000814,CarWelding,CarWelding,easy,P004,814,32,calibration,4.8711,29.73,0,0.8731,0.5702,0.321,0.3859,28aa7394254e38a40e1cc80382ced18d9e27065d68e04fa6de968c0d51060cdd
CarWelding/easy/P005/000218,CarWelding,CarWelding,easy,P005,218,32,calibration,10.9766,37.59,0,0.9944,0.3157,0.5128,0.1636,108a2ee41d3366f17ec9885f50d83efb97facb8eb010ffc4c4f6f0438417c31f
CarWelding/easy/P005/000685,CarWelding,CarWelding,easy,P005,685,32,calibration,7.8926,21.22,0,0.9825,0.3475,0.4428,0.2277,add4dbe5becdcd29822862abf3d6297bcb8e9bad94f956df8267d7b530901d70
CarWelding/easy/P006/000270,CarWelding,CarWelding,easy,P006,270,32,calibration,8.9062,45.38,0,0.9428,0.6644,0.3129,0.1706,be9c63e6ee05af42632d0dc94659388993721efaf5155fe48151ff591ae5c015
CarWelding/easy/P006/000842,CarWelding,CarWelding,easy,P006,842,32,calibration,4.0273,30.88,0,0.8892,0.5852,0.3384,0.129,e2e0615a0d63408a9ae92b0b23f59831688abc99329fcc00cd50c558688ea7e7
CarWelding/easy/P007/000123,CarWelding,CarWelding,easy,P007,123,32,calibration,4.4492,29.53,0,0.9106,0.5745,0.3503,0.3249,e93787539970ff86a824dd9bd520f7b9e8acfd243dec4045886e769e1701dbd7
CarWelding/easy/P007/000402,CarWelding,CarWelding,easy,P007,402,32,calibration,9.4922,40.69,0,0.9528,0.5831,0.2243,0.2487,6d249359275661c97bd634afadda6a96fd5315f3963c3ea7b03e53ef75a53481
CarWelding/easy/P008/000134,CarWelding,CarWelding,easy,P008,134,32,calibration,10.5977,24.92,0,0.984,0.3479,0.4229,0.1725,ea390e193ea9746c408d259d5e4c6f5ae87a3494f157fcd10ef2e809ad99e061
CarWelding/easy/P008/000434,CarWelding,CarWelding,easy,P008,434,32,calibration,9.5625,39.41,0,0.9524,0.3084,0.4366,0.2183,08534a0ad65779e78c4c3f11937ddb9fc10cffd2d47dc450d42b17b35245160f
CarWelding/hard/P000/000136,CarWelding,CarWelding,hard,P000,136,32,calibration,9.125,32.47,0,0.9665,0.3768,0.444,0.2546,8b197528a37c491e5b73c8f0be6a801a920f5f7d1bc7afa847a22e987e91891a
CarWelding/hard/P000/000439,CarWelding,CarWelding,hard,P000,439,32,calibration,7.4844,65.44,0,0.8839,0.3503,0.3388,0.3709,776de7a4fc90b7f92208139da62aaf43a531b4af8463c65f644f6175b473ed6c
CarWelding/hard/P001/000093,CarWelding,CarWelding,hard,P001,93,32,calibration,5.2188,46.28,0,0.879,0.6146,0.2805,0.2151,d959db877fcee0c906643f5d0a9a59d183d00e2bc23891fd118d60c0b71f6ade
CarWelding/hard/P001/000312,CarWelding,CarWelding,hard,P001,312,32,calibration,7.1602,25.05,0,0.8209,0.4072,0.2886,0.317,bc11cb68dad1c6444efd033b7f3716eb5a2658af405211cf268dfb0ca64e21e9
CarWelding/hard/P002/000126,CarWelding,CarWelding,hard,P002,126,32,calibration,5.3516,40.56,0,0.9074,0.3231,0.2535,0.2965,03c22db759e5373c7eadc0bcb4ca5adca5990baa2668a434ecf87360420b9cf8
CarWelding/hard/P002/000410,CarWelding,CarWelding,hard,P002,410,32,calibration,6.4688,22.33,0,0.8882,0.563,0.2879,0.3603,663ddcba6f6174ace7419d40a84b169ebbc98b9d66f5453b8b0215576591c308
CarWelding/hard/P003/000136,CarWelding,CarWelding,hard,P003,136,32,calibration,7.8047,49.81,0,0.8776,0.3209,0.2936,0.3352,96c23fd6f093f5dbaca03f7d14288356d6043cbd09e2c4a8a9c5cea34e4eccd4
CarWelding/hard/P003/000439,CarWelding,CarWelding,hard,P003,439,32,calibration,6.5977,39.03,0,0.8801,0.6159,0.2213,0.2747,1f5b6e1dbb7520c8b1cab0d09aba82e4516ce12fc5788db518d49d897c2cd708
CarWelding/hard/P004/000169,CarWelding,CarWelding,hard,P004,169,32,calibration,5.2773,56.62,0,0.95,0.3233,0.3776,0.2384,2c948f5a58decdd627a72e68d2824b1be8b4669e2b3f12d6fcd63ba861f525ab
CarWelding/hard/P004/000538,CarWelding,CarWelding,hard,P004,538,32,calibration,6.3672,56.28,0,0.8998,0.5086,0.2956,0.2071,306aac8b8e4979e7817be21f5e06c938d995d76ca650a7ed142bfa9439d32451
CarWelding/hard/P005/000097,CarWelding,CarWelding,hard,P005,97,32,calibration,6.5742,38.19,0,0.8449,0.6096,0.2669,0.5145,29a60f5500fce1d2a5068f89b30eef0c19379af4b403d7673358044cad28df41
CarWelding/hard/P005/000322,CarWelding,CarWelding,hard,P005,322,32,calibration,5.7656,51.03,0,0.8514,0.4765,0.3972,0.3932,de6cf037fc9a51701786696d47aef10ab86db021be52d4e777559b7b1145bf9d
CarWelding/hard/P006/000149,CarWelding,CarWelding,hard,P006,149,32,calibration,6.8008,37.06,0,0.967,0.2002,0.4048,0.2715,c0bc3ec07f0d8849366b9c539b0a18e772b7cd0e070dcf330222681987710f5d
CarWelding/hard/P006/000478,CarWelding,CarWelding,hard,P006,478,32,calibration,4.9297,26.66,0,0.8726,0.5929,0.3429,0.3376,bd1549f0af36ce7aeaf3e7cea449cccebb63f5fa448074ef27dabc3e31f7716c
CarWelding/hard/P007/000082,CarWelding,CarWelding,hard,P007,82,32,calibration,10.7734,31.67,0,0.8843,0.3771,0.4309,0.4203,46aee30d85660a68b5573ae88b25ea87cc5cfea5ca22460fc4f2e3305d9647fb
CarWelding/hard/P007/000278,CarWelding,CarWelding,hard,P007,278,32,calibration,9.6602,44.31,0,0.9219,0.4701,0.2169,0.2505,93628cf307fce6e57637cab8d70b01cd6fa8f9d223160c8e68c813ad9a936583
CarWelding/hard/P008/000061,CarWelding,CarWelding,hard,P008,61,32,calibration,8.2969,48.0,0,0.916,0.5859,0.2925,0.3274,22460421a46b992eb1fe4bc044078b60f7460111902c63d5455f28dfe8f0f6d0
CarWelding/hard/P008/000214,CarWelding,CarWelding,hard,P008,214,32,calibration,7.4375,40.09,0,0.8826,0.3197,0.2679,0.5225,74423a199e31522138d5fc30b8b1966c02473c5ea15dedf9015d1395509f2bda
CastleFortress/easy/P000/000463,CastleFortress,CastleFortress,easy,P000,463,32,train,7.625,16312.0,0,0.9466,0.3411,0.3436,0.4112,86c07022b74bebd8789bb26e2b4cd43e10dc82c16b3aaf93d07346bf8340d65e
CastleFortress/easy/P000/001422,CastleFortress,CastleFortress,easy,P000,1422,32,train,5.7227,12968.0,0,0.9506,0.4742,0.1593,0.1188,852a24337472bccf1f114e55b0c8738916e49b4554e68489294d8dbb6d297b43
CastleFortress/easy/P001/000452,CastleFortress,CastleFortress,easy,P001,452,32,train,2.4141,15936.0,0,0.8779,0.5404,0.1285,0.1459,c0e7ea3c7fa7ee9b2f59c1cc555f3ede845c1bf1f74704b76db174abf91f6798
CastleFortress/easy/P001/001390,CastleFortress,CastleFortress,easy,P001,1390,32,train,12.6094,16168.0,0,0.9792,0.2702,0.3135,0.1763,d47100bd4510d33ed3e848566f081e2c1503e1a0cdcdd8b39d732e16dfae2638
CastleFortress/easy/P002/000502,CastleFortress,CastleFortress,easy,P002,502,32,train,12824.0,16312.0,0,0.9801,0.2936,0.6775,0.285,934306c3bf00ae2cc7b31bcda472d36d20357de603c6b22463ab16bdc9244aae
CastleFortress/easy/P002/001539,CastleFortress,CastleFortress,easy,P002,1539,32,train,4.998,16352.0,0,0.9262,0.2111,0.2426,0.2604,b3c4a493a60c742abc6e396616d3db18b15b94895fdc5fd9ff13c97be4602c31
CastleFortress/easy/P003/000386,CastleFortress,CastleFortress,easy,P003,386,32,train,17.3281,16368.0,0,0.983,0.4329,0.3561,0.1964,e9266b1258787623e7d09291a077df6c70ad53310af6fd481bab6f47893ba851
CastleFortress/easy/P003/001190,CastleFortress,CastleFortress,easy,P003,1190,32,train,20.5938,16160.0,0,0.9822,0.4418,0.2392,0.2385,c0b91a1638d5b09605d34930dec8ed3f8b8061aaa528d52b910faf18f906ca33
CastleFortress/easy/P004/000518,CastleFortress,CastleFortress,easy,P004,518,32,train,2.957,15488.0,0,0.9942,0.041,0.0917,0.144,024370ec8a52bc22606b8b1140083b26b6843b0db16797c89df00bdcc37e0c97
CastleFortress/easy/P004/001587,CastleFortress,CastleFortress,easy,P004,1587,32,train,19.0312,16336.0,0,0.9378,0.2629,0.402,0.3218,f656ebaa844617d2ac9813edfe0b870d8a3dd95fe25cfbfb20b28295f64b8d59
CastleFortress/easy/P005/000321,CastleFortress,CastleFortress,easy,P005,321,32,train,9.9062,15336.0,0,0.9646,0.5913,0.2094,0.4159,3eceb37139cb5ce0e227f37eaaf45fbaf35780185cc52d40f1051073f77a4d58
CastleFortress/easy/P005/000994,CastleFortress,CastleFortress,easy,P005,994,32,train,7.7773,138.25,0,0.967,0.6369,0.4049,0.114,aa642ebccf6bf6384c93ebfb037461a2cfcac1324a8286e0a7c55b008a21d0a5
CastleFortress/easy/P006/000720,CastleFortress,CastleFortress,easy,P006,720,32,train,2.6504,15528.0,0,0.9624,0.1937,0.0604,0.1876,093fcb78e5a5d23bc62dccfae00544adb02dafd267cb7dd57f7a90f41f18ef7c
CastleFortress/easy/P006/002194,CastleFortress,CastleFortress,easy,P006,2194,32,train,114.375,16296.0,0,0.9851,0.3675,0.4881,0.3266,6674fd9ec59c6a9b428d7fb3bf978dfa92eb246188a16b8a5bd8f0fdb22d825f
CastleFortress/easy/P007/000917,CastleFortress,CastleFortress,easy,P007,917,32,train,1.4873,15280.0,0,0.8454,0.2082,0.1623,0.3715,a2557408b29c955591d3b743a82a398ff534391d5557c73c8df517f3931da14d
CastleFortress/easy/P007/002784,CastleFortress,CastleFortress,easy,P007,2784,32,train,14.9414,16320.0,0,0.8907,0.4438,0.271,0.2408,b951f376e1fb6ef19e155126573e5b53b9023f229929c287a3a1b3218e2c2b3f
CastleFortress/easy/P008/000853,CastleFortress,CastleFortress,easy,P008,853,32,train,28.625,16384.0,0,0.9804,0.432,0.3726,0.1726,67c740f906df558623be3c1562b132640091bf2141755851303cdf1422769a93
CastleFortress/easy/P008/002590,CastleFortress,CastleFortress,easy,P008,2590,32,train,2.8164,42.91,0,0.9852,0.1992,0.0569,0.0827,125e30317674154c8a070de1772f97526039c4afc40ccc3f5c83398fafda3ac3
CastleFortress/easy/P009/000573,CastleFortress,CastleFortress,easy,P009,573,32,train,8.8281,14136.0,0,0.9896,0.4385,0.3352,0.1566,393ee372420e563be46f34ea8a73e6245bf5552c363072d470d39ce607ef3771
CastleFortress/easy/P009/001751,CastleFortress,CastleFortress,easy,P009,1751,32,train,4.8945,13.95,0,0.9539,0.3022,0.0426,0.2771,4c812fb0ee08925225f36a858973ca7619bafe183383b860119abd7fbe4aabd5
CastleFortress/easy/P010/000758,CastleFortress,CastleFortress,easy,P010,758,32,train,2.6484,15.82,0,0.9542,0.1903,0.0454,0.193,c41f4a7f88ce51e2ebb36f161dfb5057a4b43b7ac627ff9a5dc226b0e004010a
CastleFortress/easy/P010/002304,CastleFortress,CastleFortress,easy,P010,2304,32,train,18.4688,16040.0,0,0.9608,0.5791,0.273,0.1078,314713dd4fd0dae5db3766f15fe25dbe058d5f58b0f8c42e322822deec5749c2
CastleFortress/easy/P011/000607,CastleFortress,CastleFortress,easy,P011,607,32,train,11.707,16368.0,0,0.9837,0.44,0.3688,0.141,9e751374718b038aba9fbbfee93d75a22808a50935421fffb82a86d1f59b7cda
CastleFortress/easy/P011/001854,CastleFortress,CastleFortress,easy,P011,1854,32,train,11.6094,14040.0,0,0.9322,0.6622,0.3425,0.4239,509f6d28f2c97517fac04f7181e33e8c96eaf3f63620ab2e4d4dee698adc1c88
CastleFortress/hard/P000/000258,CastleFortress,CastleFortress,hard,P000,258,32,train,75.5625,16384.0,0,0.9194,0.4043,0.4455,0.321,92973f69a056f0c56673d9733ab7e089f0751aded4352b24ac717facd67934c3
CastleFortress/hard/P000/000808,CastleFortress,CastleFortress,hard,P000,808,32,train,13008.0,16328.0,0,0.9366,0.2264,0.5818,0.1941,e7b7ef16d274110d8e33017c18cb1ed5bd11768b82d59187eb8fcdcfa934638e
CastleFortress/hard/P001/000281,CastleFortress,CastleFortress,hard,P001,281,32,train,3.6152,12544.0,0,0.9042,0.739,0.1197,0.1724,0e569daf8fc33e7ed88625ab83604829ea5ec59aac399f8696f8851d5694c861
CastleFortress/hard/P001/000875,CastleFortress,CastleFortress,hard,P001,875,32,train,7.0273,16272.0,0,0.922,0.5374,0.1668,0.3169,694f3172b0b6b709ac33e0a143e8e22c2085efac7d6b8998bd74511fddb3d158
CastleFortress/hard/P002/000261,CastleFortress,CastleFortress,hard,P002,261,32,train,3.292,16328.0,0,0.9021,0.085,0.3528,0.5443,cf2f72008553df5d1a218aebcdef301646bebe428ce1b33d7ca1beebb45088ae
CastleFortress/hard/P002/000814,CastleFortress,CastleFortress,hard,P002,814,32,train,5.5254,16344.0,0,0.8329,0.4773,0.1846,0.4967,38548a9859f905c4ed8cc7044c537346ab060c7932a4eeff98c7e8fbbb7df70f
CastleFortress/hard/P003/000279,CastleFortress,CastleFortress,hard,P003,279,32,train,5.8867,15768.0,0,0.9487,0.2349,0.3685,0.659,4a4e3389b55c017f0dfb3e206c2d3d8e8cf7f04965ac34677e721f3e56f429a7
CastleFortress/hard/P003/000868,CastleFortress,CastleFortress,hard,P003,868,32,train,13.3594,16328.0,0,0.9694,0.3534,0.4153,0.2445,9ba63ad199ae963414493ffd35648db2fb32924c32ee31b2c77447d7dca0d973
CastleFortress/hard/P004/000289,CastleFortress,CastleFortress,hard,P004,289,32,train,22.0,16384.0,0,0.9289,0.4762,0.5393,0.2385,672a73aeedf26effeece704d8cab92ef09ffdb05e79907288a6a5a36b89123d3
CastleFortress/hard/P004/000899,CastleFortress,CastleFortress,hard,P004,899,32,train,4.9922,15864.0,0,0.9106,0.2572,0.075,0.3554,b9a933ded8fef488ee42b1476a991d138d4605180713f14876597f57567a05d6
CastleFortress/hard/P005/000165,CastleFortress,CastleFortress,hard,P005,165,32,train,11.9805,15472.0,0,0.9314,0.5462,0.2825,0.2382,0e2ecd4685ce99a17fc23776799d6de048c47851601a580fae8076de9acea1b3
CastleFortress/hard/P005/000527,CastleFortress,CastleFortress,hard,P005,527,32,train,21.8984,16336.0,0,0.9635,0.4651,0.4163,0.2486,284d2f2ae43f68ba0ecf252a08bb5bcb9d1d82bc033cf13ce05afaf62050a141
CastleFortress/hard/P006/000414,CastleFortress,CastleFortress,hard,P006,414,32,train,6.3398,12.44,0,0.9296,0.3184,0.0605,0.4196,a4cdb8a79aa0350d0486a662e4ab54d7f303dfe20a67d9dacc98ea6fe4f2cbbd
CastleFortress/hard/P006/001272,CastleFortress,CastleFortress,hard,P006,1272,32,train,12936.0,16360.0,0,0.9468,0.1875,0.5859,0.5375,064e1c13388ddc41255a7e04b51fa9870b158f33866da4b712066a98233dd3a8
CastleFortress/hard/P007/000506,CastleFortress,CastleFortress,hard,P007,506,32,train,5.0234,13272.0,0,0.9458,0.2887,0.0657,0.1966,29e4988abfb05457ea0f6fa742f8675849a4f0791063d082e9394b1ad8b7c0e1
CastleFortress/hard/P007/001548,CastleFortress,CastleFortress,hard,P007,1548,32,train,18.4062,16288.0,0,0.9428,0.4254,0.322,0.1716,66bd7c28db180835de672d941033e2dbee39abf00f0bf8662250d2b5aac7e408
CastleFortress/hard/P008/000512,CastleFortress,CastleFortress,hard,P008,512,32,train,4.4219,13672.0,0,0.9671,0.1787,0.0656,0.4824,c5a9f1a5c97f20ae7fdb1079161761c29709060498edda7b9c0c4ca528b4fcf7
CastleFortress/hard/P008/001567,CastleFortress,CastleFortress,hard,P008,1567,32,train,5.5586,14456.0,0,0.897,0.2298,0.0501,0.3077,068cf848737b17c5a02786fe37a3e46e05ca363707d500abd04f9c0651830e7b
CastleFortress/hard/P009/000340,CastleFortress,CastleFortress,hard,P009,340,32,train,11.8672,16352.0,0,0.9065,0.4566,0.2635,0.4439,6a18a08df2555332c114e11fe12f8d43274497fa774172720777d05fe0bc5cd3
CastleFortress/hard/P009/001051,CastleFortress,CastleFortress,hard,P009,1051,32,train,2.4863,13.54,0,0.9608,0.2169,0.0602,0.4592,5fbea0164571fd6a8d7f3a607301a1c2fe9b584a3c625c16542d8b6dc2b56e7d
CastleFortress/hard/P010/000474,CastleFortress,CastleFortress,hard,P010,474,32,train,3.25,55.0,0,0.9693,0.2302,0.0548,0.1898,8262f7ebf2005316125598a2feac76b7a6a138477b13f1d84211629b947e5523
CastleFortress/hard/P010/001456,CastleFortress,CastleFortress,hard,P010,1456,32,train,13.6328,14784.0,0,0.9458,0.5224,0.3313,0.7875,151eabfb31fe64cc876bed8f54041313830b81e8cd4cdb2cebba3b91c3d55b0d
CastleFortress/hard/P011/000381,CastleFortress,CastleFortress,hard,P011,381,32,train,13112.0,16336.0,0,0.9844,0.1245,0.5588,0.2376,59df3ba0dcf046eda6e252efe807eff9369b40b64826d70f9e020119727efbbd
CastleFortress/hard/P011/001176,CastleFortress,CastleFortress,hard,P011,1176,32,train,5.0664,14568.0,0,0.8911,0.4543,0.0699,0.3809,2819bd4213047f89469fd769a5404af8158fab3a146e5a196b1b1d55fe0e5fcc
CoalMine/easy/P000/000133,CoalMine,CoalMine,easy,P000,133,32,train,3.4785,7.05,0,0.9748,0.4687,0.2885,0.1482,b7849f20ac36010e54115c822ea9711e3765e05b806482e7ecb1ee680b6b7811
CoalMine/easy/P000/000432,CoalMine,CoalMine,easy,P000,432,32,train,2.6943,34.41,0,0.9376,0.501,0.0534,0.2907,c4f262be30093b2427031c0944a13ab5988aa6265ada37cbf63f904a32fc2b60
CoalMine/easy/P001/000223,CoalMine,CoalMine,easy,P001,223,32,train,2.8945,10.31,0,0.9712,0.1478,0.0183,0.1644,57ffcf65798ebddccc61b12d0f7644f2b00980c5eb7abb2732ba4c6a71fc732c
CoalMine/easy/P001/000701,CoalMine,CoalMine,easy,P001,701,32,train,4.3867,9.59,0,0.968,0.4218,0.1782,0.3694,6eda4f6b5ff1639303c5029e1291814f887dbb79cf0fd14a414aca870375aec3
CoalMine/easy/P002/000145,CoalMine,CoalMine,easy,P002,145,32,train,5.3359,17.8,0,0.9894,0.4372,0.1629,0.0676,6db352764516e99aef63d3e105645fb23885d67f19004f86beb4e0801891e184
CoalMine/easy/P002/000467,CoalMine,CoalMine,easy,P002,467,32,train,3.5527,9.68,0,0.9665,0.4404,0.3362,0.1929,accbac9bf0e5473ed4ad1539af32b9f423c2013017729e25e52bc89e4ba6fbb3
CoalMine/easy/P003/000212,CoalMine,CoalMine,easy,P003,212,32,train,4.3516,48.19,0,0.98,0.5339,0.0417,0.1351,cd836f5e16f5512e7ade2d20bae5f9b29db484abd6aa4c3773e4e24523d418f5
CoalMine/easy/P003/000669,CoalMine,CoalMine,easy,P003,669,32,train,2.4092,54.72,0,0.9561,0.5031,0.2022,0.1407,9cdf7d8ff4e5ee0ebe7436189ff6633dd90691e18dc113efd609509a1b913ac3
CoalMine/easy/P004/000068,CoalMine,CoalMine,easy,P004,68,32,train,3.3945,5.86,0,0.9758,0.3992,0.2316,0.1562,5d152a288468bb667dd1e69f44f4d05579c2de1bbdcc85cfb11bbbfc31985e97
CoalMine/easy/P004/000234,CoalMine,CoalMine,easy,P004,234,32,train,1.4336,13.22,0,0.9064,0.2777,0.137,0.0842,51c2e759cb1e42d1066e5aa3bb67af64334af34fe5e0b8161599c8b062caf5cb
CoalMine/easy/P005/000278,CoalMine,CoalMine,easy,P005,278,32,train,5.4453,12.64,0,0.9825,0.2827,0.1445,0.1688,fe151037023207df98bddb329859e29187a612fef3eb55229633387a21871669
CoalMine/easy/P005/000868,CoalMine,CoalMine,easy,P005,868,32,train,2.666,26.42,0,0.964,0.3063,0.3773,0.13,e45942d51efcb97963a93ec48fe1a52573964172a81e2217b8af638a4803fc08
CoalMine/hard/P000/000081,CoalMine,CoalMine,hard,P000,81,32,train,5.2695,26.92,0,0.9121,0.3774,0.1984,0.3609,0054466c1287f8be43a0cdff56d746bb1b8d77d0374e7fe5ddb48aa7fcc34133
CoalMine/hard/P000/000276,CoalMine,CoalMine,hard,P000,276,32,train,6.5762,29.62,0,0.9712,0.439,0.2484,0.3146,2653e608675776f3d9cbbb79b8ecfe41abb36a6a993e30820f991dc985cb471c
CoalMine/hard/P001/000124,CoalMine,CoalMine,hard,P001,124,32,train,3.1621,34.97,0,0.8513,0.2093,0.0562,0.1994,b7dfd8b27f1502875416528aaf32e5ab8c874f0d6bbe7d171ad16f08aa9b73ca
CoalMine/hard/P001/000403,CoalMine,CoalMine,hard,P001,403,32,train,3.8691,32.25,0,0.945,0.3628,0.3149,0.4332,633d0bd63a6aaed6e22906bd9ccbfdf0a295d3d4684675dfa393785172c52357
CoalMine/hard/P002/000084,CoalMine,CoalMine,hard,P002,84,32,train,5.5586,22.3,0,0.9693,0.4905,0.2604,0.3226,071590fc895e6bee7f106b6fefbf060d7de00ab4c8d0ec4ed00cc7c8b1b1ae6b
CoalMine/hard/P002/000285,CoalMine,CoalMine,hard,P002,285,32,train,4.1914,28.83,0,0.9419,0.4212,0.3458,0.2295,972aea755a54bfb29f6d61e52d4d477c3aa7583d110d32d64dbe9f77903e447a
CoalMine/hard/P003/000104,CoalMine,CoalMine,hard,P003,104,32,train,3.6699,49.44,0,0.9531,0.2817,0.0383,0.4321,7988855ba388e592cfda0f222c680a782251afb633525908e2fc1f58b6c2e7ef
CoalMine/hard/P003/000343,CoalMine,CoalMine,hard,P003,343,32,train,3.3906,27.47,0,0.9442,0.3331,0.1744,0.251,f5fa405a8dc5f5e962a65aee1fe9183fd48b62acacea6a2f11c38ddce5212255
CoalMine/hard/P004/000040,CoalMine,CoalMine,hard,P004,40,32,train,4.2188,24.52,0,0.9318,0.5149,0.2986,0.2867,ffc64721c05c10bb25a85331c1641aa32570ad0d3e8d4e4dfbe4620a038909e8
CoalMine/hard/P004/000150,CoalMine,CoalMine,hard,P004,150,32,train,5.625,15.26,0,0.8105,0.3971,0.2418,0.3417,a6c5ed0901f48c200c43e19e6d9f432b36047484abda8ad8065b7fbf871f19fd
CoalMine/hard/P005/000148,CoalMine,CoalMine,hard,P005,148,32,train,3.4219,7.09,0,0.922,0.1005,0.0265,0.4645,b9c596456e9201bb7929d1bd9b0001eb5f87369592788d20280e30ff4ac90187
CoalMine/hard/P005/000477,CoalMine,CoalMine,hard,P005,477,32,train,2.9062,19.38,0,0.8008,0.2752,0.4178,0.4289,885c410e120b6ed0d4f1182d4a2b99e0213f310f995bd9e241d3228922fcf5ca
ConstructionSite/easy/P000/000258,ConstructionSite,ConstructionSite,easy,P000,258,32,train,8.4531,1392.0,117,0.9865,0.6624,0.1731,0.1264,7ce2ad8e7c3de364086e9186f4610b7a8b0303a2d9c1c4a6e0f37f2a3b0dc36d
ConstructionSite/easy/P000/000805,ConstructionSite,ConstructionSite,easy,P000,805,32,train,11.7031,116.09,4734,0.8915,0.6819,0.4359,0.1695,d8359758360e27e083e23dc4078e230d12b89fd95b9242835d669c9466834592
ConstructionSite/easy/P001/000248,ConstructionSite,ConstructionSite,easy,P001,248,32,train,6.7852,86.25,3957,0.9203,0.5271,0.4041,0.2319,eceb4c7fcd45a0fc3e736002240083de04f0f3d73aa17a85c6066cdf9306eea5
ConstructionSite/easy/P001/000776,ConstructionSite,ConstructionSite,easy,P001,776,32,train,2.3848,55.89,2239,0.9249,0.5665,0.3836,0.1006,8df5aaef58b970ef9cbd29ce02d002ea68a9f3a052a8e361d1c286f8c15a87d2
ConstructionSite/easy/P003/000126,ConstructionSite,ConstructionSite,easy,P003,126,32,train,8.6641,91.0,0,0.9551,0.5489,0.0326,0.3008,5d2430fd2bd1e22cc7d681601503f97d90dd1282babdfe35b3e8838c0a7fa88a
ConstructionSite/easy/P003/000410,ConstructionSite,ConstructionSite,easy,P003,410,32,train,8.6328,108.03,360,0.9622,0.6745,0.0599,0.0983,3c797978630d6e04969dcc2c2b0239b0ebf5ca19e49333a4353c80533195b034
ConstructionSite/easy/P005/000194,ConstructionSite,ConstructionSite,easy,P005,194,32,train,8.7266,56.31,606,0.9581,0.5125,0.0826,0.314,a0c24b78f7d0f75b06feb4e0fd0462835960db3618237b8cb67384761592f74d
ConstructionSite/easy/P005/000613,ConstructionSite,ConstructionSite,easy,P005,613,32,train,35.1562,974.5,3319,0.9656,0.783,0.1876,0.1986,4c158d2ba527fe06f88097540be09825f86fc43a91fa82199d456fc28cd7d4e5
ConstructionSite/easy/P006/000342,ConstructionSite,ConstructionSite,easy,P006,342,32,train,1.5396,70.75,0,0.9421,0.2348,0.0211,0.07,f3e9d3b0c2689935e5c5777864cafaaf26e75562ffb6ff06fd2671d54637e396
ConstructionSite/easy/P006/001058,ConstructionSite,ConstructionSite,easy,P006,1058,32,train,8.1406,31088.0,1053,0.9589,0.6416,0.1732,0.0939,2b887a2ea2083c00b8191b5ef9cc269538f33b5e3fab255faf40eebd9137f919
ConstructionSite/easy/P007/000354,ConstructionSite,ConstructionSite,easy,P007,354,32,train,3.1484,67.62,2,0.9159,0.3865,0.075,0.2845,5b52d5e9d97cba9129d38f6d82beefadab6f93c50d15933e5c604b791deb4bcb
ConstructionSite/easy/P007/001094,ConstructionSite,ConstructionSite,easy,P007,1094,32,train,10.5156,21824.0,464,0.9665,0.6558,0.1864,0.157,db6b27719553d3e7ea50fb5d28a777991c8a20f9e6df1cf9d20d2811de5709da
ConstructionSite/easy/P008/000254,ConstructionSite,ConstructionSite,easy,P008,254,32,train,9.9453,60.94,874,0.8356,0.5015,0.0932,0.1986,bfb326a0d67fea5a5224bd057c47ba39d548e05d2e6055ca3470e7df575f717b
ConstructionSite/easy/P008/000793,ConstructionSite,ConstructionSite,easy,P008,793,32,train,18.6016,38192.0,7685,0.9725,0.556,0.1661,0.1409,736285fb1409c8d5cb02a1a6b9b2fb0302ce151255f6dd9da2b6a5f9a5d61612
ConstructionSite/easy/P009/000360,ConstructionSite,ConstructionSite,easy,P009,360,32,train,9.8633,113.62,7788,0.9819,0.3841,0.4106,0.1392,a83e0d586c521dd2aa2f7ea68eea0e3d142a23cdc7da9905e7b6df87a1c5137d
ConstructionSite/easy/P009/001114,ConstructionSite,ConstructionSite,easy,P009,1114,32,train,3.2422,6684.0,46,0.933,0.4961,0.2211,0.2585,3144ab7b9c4bf9fa4e1d1e452f3d6644a51e81756fefa2446f62b3474840d427
ConstructionSite/easy/P010/000124,ConstructionSite,ConstructionSite,easy,P010,124,32,train,4.1523,68.38,14,0.9438,0.7427,0.0273,0.2607,757a07e65c2a7e3ff926658b35f0d130174eeeabd441635d370d85bcfce930ee
ConstructionSite/easy/P010/000405,ConstructionSite,ConstructionSite,easy,P010,405,32,train,1.7656,5.08,0,0.9643,0.0531,0.0038,0.1832,2f0bc370ab9961d0c168ef582d22abda51c6ae880b5ff6c6b7e1c84cba23425f
ConstructionSite/easy/P011/000267,ConstructionSite,ConstructionSite,easy,P011,267,32,train,8.4219,42848.0,5569,0.8345,0.667,0.1484,0.3755,7c5d4d9a957792404938c72710dee9de104aac8d86db4b617cbf904b42b34adb
ConstructionSite/easy/P011/000833,ConstructionSite,ConstructionSite,easy,P011,833,32,train,9.8047,12608.0,2844,0.8852,0.5434,0.1283,0.2258,139f08a9c455e36a73972805b2a21d4933cc38d381e8ea686c17b78e026e8cd2
ConstructionSite/hard/P000/000158,ConstructionSite,ConstructionSite,hard,P000,158,32,train,3.4707,928.25,214,0.8737,0.5537,0.0375,0.2809,2f10a5d02b45aa788a6181b095e0de99ac81b7672a44166a7c2d0bbc2a1b73c6
ConstructionSite/hard/P000/000507,ConstructionSite,ConstructionSite,hard,P000,507,32,train,7.0508,31.92,3577,0.8597,0.6428,0.0846,0.1873,ff870ce5befc25bc8466e1cf2654fb076443a1e012c2b4d24c94d0bc930dbb16
ConstructionSite/hard/P001/000127,ConstructionSite,ConstructionSite,hard,P001,127,32,train,3.7949,62.77,70,0.8875,0.3926,0.0594,0.1297,3e55f8407f2a3145822abf10728c13e82d84cc4d91a3fb2edde5de0395a89ff2
ConstructionSite/hard/P001/000414,ConstructionSite,ConstructionSite,hard,P001,414,32,train,3.3926,37.78,51,0.852,0.3266,0.0329,0.2746,09f67450cdcfb36f76ffe396b31159b918c8f97af62dab2b9736d033e8f8eb59
ConstructionSite/hard/P003/000067,ConstructionSite,ConstructionSite,hard,P003,67,32,train,3.6572,24.59,0,0.9551,0.2623,0.0917,0.4156,58177f46e411519019df8fed841f56d3ad5bb670f677426c0fc6a2a1935b0041
ConstructionSite/hard/P003/000234,ConstructionSite,ConstructionSite,hard,P003,234,32,train,4.8086,48.91,27,0.8378,0.3042,0.0809,0.3643,ceea9c2780b1f84d11f86b75ac1f3c25f3f5d2c5d2e84dc180a35362598b1af9
ConstructionSite/hard/P005/000102,ConstructionSite,ConstructionSite,hard,P005,102,32,train,7.7969,52.53,3799,0.8543,0.57,0.1744,0.4307,ae718ea3b4305549418ec65c5ed219b557c8f1ec26bf28faf8b12a032717c436
ConstructionSite/hard/P005/000337,ConstructionSite,ConstructionSite,hard,P005,337,32,train,8.9492,94.12,7267,0.9024,0.5349,0.3084,0.3216,ff70cfca81991ce917fad35058abf8a6e9a841fa446b522d0f03f04c5af5edbd
ConstructionSite/hard/P006/000182,ConstructionSite,ConstructionSite,hard,P006,182,32,train,1.9033,62.09,0,0.9129,0.1973,0.059,0.3658,349069b45c37210600c395482a8d50691989433a56b3f24f75b7ab5bfc773a12
ConstructionSite/hard/P006/000576,ConstructionSite,ConstructionSite,hard,P006,576,32,train,8.7344,54336.0,3520,0.8994,0.514,0.1564,0.355,3bcc4172f7bc4096a61789d544d5e36a4f019c0d47193d13020ebd65f521fb48
ConstructionSite/hard/P007/000198,ConstructionSite,ConstructionSite,hard,P007,198,32,train,3.0508,5.78,0,0.9169,0.4096,0.0177,0.207,c1d234e5912b74d74358c7f9fa87146c77235b3800daafbd4d436b7809b02d0b
ConstructionSite/hard/P007/000625,ConstructionSite,ConstructionSite,hard,P007,625,32,train,13.0547,32200.0,0,0.9714,0.5873,0.049,0.6079,6d2cb9d46b901f6c7404baea2f632c684c2690b3073bc5ef8fd377593488f56e
ConstructionSite/hard/P008/000129,ConstructionSite,ConstructionSite,hard,P008,129,32,train,10.5547,55.72,6797,0.9442,0.5308,0.2137,0.2303,57ea3d757b558fc7185407abb3cb27576a9400d44e23a9226fd046a372b9092e
ConstructionSite/hard/P008/000420,ConstructionSite,ConstructionSite,hard,P008,420,32,train,17.7031,21888.0,14068,0.9683,0.2909,0.4437,0.1836,27f54283c9f35537d87a4d424c09d3b282e287c628cade19d96f335955938470
ConstructionSite/hard/P009/000215,ConstructionSite,ConstructionSite,hard,P009,215,32,train,4.3398,60.56,3,0.9032,0.2928,0.0508,0.1546,3c39c8880d3d94994ed48b9cfcbd987303bef0fc9855f9001e1dceda95f85a3f
ConstructionSite/hard/P009/000676,ConstructionSite,ConstructionSite,hard,P009,676,32,train,5.5469,30400.0,340,0.8612,0.6791,0.0787,0.2849,f94df8d481c8c64852bc4fce812aaba2835c135e1ec295e6ce3edabfa9fea23b
ConstructionSite/hard/P010/000082,ConstructionSite,ConstructionSite,hard,P010,82,32,train,12.3281,97.62,6007,0.9182,0.4909,0.4041,0.351,db64b9d4ff3da1719ad6b67a9b52ed6fdc97eccb0993e509e200dea430f40948
ConstructionSite/hard/P010/000276,ConstructionSite,ConstructionSite,hard,P010,276,32,train,5.9375,52.2,8013,0.9467,0.2946,0.4225,0.4196,f8ea40312e78f6663d33fd71baecd01aeecfe4d171709fac3d4a952d1347fc4d
ConstructionSite/hard/P011/000126,ConstructionSite,ConstructionSite,hard,P011,126,32,train,5.5195,6664.0,168,0.9135,0.4284,0.0252,0.4793,755c6ca5b334658d5035cd8fa2d123fb2b69eec0e7434dfcd46e5500320ff4bd
ConstructionSite/hard/P011/000410,ConstructionSite,ConstructionSite,hard,P011,410,32,train,12.5703,67.12,2255,0.9114,0.6106,0.0984,0.5876,790e6abce275966a4f157133303c50a93107d11fe86a3b8a93bfda22d4cfe40e
CountryHouse/easy/P000/000050,CountryHouse,CountryHouse,easy,P000,50,32,train,1.2236,3.46,0,0.9743,0.1767,0.0384,0.1284,22ef696d773a754dd85f4e5afc304d8818d2042622fd36882b7c036439432af8
CountryHouse/easy/P000/000184,CountryHouse,CountryHouse,easy,P000,184,32,train,1.1934,3.88,0,0.9245,0.2484,0.0972,0.102,c61c14ae83b9444c25c903e7befa8a5b60d39cee597c8611ecc452d834645150
CountryHouse/easy/P001/000037,CountryHouse,CountryHouse,easy,P001,37,32,train,1.208,5.81,0,0.8831,0.3537,0.2575,0.2901,20dd3ba7af323605bd5384acf15cbf5b3ed596110516dbc162a7142bd51aef68
CountryHouse/easy/P001/000144,CountryHouse,CountryHouse,easy,P001,144,32,train,1.6113,4.74,0,0.9456,0.3526,0.2232,0.1627,a29d295f74b3dbb1eacd5c86af4534c04342b8852373696c034b69b01bf2594c
CountryHouse/easy/P002/000093,CountryHouse,CountryHouse,easy,P002,93,32,train,1.4399,6.59,0,0.9894,0.3115,0.1925,0.084,c49b90fac1c40b46f9be795f25332280b1babefae8eab6cafa3805b8368f3718
CountryHouse/easy/P002/000311,CountryHouse,CountryHouse,easy,P002,311,32,train,1.0449,4.81,0,0.8532,0.1501,0.0845,0.1077,834b5dada58691a6b234439423d3aac5a894370e0d351b93eb96a23ae25a7434
CountryHouse/easy/P003/000076,CountryHouse,CountryHouse,easy,P003,76,32,train,1.2295,2.43,0,0.9888,0.2423,0.0513,0.0825,f3b52dfcd2c96491d6c44a11d6b0d54cd951146048d3863d8c650e6e304c95ca
CountryHouse/easy/P003/000261,CountryHouse,CountryHouse,easy,P003,261,32,train,1.2793,5.24,0,0.9252,0.29,0.0927,0.1307,6a3296c1bfa68296da6f6499443b817ce7cbc09785fd13841416aee9edc88e5a
CountryHouse/easy/P004/000089,CountryHouse,CountryHouse,easy,P004,89,32,train,1.0625,3.64,0,0.9298,0.2326,0.4702,0.1653,9ccba1d92674caa39341846cd39222b56f52bf7b71d66501583e5acce814216f
CountryHouse/easy/P004/000298,CountryHouse,CountryHouse,easy,P004,298,32,train,1.8779,4.59,0,0.9291,0.3571,0.3064,0.1649,e21e755192adafa3e1f3c99ebc31e6a8b6509b17e31a5e739419af040b0bd854
CountryHouse/easy/P005/000042,CountryHouse,CountryHouse,easy,P005,42,32,train,2.1523,5.25,0,0.9808,0.4815,0.3456,0.0746,7ac4d05dd2b8bad907cd1ea1d6d6bce747896566375cf5074705472cc9de31c0
CountryHouse/easy/P005/000156,CountryHouse,CountryHouse,easy,P005,156,32,train,0.8789,5.55,0,0.9298,0.2015,0.0685,0.1004,90d1596d28fe3c0949357e953f11df8b9c846892bc0ad3696ce8aab299e3a3ec
CountryHouse/hard/P000/000027,CountryHouse,CountryHouse,hard,P000,27,32,train,1.0869,4.17,0,0.9412,0.1146,0.05,0.163,8c4b48c41b21bec5cdc72e53c9b42ffd2b808894e4390c4d211f3d63c8b4751c
CountryHouse/hard/P000/000112,CountryHouse,CountryHouse,hard,P000,112,32,train,1.7695,6.62,0,0.8316,0.3158,0.176,0.2644,93ae4c3201b6982de7420107c4c06fffa83cb45d0ae9e94c2aa41089fcb21d83
CountryHouse/hard/P001/000024,CountryHouse,CountryHouse,hard,P001,24,32,train,1.7529,4.67,0,0.9266,0.2977,0.3935,0.1867,e1c0592017417494d7235281b1928896050a10a6973bc77ca9f77e61710482e7
CountryHouse/hard/P001/000105,CountryHouse,CountryHouse,hard,P001,105,32,train,1.6162,5.43,0,0.9015,0.289,0.2995,0.2057,9939f230905097d82a93213137ed3a888362de16b3932c5c656e46324c6cf992
CountryHouse/hard/P002/000052,CountryHouse,CountryHouse,hard,P002,52,32,train,1.3701,5.54,0,0.8239,0.1546,0.2163,0.2679,f7ee9a82ca10e7c8e59c521735a573260f5b8ee0ea4eba7d8f799def0045b315
CountryHouse/hard/P002/000187,CountryHouse,CountryHouse,hard,P002,187,32,train,1.5371,5.55,0,0.8791,0.3579,0.2382,0.1852,0047ee41e2119d657e13626f0d1bd6946170188dffa55cf7ef9585e44b5492fb
CountryHouse/hard/P003/000040,CountryHouse,CountryHouse,hard,P003,40,32,train,1.2725,2.45,0,0.9015,0.2532,0.168,0.2043,d4e93a391ad6198eca804641bd2dcad157b02cb12ca018239b81bc7ccf329756
CountryHouse/hard/P003/000152,CountryHouse,CountryHouse,hard,P003,152,32,train,0.9609,2.21,0,0.8396,0.1723,0.1401,0.2344,00de79f2393535f8f18ae94b939a5c472ec7fefa7d78cc12bd85f549603dcc15
CountryHouse/hard/P004/000050,CountryHouse,CountryHouse,hard,P004,50,32,train,2.2617,5.47,0,0.8782,0.3537,0.3247,0.2511,d65942f4b4c3ea04b07c3b08aaf8b0d65588cab6a7009bb8a01dfd6cc0bb3b7f
CountryHouse/hard/P004/000182,CountryHouse,CountryHouse,hard,P004,182,32,train,1.5166,5.33,0,0.9074,0.2912,0.2224,0.1338,6ba1b5aaca2c2d516bdb2a424a5dcd59361eec3304a5e4280e47ceabe9ded735
CountryHouse/hard/P005/000020,CountryHouse,CountryHouse,hard,P005,20,32,train,2.207,7.68,0,0.9503,0.5093,0.1944,0.2575,cf32730b6a6a2895f3c5ff9547c7eda13600141940dd9458ed0f137e2248f17b
CountryHouse/hard/P005/000092,CountryHouse,CountryHouse,hard,P005,92,32,train,1.2964,7.21,0,0.8965,0.2948,0.1933,0.2225,02a02c14e4e526fe29757cd45bee5f0da096b4f98119118d810e55b1c25364ae
CyberPunkDowntown/easy/P000/000444,CyberPunkDowntown,Cyberpunk,easy,P000,444,32,test,1.9502,65.0,0,0.8636,0.0972,0.0794,0.3118,2672dc2c568af027f06bfdf46a34bcbe9642d21ca0ec53ee79ea1c87f2eb5f23
CyberPunkDowntown/easy/P000/001362,CyberPunkDowntown,Cyberpunk,easy,P000,1362,32,test,13.3906,87.25,0,0.989,0.3492,0.18,0.2322,3fc35fd7b49921d9c45386bca2d3954a09049cb0d490a5a023a2910c099c0ae3
CyberPunkDowntown/easy/P001/000624,CyberPunkDowntown,Cyberpunk,easy,P001,624,32,test,8.3594,41.62,0,0.9869,0.3047,0.2722,0.1495,acfc71b3b35dac9350dbc05f705ab9b607bf33789e4e645e16db40397f515f8a
CyberPunkDowntown/easy/P001/001905,CyberPunkDowntown,Cyberpunk,easy,P001,1905,32,test,6.6602,32.44,0,0.9847,0.1073,0.2735,0.2309,2361709f8d6b3bf00da2bc137d8683e3c7dac63cb43df8ba69275ea1f4b7d848
CyberPunkDowntown/easy/P002/000329,CyberPunkDowntown,Cyberpunk,easy,P002,329,32,test,14.1445,13880.0,0,0.9834,0.5745,0.158,0.1432,f6a4d3c053155b80491d446a1b02e81c04147c49248bbb25c004c97f72b9e2c9
CyberPunkDowntown/easy/P002/001020,CyberPunkDowntown,Cyberpunk,easy,P002,1020,32,test,14.9844,76.19,0,0.9587,0.4683,0.1019,0.2654,a47950f3e30b45008c74131f68cdb7cc72f2d2d9f166488dfa0fff77b4695606
CyberPunkDowntown/easy/P003/000517,CyberPunkDowntown,Cyberpunk,easy,P003,517,32,test,7.6211,59.56,0,0.9875,0.4962,0.175,0.1129,c309d61d0ff01b29e10b69244b544e97752cdb3fda45adb0f0394103e9f0672a
CyberPunkDowntown/easy/P003/001584,CyberPunkDowntown,Cyberpunk,easy,P003,1584,32,test,15.5859,88.94,0,0.9825,0.4592,0.1478,0.1166,9f8d2e478f36c26fead839d9aa7180bfe1f8cd46ac04d5566103a34c78bf5cf7
CyberPunkDowntown/easy/P004/000410,CyberPunkDowntown,Cyberpunk,easy,P004,410,32,test,3.1113,47.06,0,0.9876,0.2229,0.0508,0.1568,ff9d143d07c2e92636e436619a33d1e7c82b56209f7d3a92c513d59409fc1ccb
CyberPunkDowntown/easy/P004/001264,CyberPunkDowntown,Cyberpunk,easy,P004,1264,32,test,6.1289,30.39,0,0.9987,0.2666,0.0415,0.0717,735966431036df0a47d83aa7386d5c974a7aaab885b6b7ce51104607498eefd9
CyberPunkDowntown/easy/P005/000195,CyberPunkDowntown,Cyberpunk,easy,P005,195,32,test,20.2812,72.19,0,0.984,0.6177,0.1604,0.1568,be67c2fe5c4aaff3c142d5f3e1a832dc3ed2ad242240df965e5df2a63bee75de
CyberPunkDowntown/easy/P005/000617,CyberPunkDowntown,Cyberpunk,easy,P005,617,32,test,6.4844,44.12,0,0.9815,0.2721,0.0723,0.3903,eadf7b07f999bd5b24b60948321ea5fddc0ba6e21247a00fa23f7a01621104cd
CyberPunkDowntown/easy/P006/000473,CyberPunkDowntown,Cyberpunk,easy,P006,473,32,test,9.6094,88.88,0,0.9654,0.3324,0.2501,0.4152,cc9f21029a05476b04b239bdfa51e4d9355bf187c77051768d958b47358e488c
CyberPunkDowntown/easy/P006/001452,CyberPunkDowntown,Cyberpunk,easy,P006,1452,32,test,10.8281,12544.0,0,0.9816,0.4476,0.1648,0.0849,d8db6181747790c369959cb6130ef7a02659f3fdc2f262741e23775ad501ae1c
CyberPunkDowntown/hard/P000/000266,CyberPunkDowntown,Cyberpunk,hard,P000,266,32,test,3.0273,33.12,0,0.962,0.1396,0.038,0.2646,8b8ab9a9a640f8624571e0733bd8db96053eb48aad2d697eef32c437d1d60ab5
CyberPunkDowntown/hard/P000/000829,CyberPunkDowntown,Cyberpunk,hard,P000,829,32,test,24.0156,13976.0,0,0.9549,0.4246,0.0638,0.1649,4580ea7063d462fcfa2bd8d5a62643fd1cc702afe4aa50bbc73fc167ce9863b0
CyberPunkDowntown/hard/P001/000306,CyberPunkDowntown,Cyberpunk,hard,P001,306,32,test,10.8047,50.88,0,0.8576,0.4739,0.1954,0.5051,79ed62639de325f7f5266c4a076a80dfdff348ea245eeb8bd6b4b91de04b9b80
CyberPunkDowntown/hard/P001/000950,CyberPunkDowntown,Cyberpunk,hard,P001,950,32,test,11.625,82.62,0,0.912,0.5166,0.1165,0.6348,06ebacd39dcc6166d706f1dbbfe70336fa00c0f405d77d7b3f05366c03bbafb9
CyberPunkDowntown/hard/P002/000197,CyberPunkDowntown,Cyberpunk,hard,P002,197,32,test,11.2539,67.81,0,0.9196,0.2993,0.1325,0.3352,62a3441bbf792921b7f8fe30daf9186875e60a75e763e6c542f280771e29703e
CyberPunkDowntown/hard/P002/000624,CyberPunkDowntown,Cyberpunk,hard,P002,624,32,test,7.0664,54.09,0,0.8705,0.2581,0.1024,0.4942,3d28a7f285ce5db09e5176930194422770957a12aef3d134716847fe9ce6dd2e
CyberPunkDowntown/hard/P003/000295,CyberPunkDowntown,Cyberpunk,hard,P003,295,32,test,10.7109,49.78,0,0.9518,0.3279,0.1707,0.4981,dd2c278c183a19e4ddbf66d972d94dc62696e5a567793ab2acac9d9050d95b61
CyberPunkDowntown/hard/P003/000918,CyberPunkDowntown,Cyberpunk,hard,P003,918,32,test,18.7812,14576.0,0,0.9094,0.6385,0.1327,0.3835,297ea519e82c86e29a9f882177b9bfe6c93b8c50ac457d1c91828a00aa5130ac
CyberPunkDowntown/hard/P004/000242,CyberPunkDowntown,Cyberpunk,hard,P004,242,32,test,12.1719,70.25,0,0.9443,0.4455,0.1261,0.1982,d27b777bf0d847a823e1d9d71716ca4fbca84380e6ea45ff650678c5261d7162
CyberPunkDowntown/hard/P004/000758,CyberPunkDowntown,Cyberpunk,hard,P004,758,32,test,22.0469,13456.0,0,0.9076,0.5702,0.119,0.2808,2c4250a3291883ad55e08f6bac785f1d5d7ce2ca0b64ccab66d6951b657cfccb
CyberPunkDowntown/hard/P005/000143,CyberPunkDowntown,Cyberpunk,hard,P005,143,32,test,2.0371,15064.0,0,0.9295,0.1753,0.2172,0.2614,39ed9c83e0344488ac8d732bfce330a11ba06370afe09ee70402c509731f4dbd
CyberPunkDowntown/hard/P005/000461,CyberPunkDowntown,Cyberpunk,hard,P005,461,32,test,13.0156,83.19,0,0.9484,0.3658,0.0905,0.3004,baa3c68f862d54cc90790e6a3dc7554da6f89e6a652512c21f1de85705e67d11
CyberPunkDowntown/hard/P006/000279,CyberPunkDowntown,Cyberpunk,hard,P006,279,32,test,13.2422,105.19,0,0.949,0.4548,0.2374,0.2605,9b06488bb655c379db78b3b9cfa7841adebab43e941bf9c353979fa520b407e7
CyberPunkDowntown/hard/P006/000870,CyberPunkDowntown,Cyberpunk,hard,P006,870,32,test,11.7578,14232.0,0,0.9386,0.488,0.1727,0.3395,cd5d1ddddf9f5b15e9fb939af049d6af279db3297e683cd2667027bca1f5338a
Cyberpunk/easy/P000/000656,Cyberpunk,Cyberpunk,easy,P000,656,32,test,4.0234,40.22,0,0.9345,0.2612,0.1171,0.1529,38f8c232503514ca1d6eb428494e23d8b1ce237e3ae19aed834c5e584d8a0f86
Cyberpunk/easy/P000/001998,Cyberpunk,Cyberpunk,easy,P000,1998,32,test,9.9922,13176.0,0,0.9527,0.3707,0.1683,0.3399,d450c0685b536ecb6a8e550971e6133b6d7d16f3a64c34989c62a6f747cca427
Cyberpunk/easy/P001/000425,Cyberpunk,Cyberpunk,easy,P001,425,32,test,16.3281,107.56,0,0.9841,0.3355,0.2477,0.3016,9274fedac1752c1b63c7c8e894ce2f6e0d3a95fabdb8e4bcfea0a14c202d75f3
Cyberpunk/easy/P001/001308,Cyberpunk,Cyberpunk,easy,P001,1308,32,test,8.2617,16160.0,0,0.9349,0.4262,0.1511,0.1556,ca9e10894d388bf6a9f0300a35220e3dd6134004a209e8f53a224be4ebbae390
Cyberpunk/easy/P002/000508,Cyberpunk,Cyberpunk,easy,P002,508,32,test,20.0,15328.0,0,0.9911,0.2854,0.2772,0.314,37f9c0f1cdbbfa40226eeea17313401879ef372fab9df41544f4d9564ceed87d
Cyberpunk/easy/P002/001558,Cyberpunk,Cyberpunk,easy,P002,1558,32,test,3.6211,15216.0,0,0.9441,0.2559,0.1368,0.2822,8e7e44a26af9735d469039b7cf65291d1ea33fb6b5c66a1de4c3e6c1eae9f388
Cyberpunk/easy/P003/000346,Cyberpunk,Cyberpunk,easy,P003,346,32,test,26.2031,15080.0,0,0.9649,0.4671,0.2939,0.3231,e6b6ca565d67578840a86aea1c9dcf0deca5a799273a0bf6e3d6834e697e14fc
Cyberpunk/easy/P003/001071,Cyberpunk,Cyberpunk,easy,P003,1071,32,test,1.3926,3.65,0,0.9799,0.0002,0.0747,0.1212,9c604365cc14df5c48b8fddbd3bf88fabe49d98600bf4fd0484571a32521a14e
Cyberpunk/easy/P004/000458,Cyberpunk,Cyberpunk,easy,P004,458,32,test,40.9219,16280.0,0,0.9721,0.4752,0.3399,0.1025,5b40f5b1ecf4d36dadcb02d553164df8369154eef34e4e5f0c830886d89e2d1a
Cyberpunk/easy/P004/001406,Cyberpunk,Cyberpunk,easy,P004,1406,32,test,3.0137,12640.0,0,0.9697,0.1964,0.1044,0.2515,f6a29b96d454a5989254d250bd2a49b5910186960a408659d155f181313fbf29
Cyberpunk/easy/P005/000186,Cyberpunk,Cyberpunk,easy,P005,186,32,test,12.7773,14184.0,0,0.9487,0.4097,0.2027,0.2984,08207f4312217c8887c6ab85ac1013509c24184bf34562775e78268d004e1421
Cyberpunk/easy/P005/000590,Cyberpunk,Cyberpunk,easy,P005,590,32,test,11.3047,12792.0,0,0.9565,0.4291,0.2626,0.3663,9f0c30d07b89b180f462b65829d35be8383a0353cbcdbb3fc94b1819eb3e80a3
Cyberpunk/easy/P006/000757,Cyberpunk,Cyberpunk,easy,P006,757,32,test,12.9297,113.31,0,0.9478,0.4532,0.2054,0.4608,f188a345be2de8f5ae1fbb09c8daa51d3ad4999315b5b64c7ef3c2ed35657da2
Cyberpunk/easy/P006/002302,Cyberpunk,Cyberpunk,easy,P006,2302,32,test,19.2656,15096.0,0,0.9751,0.5679,0.293,0.1113,03f69c8ddbd99659ed381e35094095d28fb6f05e37c219c37e26554905046cd6
Cyberpunk/easy/P007/000698,Cyberpunk,Cyberpunk,easy,P007,698,32,test,14.8047,12592.0,0,0.9868,0.2079,0.2409,0.304,45b0e8422ddeddc60e93c4cf58a031b0a65bcf8a5c359ccc645d61d282d2ce00
Cyberpunk/easy/P007/002128,Cyberpunk,Cyberpunk,easy,P007,2128,32,test,24.1094,14744.0,0,0.9813,0.3105,0.2684,0.213,1abc52a79b1ed6d2b841cdf81564d8639710d5a114efad509e213e74cb399bec
Cyberpunk/hard/P000/000367,Cyberpunk,Cyberpunk,hard,P000,367,32,test,15.4531,163.75,0,0.9426,0.3784,0.2348,0.3532,bd90679ab47080a11a0d8dd6a9da3b442ada39b51275d41e8ac2885f471b0995
Cyberpunk/hard/P000/001133,Cyberpunk,Cyberpunk,hard,P000,1133,32,test,10.0625,15768.0,0,0.8902,0.4297,0.2234,0.3093,b5de7797a8f1743011a279933a5d7974301e793aea8287d754ad505f30e51436
Cyberpunk/hard/P001/000239,Cyberpunk,Cyberpunk,hard,P001,239,32,test,44.25,15248.0,0,0.9481,0.2497,0.3795,0.1497,3b33cf64048c2da8614fc301c3fb576de8f15cb7c716cfc0a2a6fbf64b5effaa
Cyberpunk/hard/P001/000750,Cyberpunk,Cyberpunk,hard,P001,750,32,test,5.3633,80.44,0,0.8761,0.2266,0.1654,0.2341,4fb3451b3b47d798a7f7edeeddc75af70c9c1a5cdaffe4f513c9eeb9415cec4d
Cyberpunk/hard/P002/000302,Cyberpunk,Cyberpunk,hard,P002,302,32,test,21.0625,14472.0,0,0.9351,0.425,0.2117,0.2409,ac8003e75bf53253189123caa556c4ef2c0fb68466b772175114c7a625fec720
Cyberpunk/hard/P002/000937,Cyberpunk,Cyberpunk,hard,P002,937,32,test,12.9375,12672.0,0,0.9141,0.3446,0.2177,0.2232,03db36b29437ea0c813176fdd38469ede84ef5da27b3e194addb0e83240bf877
Cyberpunk/hard/P003/000165,Cyberpunk,Cyberpunk,hard,P003,165,32,test,41.8906,16384.0,0,0.9632,0.5043,0.3557,0.1788,0f880293ef84be510a5559ddfd1c9a096b11a95a51e785eca76002390ae5b8a9
Cyberpunk/hard/P003/000528,Cyberpunk,Cyberpunk,hard,P003,528,32,test,13.5391,15184.0,0,0.9557,0.2215,0.2428,0.3656,6bebb8bac56682dc691a90c283de5ed730b349d268b3f14b8820e67258a48914
Cyberpunk/hard/P004/000252,Cyberpunk,Cyberpunk,hard,P004,252,32,test,16.125,13192.0,0,0.8803,0.5281,0.2628,0.3628,6a1c1a5baff705259fe025ca98a53177c3a48313745157f981f2d3451513c4a6
Cyberpunk/hard/P004/000788,Cyberpunk,Cyberpunk,hard,P004,788,32,test,11.1797,13984.0,0,0.9516,0.1575,0.1885,0.4036,be99c0c7765bc1a75ea945515c5b65fb1a507740ebff9cd376f5f800a045b5aa
Cyberpunk/hard/P005/000098,Cyberpunk,Cyberpunk,hard,P005,98,32,test,8.8984,15232.0,0,0.9585,0.0986,0.1773,0.7161,ca1d7b253d2a3417286387418da163ed3e2b9a0632ac478d9354ae81c5cd44cc
Cyberpunk/hard/P005/000326,Cyberpunk,Cyberpunk,hard,P005,326,32,test,15.8398,11600.0,0,0.9071,0.3837,0.2617,0.5938,68a9e45d527944d6a4b085b42e406cd2b7225298dd73c424864064bbc848c1a6
Cyberpunk/hard/P006/000463,Cyberpunk,Cyberpunk,hard,P006,463,32,test,9.3125,157.5,0,0.9518,0.2427,0.1388,0.3477,972b421c52a7078556bf05d90cdfbea73c6800892cd73cb8b2b66b15961bc8c1
Cyberpunk/hard/P006/001421,Cyberpunk,Cyberpunk,hard,P006,1421,32,test,8.3984,109.0,0,0.9053,0.2988,0.1902,0.5958,e02fd3ce35a1c64ae55472b55dbb7bf764926f6715d5011fcad8428627831207
Cyberpunk/hard/P007/000435,Cyberpunk,Cyberpunk,hard,P007,435,32,test,38.0312,14816.0,0,0.966,0.5268,0.3625,0.3912,cae1f6418357f401617046d95365e4154b4dbdb42fdbe978218f7eee2fcac665
Cyberpunk/hard/P007/001336,Cyberpunk,Cyberpunk,hard,P007,1336,32,test,16.1328,12896.0,0,0.9364,0.4421,0.2381,0.2914,dd7455c8ec95521a10f22d86e6bdbb695526bc02436b915d5a6583db419fd37a
DesertGasStation/easy/P000/000140,DesertGasStation,DesertGasStation,easy,P000,140,32,train,43776.0,59904.0,0,0.965,0.3641,0.3703,0.1093,253eaef341dbd1671cc7ceac6a7d738dba8853d4159a5e11d9c23e8fe045341d
DesertGasStation/easy/P000/000451,DesertGasStation,DesertGasStation,easy,P000,451,32,train,2.8408,58976.0,0,0.9533,0.308,0.1946,0.1727,abbe6f47c7ecbdcca820624ccc855ddf33ca0ddc5687328b7dd47b0270606e41
DesertGasStation/easy/P001/000126,DesertGasStation,DesertGasStation,easy,P001,126,32,train,2.5488,59904.0,0,0.9666,0.1572,0.3525,0.3084,9b41ae4e0d8681081e5e96080986b263aa14ee39caac2a97983dae32538f6b7a
DesertGasStation/easy/P001/000411,DesertGasStation,DesertGasStation,easy,P001,411,32,train,6.123,58368.0,0,0.9706,0.2041,0.3273,0.1985,f1cf847b0188a1a6406c072650587e327585392100795162299db5f0b0b0b749
DesertGasStation/easy/P002/000186,DesertGasStation,DesertGasStation,easy,P002,186,32,train,44704.0,60064.0,0,0.948,0.2953,0.1692,0.2715,83931349a644d66a92666d65286e7b43c12324304326e418dc17679cc6c18f96
DesertGasStation/easy/P002/000588,DesertGasStation,DesertGasStation,easy,P002,588,32,train,1.124,12.02,0,0.9549,0.2386,0.087,0.0671,51820484e1f696e6a7f62837afb95fa2043afba4ead97c1daf2f53e3d20c3499
DesertGasStation/easy/P003/000163,DesertGasStation,DesertGasStation,easy,P003,163,32,train,7.4492,59776.0,0,0.9581,0.2328,0.1815,0.162,86901b6fea29ea8f42c1911f2b86f2cb003d7c4f592f1d5981875d39f97eb922
DesertGasStation/easy/P003/000520,DesertGasStation,DesertGasStation,easy,P003,520,32,train,45760.0,59776.0,0,0.9585,0.2478,0.1098,0.2746,dba39e574552fc8d6e62392f1714d692614cc7e29cdd8ca3c02312347deaa1c5
DesertGasStation/easy/P004/000170,DesertGasStation,DesertGasStation,easy,P004,170,32,train,6.875,59776.0,0,0.9709,0.334,0.2287,0.2362,019502c1a2e136e88119af82c55f5769e25b9cfb21e9cb36bee4714caa9b9a9e
DesertGasStation/easy/P004/000540,DesertGasStation,DesertGasStation,easy,P004,540,32,train,12.5781,59712.0,0,0.9731,0.2655,0.2804,0.1091,366c83bf1b74bc39b133e8573c4384b507086f43920525d67e9811edaaf87074
DesertGasStation/hard/P000/000076,DesertGasStation,DesertGasStation,hard,P000,76,32,train,5.2031,57760.0,0,0.9106,0.4174,0.2392,0.2899,b742be7fadba85c426d14ff2849ced5b3c9ad66f4c4e975015874345c7351f54
DesertGasStation/hard/P000/000262,DesertGasStation,DesertGasStation,hard,P000,262,32,train,44096.0,59936.0,0,0.9219,0.1748,0.3416,0.4915,5b50196fdcda442e274b980793e3a6d567d8653262e02e6f6766939f041d7242
DesertGasStation/hard/P001/000078,DesertGasStation,DesertGasStation,hard,P001,78,32,train,6.8398,59776.0,0,0.9054,0.2318,0.2823,0.3101,7454d68f9bd12e883a6496f22b32d947e8a76e150ed7dd5ac7e425283d0d5af2
DesertGasStation/hard/P001/000268,DesertGasStation,DesertGasStation,hard,P001,268,32,train,12.1094,59744.0,0,0.9168,0.408,0.2695,0.1734,480c905a32c0c3e418d0d4044a7c6888abbb9444caf4f39bebbffde02034cf79
DesertGasStation/hard/P002/000113,DesertGasStation,DesertGasStation,hard,P002,113,32,train,6.6523,59808.0,0,0.9234,0.4326,0.2726,0.3319,bc0216c07f95f7608b572076b34d68bbd63de38196a07acffd52cc0b1c7f3fa3
DesertGasStation/hard/P002/000370,DesertGasStation,DesertGasStation,hard,P002,370,32,train,2.0996,59968.0,0,0.8468,0.3258,0.3085,0.2686,11d22ea823cbb05b71e45f9f0c84712a22326bd084773f5db8455e98a6cda6f7
DesertGasStation/hard/P003/000105,DesertGasStation,DesertGasStation,hard,P003,105,32,train,50080.0,60064.0,0,0.9781,0.2409,0.4629,0.1557,390f452279ce70adb8920e2fe129c3589176cfed0a78d4e56ed75debe3ebbc06
DesertGasStation/hard/P003/000347,DesertGasStation,DesertGasStation,hard,P003,347,32,train,46656.0,60032.0,0,0.9739,0.2248,0.3042,0.2612,5bd0597b238b4463ba5320c7b27f0fbcbe020b6f5b76cd8d50e473aac0e87c63
DesertGasStation/hard/P004/000094,DesertGasStation,DesertGasStation,hard,P004,94,32,train,4.3789,59968.0,0,0.8942,0.3965,0.0481,0.3113,a74f493758739adfef1443cf52da3de24d0c02391854a1e53747a5d491941ca7
DesertGasStation/hard/P004/000315,DesertGasStation,DesertGasStation,hard,P004,315,32,train,6.8945,59328.0,0,0.9208,0.3415,0.1253,0.4902,31c6654ded6f3227ace283d2d971bd3991c38c9399cd7cc7d63fe7075033b5ea
Downtown/easy/P000/000684,Downtown,Downtown,easy,P000,684,32,train,7.2812,455.25,0,0.9759,0.2886,0.5115,0.145,72280467ffd1e83e10cd4d6a57cf59ec0727383d35114ea570c55743b70cacda
Downtown/easy/P000/002083,Downtown,Downtown,easy,P000,2083,32,train,11.9453,394.5,0,0.9039,0.6497,0.2743,0.2275,2be699f8427f75a9494baa6d6d1fe38a4b960fcd20e9b03c55e0c9c2d6d463cd
Downtown/easy/P001/000598,Downtown,Downtown,easy,P001,598,32,train,7.9629,286.5,0,0.967,0.4565,0.3105,0.1764,26c0e793f4ab3f669412635cdd71fcc64b682975d26255e1d25e4d9d26eb196b
Downtown/easy/P001/001827,Downtown,Downtown,easy,P001,1827,32,train,132.5,531.5,0,0.9484,0.3684,0.5946,0.3578,4e271245149e9c45f2bcb9a70406d96691173cf980bf2a78e3c96701de33e1c6
Downtown/easy/P002/000636,Downtown,Downtown,easy,P002,636,32,train,19.5781,427.25,0,0.9805,0.2127,0.322,0.1116,da19d95ecb2dc00bcefac5b0ab912deaf72ddc00bf33d5b076dd8e97580a80ec
Downtown/easy/P002/001941,Downtown,Downtown,easy,P002,1941,32,train,28.0938,117.31,0,0.9896,0.2828,0.3642,0.0883,89c6d1679eda43654178032af9343ae66134a9de4ac8f95e96382eeb97fada6d
Downtown/easy/P003/000485,Downtown,Downtown,easy,P003,485,32,train,13.3828,363.25,0,0.9142,0.6468,0.364,0.365,e8999a94105eaf4fe5a85cf4175bf5bde6b5d263296ba24d08de2a786a87fd01
Downtown/easy/P003/001486,Downtown,Downtown,easy,P003,1486,32,train,13.0703,480.25,0,0.9112,0.5716,0.183,0.1649,5ffdd4b92c78e7479a37229e9f501b86d269731a941df2c259d28ce76cc28c5b
Downtown/easy/P004/000537,Downtown,Downtown,easy,P004,537,32,train,22.7578,436.75,0,0.9652,0.3532,0.3688,0.2213,c102c9d95c70da21185ae55c5dc27cc3fd3162d3917df911319de3b54a63e6f6
Downtown/easy/P004/001643,Downtown,Downtown,easy,P004,1643,32,train,8.0273,460.75,0,0.8316,0.495,0.1895,0.2805,7c185c6810db9bf46b7c1e6ad3eb65972c702b04cdae0ddcc35728d31238cd38
Downtown/easy/P005/000545,Downtown,Downtown,easy,P005,545,32,train,3.1709,422.75,0,0.9697,0.1551,0.5104,0.0987,df2fa44cb82cb1b610eaa3d48e4c0c96e8e995c7a7f9d1e4b9985c6b6e665276
Downtown/easy/P005/001667,Downtown,Downtown,easy,P005,1667,32,train,44.8125,480.25,0,0.9732,0.3025,0.4648,0.1068,0771b1ee507d82d97dd1400635de82663ca9a8bc543c5e007f09b4167d801b6d
Downtown/easy/P006/000594,Downtown,Downtown,easy,P006,594,32,train,12.332,385.0,0,0.9606,0.6074,0.3045,0.0839,2f335c58e20419a951fd35176513d0d548b1e562fce9101f417297f7a5c4da8f
Downtown/easy/P006/001816,Downtown,Downtown,easy,P006,1816,32,train,19.0,459.75,0,0.9581,0.6647,0.2573,0.0671,d9f89c4022c3b5af593280184f0c7c00b5c93bf1b15a922ce6feaf5a7a78a5ad
Downtown/easy/P007/000508,Downtown,Downtown,easy,P007,508,32,train,34.2812,457.75,0,0.9664,0.7394,0.341,0.0985,0d551a257aadef76f14cb03aefd8e77b0fe3d5ce70737de36fa67e01e6424815
Downtown/easy/P007/001555,Downtown,Downtown,easy,P007,1555,32,train,33.1875,494.0,0,0.962,0.5023,0.3949,0.3304,cdb4d8867f12ce4d0e6313e03327fa582a9c7c00570860a215b5191b35e0118a
Downtown/easy/P008/000512,Downtown,Downtown,easy,P008,512,32,train,15.4883,357.25,0,0.9562,0.8894,0.4135,0.3834,3a2da5ca02a5464a8cd94812c00502d935aa335f943b22ccbf749931370d08d5
Downtown/easy/P008/001570,Downtown,Downtown,easy,P008,1570,32,train,64.3125,448.0,0,0.9632,0.404,0.4828,0.2945,8cbd4f417054b21e82afcb7bbbb84d2a642a807e16da4f53c163e26cef22c4b5
Downtown/hard/P000/000350,Downtown,Downtown,hard,P000,350,32,train,45.8125,490.0,0,0.9565,0.1989,0.3786,0.4105,d8723d27ca7e727c2e2eba50cf09b4c303e67651db15fc7c4356273e6942dc08
Downtown/hard/P000/001080,Downtown,Downtown,hard,P000,1080,32,train,28.375,361.0,0,0.9394,0.3651,0.2691,0.1724,9725e8da64a7a1c0856437ede633fb448134c5f0aeb5008bcf3fbb3ad291e247
Downtown/hard/P001/000301,Downtown,Downtown,hard,P001,301,32,train,15.9609,394.25,0,0.9771,0.2181,0.5499,0.2175,ae16f6b4829fedda28f7c91e9b04c9c1ab4dfc388e700bba59eeba761e0dd510
Downtown/hard/P001/000935,Downtown,Downtown,hard,P001,935,32,train,16.2812,383.75,0,0.9135,0.2503,0.5802,0.8307,cbc8f2c7d98272dcb8b0231a8e33df887c2cf64f75c3afef1f3e30a6ff64d53e
Downtown/hard/P002/000351,Downtown,Downtown,hard,P002,351,32,train,20.9219,451.0,0,0.9794,0.0472,0.1717,0.6542,f6b2858b0684ce13598ec5f64ca8d797310354a82bdc2367daa67aeddf2d2a90
Downtown/hard/P002/001084,Downtown,Downtown,hard,P002,1084,32,train,8.9102,496.25,0,0.905,0.418,0.1375,0.1395,face0abfe2c884269f146aed4350920745ea26b9f39c91f191d4b6971c73c45e
Downtown/hard/P003/000244,Downtown,Downtown,hard,P003,244,32,train,60.2656,474.25,0,0.9522,0.5778,0.4853,0.3134,e082b244f3e7088b4a31a5a746177005e176bea3a8500f9325996ec7c4cbf760
Downtown/hard/P003/000765,Downtown,Downtown,hard,P003,765,32,train,38.1875,421.25,0,0.9275,0.3868,0.2587,0.4928,ed5888bab43d3293e1dffd7394fdb6ed095b285ff80e14ca9fac03f7ed20e820
Downtown/hard/P004/000286,Downtown,Downtown,hard,P004,286,32,train,6.7324,374.5,0,0.8999,0.2645,0.4643,0.3745,f47f4671225d8008263bc8c7c2654d3c1622b380ede9a3a7a8401af9695d975d
Downtown/hard/P004/000889,Downtown,Downtown,hard,P004,889,32,train,13.25,375.25,0,0.9086,0.3844,0.3389,0.1871,2c7c3f50b0844ea74f25aad76f565e916cdd4916eb644bfbca0ce4fcf034cef1
Downtown/hard/P005/000291,Downtown,Downtown,hard,P005,291,32,train,11.7891,156.5,0,0.9479,0.3989,0.7361,0.2351,6ee77e972c9bfdee008a1afba757eabf956b4472b9b58dda29b6bc6eed253dfa
Downtown/hard/P005/000906,Downtown,Downtown,hard,P005,906,32,train,14.3906,408.0,0,0.9417,0.3653,0.6318,0.3138,a6edf51d9e8921148014bfc56c7df5768e93c3ddfa96a2dcaa965a7d0682c21b
Downtown/hard/P006/000329,Downtown,Downtown,hard,P006,329,32,train,7.0234,150.38,0,0.9828,0.9617,0.4571,0.2439,a2e98020f9e34ec86d5d97a595b00054a5e30ced273959f4c5eafd8fe5004e36
Downtown/hard/P006/001018,Downtown,Downtown,hard,P006,1018,32,train,19.1562,442.25,0,0.8325,0.5298,0.3199,0.7287,2c627db36a9fbb294623a94e5dfc4053a94203d8e2726cea73dab82390ffc40a
Downtown/hard/P007/000282,Downtown,Downtown,hard,P007,282,32,train,33.875,453.5,0,0.9418,0.2442,0.444,0.2545,a9a16ec3257f10cd4e83c278f8d9fb63f6ac045e9f309586ab31a950d8bb892a
Downtown/hard/P007/000878,Downtown,Downtown,hard,P007,878,32,train,80.625,444.0,0,0.9112,0.3576,0.4572,0.8101,ce4b6bc535f0ccfec3c4f1c8ea65838b7a304e7f180704a03235ecabb20119b0
Downtown/hard/P008/000248,Downtown,Downtown,hard,P008,248,32,train,10.3125,481.5,0,0.8018,0.6315,0.3088,0.3816,dbb942177f8c2b241c226979b67358a08d1f4ebe2f6e4851bd07081cff949f30
Downtown/hard/P008/000777,Downtown,Downtown,hard,P008,777,32,train,21.6719,463.25,0,0.9556,0.3648,0.5298,0.1027,e9889bd7cdef33a10b0c2fb51acfcf7c68be9f1b9337c386aab27293b3b71911
EndofTheWorld/easy/P000/000177,EndofTheWorld,EndofTheWorld,easy,P000,177,32,train,4.3223,15776.0,0,0.9501,0.1258,0.2361,0.2457,9eab73d69c0ea2fecf3e5e51327e58c11e4371d34adde485ab525e5b7a756676
EndofTheWorld/easy/P000/000562,EndofTheWorld,EndofTheWorld,easy,P000,562,32,train,5.457,14776.0,0,0.9888,0.1515,0.2582,0.2081,31f179a18c83e78c289232521d2b12b0a5ae96b979f34a76bd3ee79571c91cef
EndofTheWorld/easy/P001/000175,EndofTheWorld,EndofTheWorld,easy,P001,175,32,train,11.1953,16072.0,0,0.9856,0.1754,0.4254,0.3052,51cd283a12f45b19f03ec8329fcadc89621eb7853d649730a38652257fa94d88
EndofTheWorld/easy/P001/000558,EndofTheWorld,EndofTheWorld,easy,P001,558,32,train,5.9199,16200.0,0,0.9957,0.0649,0.351,0.0794,ed402597e22f7894ea43c3177f9a61ab7573043613248464c59b3bee3d043c9b
EndofTheWorld/easy/P002/000212,EndofTheWorld,EndofTheWorld,easy,P002,212,32,train,3.8105,6.59,0,0.991,0.051,0.1911,0.332,d4bc9907cc1e7d13f5a2f00cdee9890b3fc0a9f4344edd4785a5c43c3191fbfb
EndofTheWorld/easy/P002/000668,EndofTheWorld,EndofTheWorld,easy,P002,668,32,train,8.5,12800.0,0,0.9853,0.168,0.2023,0.2044,09f90b7dd9b3fa7afb5148c8a73f205ff724b6f20a999021607490368fdf6400
EndofTheWorld/easy/P003/000432,EndofTheWorld,EndofTheWorld,easy,P003,432,32,train,23.7188,16360.0,0,0.9903,0.1836,0.4138,0.1515,37889a9e75be544e1661029cf0bcff33f77bbf70ecb09ba5ba4df6e8b0047461
EndofTheWorld/easy/P003/001329,EndofTheWorld,EndofTheWorld,easy,P003,1329,32,train,5.7617,13408.0,0,0.9725,0.5188,0.1612,0.1359,bab64294a1070ec5de81e9db935e4814ca549f909c5a3b4aad4243de02bd8435
EndofTheWorld/easy/P004/000421,EndofTheWorld,EndofTheWorld,easy,P004,421,32,train,9.2891,16128.0,0,0.9912,0.1163,0.3263,0.4339,1df2ca15852b1e449f4e0ceb7b8b87829a2f80fb8995f6a1b28aaf5f267ab407
EndofTheWorld/easy/P004/001296,EndofTheWorld,EndofTheWorld,easy,P004,1296,32,train,5.5234,16360.0,0,0.9857,0.1062,0.2889,0.1137,2f2724ebca71aa257805587749cb0e0f27aad2220eb4a71edfd4f457ae0d834e
EndofTheWorld/hard/P000/000103,EndofTheWorld,EndofTheWorld,hard,P000,103,32,train,6.8711,16264.0,0,0.908,0.152,0.294,0.4485,115df48510c7adda03d25d6feb4013a873809f832b03d09f9cbe06d47ae38278
EndofTheWorld/hard/P000/000340,EndofTheWorld,EndofTheWorld,hard,P000,340,32,train,10.5938,16296.0,0,0.8991,0.2018,0.366,0.554,59c23cf7201f7b79334da299979dbc0075dd9ed12960238e54db6d596307c6c3
EndofTheWorld/hard/P001/000090,EndofTheWorld,EndofTheWorld,hard,P001,90,32,train,3.9395,29.64,0,0.9578,0.1338,0.2553,0.2686,dc3643621515507d744f8c2ae508c5fc38230c438c94d3eeb01c6db8713b6e9b
EndofTheWorld/hard/P001/000304,EndofTheWorld,EndofTheWorld,hard,P001,304,32,train,2.9541,15328.0,0,0.8969,0.03,0.1693,0.4371,9b3f5aed8c9fbed15f8e3963ea01472e80e3b0e72e9add8462573c33a4b441ee
EndofTheWorld/hard/P002/000111,EndofTheWorld,EndofTheWorld,hard,P002,111,32,train,11832.0,16384.0,0,0.9768,0.0855,0.4501,0.3821,2562517d455ea60a6eddc7316d6beacfa30a9f899f63019de8f47b277582d7d4
EndofTheWorld/hard/P002/000365,EndofTheWorld,EndofTheWorld,hard,P002,365,32,train,6.8574,13728.0,0,0.9057,0.1556,0.1817,0.3001,92d8cab11b604a70219d11769f1cb98c5ddfc213cfc645d4ad08663c3f6cbe08
EndofTheWorld/hard/P003/000260,EndofTheWorld,EndofTheWorld,hard,P003,260,32,train,7.5,15024.0,0,0.9324,0.5299,0.1861,0.476,273667ed96b7903f35a3cb3c71e9bc308d8dee8540f7fb0d666253e2478a9125
EndofTheWorld/hard/P003/000810,EndofTheWorld,EndofTheWorld,hard,P003,810,32,train,7.7305,15248.0,0,0.9331,0.2743,0.2114,0.2778,6b20a9b3509b1dc67ddfc31257795933945d4d1e176ea1565c091493b5ad0c2d
EndofTheWorld/hard/P004/000248,EndofTheWorld,EndofTheWorld,hard,P004,248,32,train,3.3877,14384.0,0,0.9345,0.0488,0.2304,0.2127,97df80a75268bf76c715913a30a28c4ee412f0d211e059b4ea2b37b52ada48f3
EndofTheWorld/hard/P004/000778,EndofTheWorld,EndofTheWorld,hard,P004,778,32,train,3.0879,16280.0,0,0.9072,0.1763,0.2048,0.2214,023978beecca12b27fef6eb0dc72edbe213e4dac863889f09d2d21e5653abee0
FactoryWeather/easy/P000/000396,FactoryWeather,FactoryWeather,easy,P000,396,32,train,6.8984,244.31,1083,0.9825,0.2806,0.6409,0.4014,06e7ce0de0efa21be23b269bed899b4aeb82767907d92220b66d209eb017bfc1
FactoryWeather/easy/P000/001220,FactoryWeather,FactoryWeather,easy,P000,1220,32,train,0.7507,139.38,8,0.8808,0.0562,0.2326,0.1029,3602db3b1e655df3b6f2ba59e3d9a205f2cad28a72e18c4f2e7725fab168757b
FactoryWeather/easy/P001/000574,FactoryWeather,FactoryWeather,easy,P001,574,32,train,2.1699,28.73,10,0.986,0.1202,0.0963,0.1528,e4ef5643937fbb10ed473fcddf736c68ae4c3306c984bceea8eec6e7a5dc96fd
FactoryWeather/easy/P001/001754,FactoryWeather,FactoryWeather,easy,P001,1754,32,train,10.8984,387.25,5217,0.986,0.2823,0.5832,0.1391,2da39d360ff290f06f54c94531daf3537d12af81f05485004d7cf05d0537d7d8
FactoryWeather/easy/P002/000571,FactoryWeather,FactoryWeather,easy,P002,571,32,train,11.6719,210.38,3608,0.9925,0.251,0.5236,0.0851,ae757742b4604d9c11b22d8cf8f2359e992819c0af5afb54a321d7f8dbe017ec
FactoryWeather/easy/P002/001746,FactoryWeather,FactoryWeather,easy,P002,1746,32,train,18.8438,337.62,6118,0.9877,0.3075,0.499,0.3974,f4163120090328f86356504ff7e23fd7c988367d03b7005a3dc20d27d0ed0908
FactoryWeather/easy/P003/000571,FactoryWeather,FactoryWeather,easy,P003,571,32,train,4.5781,60.69,0,0.9904,0.239,0.567,0.1459,669eb17c76e496ff8e38ad4b1caf44a762aaea3e350eab272af25452d2254bf9
FactoryWeather/easy/P003/001745,FactoryWeather,FactoryWeather,easy,P003,1745,32,train,5.1758,179.75,62,0.993,0.1779,0.733,0.3443,cd6c1ef40f822c68c9da30b6be5df91d1b47b14b4944a027bff432992c351198
FactoryWeather/easy/P004/000340,FactoryWeather,FactoryWeather,easy,P004,340,32,train,3.2422,59.31,0,0.9851,0.0602,0.2933,0.1262,f3f8c6e7728a7b666242be17eed1b95dad9d6376dd1bcd02651cab0c7e7fc64d
FactoryWeather/easy/P004/001054,FactoryWeather,FactoryWeather,easy,P004,1054,32,train,9.2969,313.5,3219,0.9279,0.5271,0.3328,0.3493,27096684c51bb16a724c94ad7397353cc2e56c78da971f3e7fa361c1be5dcee1
FactoryWeather/easy/P005/000284,FactoryWeather,FactoryWeather,easy,P005,284,32,train,6.2227,44.66,3924,0.9824,0.1598,0.2152,0.3104,6567f31afbdc2375ff5e6cf0e4abb494c3cb59bf9c06e461d8f16ad9e4e611ac
FactoryWeather/easy/P005/000885,FactoryWeather,FactoryWeather,easy,P005,885,32,train,1.0972,49.08,84,0.9419,0.1392,0.1092,0.2142,27fe070ec5839351f49923141d1c26343a9121ecf53891700177aed5f5b36c02
FactoryWeather/easy/P006/000558,FactoryWeather,FactoryWeather,easy,P006,558,32,train,5.8555,156.12,311,0.9422,0.3606,0.1903,0.2062,2217688e5f7470e14068f61988dac6776106f28ea467d4b15810a32f4566f7b0
FactoryWeather/easy/P006/001705,FactoryWeather,FactoryWeather,easy,P006,1705,32,train,17.1562,286.0,8250,0.9817,0.2547,0.418,0.1512,74a56e01040ab10efadf9dce7da9ed3a8c535ab57058853c0ec8f48fc382fcab
FactoryWeather/easy/P007/000597,FactoryWeather,FactoryWeather,easy,P007,597,32,train,1.7651,5.8,0,0.8524,0.023,0.0003,0.2869,9d37ea7c614f8b617c2ff18e3c2f17ddf9e4c885dcc6513cacd2b9d3307cbcc1
FactoryWeather/easy/P007/001823,FactoryWeather,FactoryWeather,easy,P007,1823,32,train,21.5156,252.38,9049,0.9804,0.2947,0.5047,0.4213,3708cc34e3fa81df354daa4415d3b6fcfd2ec49fe9ea0acc6b839bf98d5fdedc
FactoryWeather/easy/P008/000469,FactoryWeather,FactoryWeather,easy,P008,469,32,train,2.3496,8.16,0,0.9913,0.1201,0.0012,0.1708,846b8bdacf3c394bb08bfe0f53006abf7c8c9b95de1090fcfbf43397bde02c54
FactoryWeather/easy/P008/001438,FactoryWeather,FactoryWeather,easy,P008,1438,32,train,2.0625,36.0,0,0.9178,0.1217,0.0012,0.3283,8ecd4d760fadf3e297abded6eebcd90dd21ec1b742bde5177e22d6fa9166e996
FactoryWeather/easy/P009/000581,FactoryWeather,FactoryWeather,easy,P009,581,32,train,13.0625,226.12,0,0.8626,0.2773,0.591,0.3705,0e14c3fe138ea564497a258548869f49643a429f37df5863f0950a4705a27f0f
FactoryWeather/easy/P009/001774,FactoryWeather,FactoryWeather,easy,P009,1774,32,train,30.0625,184.12,35,0.8633,0.3754,0.5748,0.116,0743360c12aaa6eb15e235b6b15d27bde7d78f9d302b842d53a4a81744f3cd48
FactoryWeather/easy/P010/000755,FactoryWeather,FactoryWeather,easy,P010,755,32,train,3.9199,113.94,0,0.9059,0.3988,0.1524,0.3303,c0fb08b78bf6c2438fb776fa16044acf97dcb60ea6ac6ec252815ec9997a014b
FactoryWeather/easy/P010/002297,FactoryWeather,FactoryWeather,easy,P010,2297,32,train,6.2695,211.38,6,0.9033,0.2406,0.5385,0.3581,bb75a0c4f57a3a766ef5c10526ae0288c1decf96a67e91063066f4c54b8e9799
FactoryWeather/easy/P011/002898,FactoryWeather,FactoryWeather,easy,P011,2898,32,train,4.2578,113.75,1,0.8587,0.3345,0.2901,0.2931,8559e70a7d66eaf48c14cda6a8d4a5de5b986eb94764984bd08524a32c6229d7
FactoryWeather/easy/P012/000845,FactoryWeather,FactoryWeather,easy,P012,845,32,train,2.5156,283.12,0,0.9751,0.0658,0.0925,0.1688,9c0b9d384470a038cf406492eb69aa5baa8171cd7f825d0f416fdff7eabacbe5
FactoryWeather/easy/P012/002567,FactoryWeather,FactoryWeather,easy,P012,2567,32,train,6.2969,160.44,0,0.9172,0.2506,0.4905,0.434,5de4a7b6a2a342ce6635a31f352229b916c6d72ef6d36edbb1c14afcd5a3aa4f
FactoryWeather/hard/P000/000251,FactoryWeather,FactoryWeather,hard,P000,251,32,train,8.3984,399.75,6113,0.9552,0.2153,0.5875,0.1881,98301b1929095a595ca18209d3f3a036662624ab1839811e4342b1f8b9bbc25d
FactoryWeather/hard/P000/000785,FactoryWeather,FactoryWeather,hard,P000,785,32,train,5.2695,318.88,902,0.9306,0.3288,0.3007,0.3685,c13bcc718f3da5ae968fb7679f533b9b58084748ef00df3808e1bbc4941a4031
FactoryWeather/hard/P001/000307,FactoryWeather,FactoryWeather,hard,P001,307,32,train,3.9961,42.53,1363,0.8553,0.183,0.1792,0.4097,ac902ae38c5d1e40a095548fbe0de75405d03ffa732546f527f14b438019288b
FactoryWeather/hard/P001/000954,FactoryWeather,FactoryWeather,hard,P001,954,32,train,17.1406,237.31,11581,0.9767,0.2804,0.4517,0.3511,6ff4ba50f5ed073ef1144ff42f5179d2784b993c42c259d3e3782f651f9edeed
FactoryWeather/hard/P002/000334,FactoryWeather,FactoryWeather,hard,P002,334,32,train,7.3555,241.94,455,0.9666,0.1806,0.5422,0.251,eb076afdf067d8fd6d40715d4b106625df3605889e87b6824f21dc8d89b28db0
FactoryWeather/hard/P002/001033,FactoryWeather,FactoryWeather,hard,P002,1033,32,train,14.125,265.25,6930,0.9494,0.3347,0.4328,0.2239,bff389d647117098a75252c9799a5a592f7e1236739262e51afcfbb57609504f
FactoryWeather/hard/P003/000361,FactoryWeather,FactoryWeather,hard,P003,361,32,train,14.2812,263.75,9511,0.9422,0.3331,0.3495,0.6434,6652f1af08fd8b2943c00afd685f6245d18f48ca8aa82807399ed7b54c433818
FactoryWeather/hard/P003/001115,FactoryWeather,FactoryWeather,hard,P003,1115,32,train,3.666,211.12,423,0.9429,0.2411,0.6822,0.5688,e49807985a04451a68d19e77f624575d3c564befc4b632a3ba98b2f6c0e457c7
FactoryWeather/hard/P004/000197,FactoryWeather,FactoryWeather,hard,P004,197,32,train,12.1484,377.62,6469,0.9129,0.3503,0.3728,0.2784,d862c9d0a2d076777140c64789f9c3606e39c32bb783c0246dbffd496a69b65a
FactoryWeather/hard/P004/000622,FactoryWeather,FactoryWeather,hard,P004,622,32,train,11.9062,294.75,3454,0.9338,0.308,0.3506,0.6848,6f7094b1be37ab49515321811402726078e88a27cd71208075b3fcb5660886ea
FactoryWeather/hard/P005/000168,FactoryWeather,FactoryWeather,hard,P005,168,32,train,1.1816,138.25,8805,0.9359,0.0765,0.4007,0.2496,5c2d1c433e77520d13b1927089953d65213d9afd2553a22d018ae90d4bf1ae8c
FactoryWeather/hard/P005/000538,FactoryWeather,FactoryWeather,hard,P005,538,32,train,6.6953,119.22,2464,0.9158,0.3261,0.2179,0.3651,1483b9c70483e5293f2df4905bfe0b183433424464544cbef2b13096518b060e
FactoryWeather/hard/P006/000330,FactoryWeather,FactoryWeather,hard,P006,330,32,train,2.9277,72.0,193,0.8526,0.2444,0.0535,0.4557,f8f4b8e798583e5a78964b137d25e13ac5e51de4bb3c6281c0e0c6c142be23dc
FactoryWeather/hard/P006/001022,FactoryWeather,FactoryWeather,hard,P006,1022,32,train,3.5352,189.25,149,0.9029,0.1376,0.2177,0.2836,2a90b3f47cca40866b607a21a48ffd1510106d89df939f49497c1bee1445758f
FactoryWeather/hard/P007/000330,FactoryWeather,FactoryWeather,hard,P007,330,32,train,7.6445,311.0,3843,0.9727,0.2985,0.326,0.3297,45272e807da6e82f3e61c42dc97cc64d84c9e27c6525e4d2b3bddf3037d2f73e
FactoryWeather/hard/P007/001020,FactoryWeather,FactoryWeather,hard,P007,1020,32,train,9.7031,278.25,9588,0.9104,0.274,0.5772,0.7964,d0a6b60d2c251d176b2694ba9241b2a170495e9108cb7d01746f741dfa3636a7
FactoryWeather/hard/P008/000231,FactoryWeather,FactoryWeather,hard,P008,231,32,train,3.207,202.0,2599,0.9294,0.1821,0.2089,0.3744,336b0140d1cfa69f8b9b9c659ba083faf442e6b3fa0a5e7e3bdf395f1bda0c2c
FactoryWeather/hard/P008/000724,FactoryWeather,FactoryWeather,hard,P008,724,32,train,25.0,314.75,13244,0.9628,0.2494,0.6723,0.4354,4d528eecfec233c7bbe6f472bc783040e30f6340ce668311d1da1cc45e4e2a1d
FactoryWeather/hard/P009/000297,FactoryWeather,FactoryWeather,hard,P009,297,32,train,19.9062,336.0,5,0.8484,0.3034,0.5781,0.4112,1b1cdcfc67ca685bb40be1fd64149e702809aa4b5bf65b6dde6a0a233eb62edf
FactoryWeather/hard/P009/000924,FactoryWeather,FactoryWeather,hard,P009,924,32,train,23.5,198.12,84,0.8281,0.3816,0.5275,0.3002,4d18342c316c7ef283240b679249fb10a41bc92b8b82d2df5be1d6c618b8c51f
FactoryWeather/hard/P010/000513,FactoryWeather,FactoryWeather,hard,P010,513,32,train,4.3125,10.0,0,0.9347,0.2215,0.1544,0.3234,760054fb34894b4b4cc26e64400f2f803f3a3075359d9b7cd076617480bf280e
FactoryWeather/hard/P010/001572,FactoryWeather,FactoryWeather,hard,P010,1572,32,train,2.4102,57.31,0,0.9822,0.0421,0.6092,0.351,be0551228a27982784e9e58a022a1843c2297796aa1ca740f1cc79272205881a
FactoryWeather/hard/P011/001731,FactoryWeather,FactoryWeather,hard,P011,1731,32,train,16.5781,210.12,48,0.8414,0.2163,0.4937,0.2181,0813e7a8c9192c869752d627f842bdbeafca3aee55f3610dbc9f18377896a753
FactoryWeather/hard/P012/000482,FactoryWeather,FactoryWeather,hard,P012,482,32,train,3.4746,300.25,0,0.8937,0.1634,0.4215,0.6001,75b8e14746dd266dbf73074824bd244339ca36ebcf8284de010fe85d178f7d35
FactoryWeather/hard/P012/001480,FactoryWeather,FactoryWeather,hard,P012,1480,32,train,11.9648,195.12,2,0.8974,0.2281,0.4718,0.255,9f4c3aa6ff032dcc273d1b3169328fd27536d530af638cb392282cbb9cb88dab
Fantasy/easy/P000/000258,Fantasy,Fantasy,easy,P000,258,32,train,7.9707,15560.0,0,0.9884,0.1538,0.7406,0.0693,f29ff2cb787ad880655ad3446e5cef667201d6ec040c20e9e323f3697ba74838
Fantasy/easy/P000/000804,Fantasy,Fantasy,easy,P000,804,32,train,5.916,16264.0,0,0.9539,0.3636,0.783,0.4216,31c421d5ccba2f027cc4c8488b58ae51e7a9d25b79d80d2dbc8fa5c8b1ccf965
Fantasy/easy/P001/000376,Fantasy,Fantasy,easy,P001,376,32,train,13.0078,15672.0,0,0.978,0.4434,0.5944,0.334,d86c91843e4ecc5ca45eb357987df42ef337fc1ee52a65f75bdd2c00bbe6d570
Fantasy/easy/P001/001161,Fantasy,Fantasy,easy,P001,1161,32,train,12920.0,16352.0,0,0.9933,0.1993,0.7605,0.2094,14bdfdff81e190c35c7f9f71bb1cb4a624a7c1e1eea5b594a79ba5eaf2631d44
Fantasy/easy/P002/000434,Fantasy,Fantasy,easy,P002,434,32,train,12416.0,16360.0,0,0.9889,0.19,0.7603,0.2559,6a6ba2cb9640f9d930d2f2b0a3a6ebd7a42c6cdd8843eeb8273c9d7ae14e68c2
Fantasy/easy/P002/001334,Fantasy,Fantasy,easy,P002,1334,32,train,14.2812,15984.0,0,0.9848,0.1633,0.5971,0.189,2c3f091e53ec596e1cd01c74127dad7a3c53fa660a8af640073825db9ab68871
Fantasy/easy/P003/000240,Fantasy,Fantasy,easy,P003,240,32,train,20.4844,16112.0,0,0.9434,0.3434,0.6102,0.2944,e2c4072e4a27c72bff0e7472be53ee3a8beb13a6b1859c519146e44a47d4949a
Fantasy/easy/P003/000753,Fantasy,Fantasy,easy,P003,753,32,train,15.9258,16136.0,0,0.9854,0.1715,0.6308,0.268,04c79a5f5fcd218ddd97dc17b683d7646bd368aa4d2393765576bb88a8940d7c
Fantasy/easy/P004/000420,Fantasy,Fantasy,easy,P004,420,32,train,19.75,16360.0,0,0.9858,0.2337,0.7235,0.3066,031bbbb6920f70eb9dce018e4ece3556f223a7dda95d1e42ba9b699032aaf615
Fantasy/easy/P004/001293,Fantasy,Fantasy,easy,P004,1293,32,train,15.7109,14272.0,0,0.9815,0.4406,0.625,0.387,930537200a30c58c2120051075faead2704d203b91fcaa0523750b4e66e530dc
Fantasy/easy/P005/000401,Fantasy,Fantasy,easy,P005,401,32,train,9.625,16376.0,0,0.9275,0.2509,0.7009,0.3492,b65110263c77d350a9925af11a462f3caa9d45a46f4eee6794c6eac721b14c5c
Fantasy/easy/P005/001234,Fantasy,Fantasy,easy,P005,1234,32,train,135.625,16376.0,0,0.9838,0.165,0.76,0.1563,dbdf17b1fc37ae653b46b00d05e5a458df335bd98e2ebdb88e3897826bbd11e0
Fantasy/easy/P006/000312,Fantasy,Fantasy,easy,P006,312,32,train,9.5391,13984.0,0,0.9857,0.5161,0.5752,0.2509,5fb66179b01ccceb358e8b6d6829b3873d5098955602cb2990f27608d353118d
Fantasy/easy/P006/000966,Fantasy,Fantasy,easy,P006,966,32,train,8.6094,21.22,0,0.9931,0.2433,0.4564,0.2841,28f34eadeb2c6d2036f78a71c990b265c4ce27f9827b1aed4e1f468fae3057a4
Fantasy/hard/P000/000152,Fantasy,Fantasy,hard,P000,152,32,train,15.9453,16320.0,0,0.9461,0.2553,0.6811,0.395,8e0ebdd009debdf786fd9794c51aaa01c32810be47e076d82565e5130b1fe085
Fantasy/hard/P000/000489,Fantasy,Fantasy,hard,P000,489,32,train,9.6016,117.06,0,0.9417,0.4642,0.635,0.5502,feb7565424e43e6c7a8a35a32b4ee6770080b15e2f58e5c4a69f61f341874a1f
Fantasy/hard/P001/000239,Fantasy,Fantasy,hard,P001,239,32,train,12936.0,16328.0,0,0.9669,0.1193,0.6692,0.386,9e1be26c494f2aef6da8d4d87b7268a3e83db8f43cd182ad73ad2613f29b00a8
Fantasy/hard/P001/000750,Fantasy,Fantasy,hard,P001,750,32,train,15.0781,16296.0,0,0.9597,0.2485,0.6819,0.1826,3f57d3d2f32e8638739ebdeadb14e8a701748558782faef21dfb898a1e14de1b
Fantasy/hard/P002/000249,Fantasy,Fantasy,hard,P002,249,32,train,8.4141,14064.0,0,0.9589,0.556,0.5666,0.2409,4edd382a1eb5f93a15e067a203f1894f671d564353df0101f2ced5075e5c2dd5
Fantasy/hard/P002/000780,Fantasy,Fantasy,hard,P002,780,32,train,12360.0,16352.0,0,0.944,0.1237,0.6916,0.2079,3492aa56a45853b35c60a5afbc907c255aed7d1e298334562ba8fd3a42dba9a3
Fantasy/hard/P003/000149,Fantasy,Fantasy,hard,P003,149,32,train,7.2969,12864.0,0,0.9593,0.7155,0.6629,0.2775,045057bbd58ebcde00c04899555634d42d7bf004ea6fb0df7940428cb70c267c
Fantasy/hard/P003/000478,Fantasy,Fantasy,hard,P003,478,32,train,17.9688,16384.0,0,0.935,0.5642,0.6317,0.1727,49f5e28ac205a63251e31b7e436f77c31fb6c68b1304a5b66630fe4e24e21fb7
Fantasy/hard/P004/000269,Fantasy,Fantasy,hard,P004,269,32,train,22.8047,15520.0,0,0.9508,0.3603,0.7013,0.535,87a24dbdf6a2ea8b04a56b7d15cfa66edaabcaacf246eb0dcdf88d88d366b546
Fantasy/hard/P004/000838,Fantasy,Fantasy,hard,P004,838,32,train,44.8125,16352.0,0,0.9572,0.2155,0.6251,0.3969,8afc100bffdb478755737edf1fc36c97614cf591c4c6eff1721d69bf65196de1
Fantasy/hard/P005/000245,Fantasy,Fantasy,hard,P005,245,32,train,6.8867,15944.0,0,0.9622,0.3333,0.5512,0.1751,4ee03e88aaebb34a3f8fcb132c34efdd6a3a11d6ea4e448d4bd5a5b88364550e
Fantasy/hard/P005/000768,Fantasy,Fantasy,hard,P005,768,32,train,12648.0,16376.0,0,0.9595,0.171,0.7633,0.1981,90fdc5e7bec9763a2efebfe85063601483b2922608cdd97e935c58a3a84b0a7d
Fantasy/hard/P006/000144,Fantasy,Fantasy,hard,P006,144,32,train,6.8438,14648.0,0,0.9472,0.4705,0.5728,0.3292,4fd27970b1744ff5844c6503f6ca512c6348a15a330a8c02a2d215268ff99460
Fantasy/hard/P006/000464,Fantasy,Fantasy,hard,P006,464,32,train,13.0391,15776.0,0,0.933,0.3056,0.5378,0.4263,99af9ffeaed4fecdf1aba1ca7214294bd70551650e08ac5f528f8ede77503d26
ForestEnv/easy/P000/000966,ForestEnv,ForestEnv,easy,P000,966,32,validation,12.3398,14000.0,0,0.7817,0.6133,0.4623,0.077,957fd7e29c97a6135fcf61bab1ca819852751c7b6cf814a3d164745b826fa2ad
ForestEnv/easy/P000/002930,ForestEnv,ForestEnv,easy,P000,2930,32,validation,50.3594,16448.0,0,0.6679,0.5847,0.7252,0.3642,84f22fe13f3c60f7ae474c02f530da06f23c091c88de104828b398119e9c8342
ForestEnv/easy/P002/000780,ForestEnv,ForestEnv,easy,P002,780,32,validation,9.1328,14664.0,0,0.7249,0.7212,0.3164,0.0619,54c388126057f0acb267c51995ced7c9b235623c31193f61aff4928e2d9936c1
ForestEnv/easy/P002/002371,ForestEnv,ForestEnv,easy,P002,2371,32,validation,26.8906,15480.0,0,0.8986,0.6091,0.5119,0.1602,70e7115fc281c224a6c666f39af29720fc52d5020e3f31c2b2f5d0fb5023a4ee
ForestEnv/easy/P003/000836,ForestEnv,ForestEnv,easy,P003,836,32,validation,7.418,12744.0,0,0.7513,0.5754,0.3627,0.2427,ea47690c86908707d77fb6a8b76ac6663f8472d5083b7774b5351e7817b88ed2
ForestEnv/easy/P003/002538,ForestEnv,ForestEnv,easy,P003,2538,32,validation,12016.0,16320.0,0,0.8545,0.4104,0.7475,0.1444,12ea8313bef728c7b07ada382eb552d859faf81567afb3d4cbc4af4d71ab945e
ForestEnv/easy/P004/000826,ForestEnv,ForestEnv,easy,P004,826,32,validation,12.7578,14280.0,0,0.6573,0.7449,0.475,0.1507,8f147ab20505de1cf0c6d8b519c1942875dcda07aad2330776a67223c0034079
ForestEnv/easy/P004/002508,ForestEnv,ForestEnv,easy,P004,2508,32,validation,18.8594,12464.0,0,0.9252,0.5018,0.4917,0.3431,e1ae6a0c1fe38640bca3208b9aeabfdd59123b5bc03e28605c24de66b7ef413c
ForestEnv/easy/P005/000213,ForestEnv,ForestEnv,easy,P005,213,32,validation,42.9062,16320.0,0,0.8108,0.6531,0.6005,0.2217,1d90e2cc498040b7f40b1c88f2db477db73d84b790e315e272bbc8f9378497b3
ForestEnv/easy/P005/000670,ForestEnv,ForestEnv,easy,P005,670,32,validation,27.7969,16056.0,0,0.8121,0.6441,0.5462,0.1863,af0044df634aca338b8b5e26bc00e8f81bc72ed67d765e8a810066c89b0736c5
ForestEnv/easy/P007/000556,ForestEnv,ForestEnv,easy,P007,556,32,validation,12672.0,16400.0,0,0.8373,0.3437,0.8134,0.1899,165f64c811c95001cfa67d39bfb888a875b70423168221884a6dde1bbe1895b5
ForestEnv/easy/P007/001698,ForestEnv,ForestEnv,easy,P007,1698,32,validation,19.75,243.5,0,0.7012,0.8394,0.3513,0.1495,cb7c23df012f0943a181248451cc0e66cb709a9842b113bd3ff12eb3741eb9e2
ForestEnv/easy/P009/000920,ForestEnv,ForestEnv,easy,P009,920,32,validation,445.5,16272.0,0,0.8853,0.4363,0.7741,0.3184,ac39aae3bc4b0c3855a01b6d9796eacfd07a5d61ed42ba298f035ce79a5cd77a
ForestEnv/easy/P009/002791,ForestEnv,ForestEnv,easy,P009,2791,32,validation,12.7578,128.62,0,0.9028,0.6206,0.425,0.3409,bbe6799b00ad8021dd34a6bcd91a4b20224102a5c49366309e4da5766d4bb250
ForestEnv/easy/P010/000177,ForestEnv,ForestEnv,easy,P010,177,32,validation,38.5938,16368.0,0,0.7732,0.6138,0.6727,0.1436,74d334438b8d4dd3482f5fde700b528715fce7f9d5f107794de7570a237de06b
ForestEnv/easy/P010/000564,ForestEnv,ForestEnv,easy,P010,564,32,validation,30.1797,15768.0,0,0.838,0.627,0.6174,0.2931,b2b26bbaed2cf5a776ad318aded3c2118b17e2f64a40dcfe2a465d0cfa9cc33b
ForestEnv/easy/P011/000428,ForestEnv,ForestEnv,easy,P011,428,32,validation,12120.0,16344.0,0,0.8874,0.4235,0.7712,0.3155,b279911c4cf97215066addc6aec7f778c636db2cbc4b07f5d7da22d8e99f73e5
ForestEnv/easy/P011/001314,ForestEnv,ForestEnv,easy,P011,1314,32,validation,23.0469,16360.0,0,0.5712,0.6968,0.6412,0.295,970868a8bfa9b1f2f89188845a2d79fd9fbdaa32c9f9a07b495da8fb216304ab
ForestEnv/hard/P000/000514,ForestEnv,ForestEnv,hard,P000,514,32,validation,12128.0,16360.0,0,0.7369,0.4777,0.7437,0.5587,546185551b627d998d5052cde5c45b46e9d9a1be4acebea925d18460dfdb9a45
ForestEnv/hard/P000/001574,ForestEnv,ForestEnv,hard,P000,1574,32,validation,13304.0,16416.0,0,0.9021,0.2478,0.8702,0.2145,f9f27cc3a43f87b4861622e9995e92b1e2ccfd0931b0b6a5b0d3259fea52f859
ForestEnv/hard/P002/000398,ForestEnv,ForestEnv,hard,P002,398,32,validation,46.0156,16248.0,0,0.7361,0.5951,0.6531,0.8561,c9257a72a10a29f0d10a55b5d2abc00e18bc8014bc9ef5cd1a2bed7840e0ac80
ForestEnv/hard/P002/001225,ForestEnv,ForestEnv,hard,P002,1225,32,validation,121.4062,16288.0,0,0.8766,0.5072,0.7612,0.5869,44207f4ae1d3a043dea9b98eef0f06271fcb092f4016a8ff9e6e8fd678102d33
ForestEnv/hard/P003/000412,ForestEnv,ForestEnv,hard,P003,412,32,validation,10.7734,13344.0,0,0.776,0.7197,0.4649,0.1683,a4ff82afaea2e08e3086b814ff60abfca9fdfe11cee42f93673616f734bcdd50
ForestEnv/hard/P003/001270,ForestEnv,ForestEnv,hard,P003,1270,32,validation,153.375,16464.0,0,0.8223,0.5034,0.7362,0.1837,2c7176bf5dbbfaec3ab7c10c77d2fd72c780168518794be879b7a25eac5eb09b
ForestEnv/hard/P004/000471,ForestEnv,ForestEnv,hard,P004,471,32,validation,16.2969,12648.0,0,0.8224,0.6004,0.4688,0.3607,e38639987cdc08bcb95c868de376b09acfbad649b0e7a3645bf15d7c4a60f226
ForestEnv/hard/P004/001445,ForestEnv,ForestEnv,hard,P004,1445,32,validation,34.875,16384.0,0,0.7757,0.6823,0.6257,0.3968,54e3342e74c76fbe82bd99a5fdf70d9b57346b0f3baf1e05b2033ea46ac9df5e
ForestEnv/hard/P005/000127,ForestEnv,ForestEnv,hard,P005,127,32,validation,33.2188,16352.0,0,0.5453,0.7942,0.5367,0.3416,6fa982ce4e7b34170cd87c58fdbed401e38da8945983c4d3ffce426bb0bf8f26
ForestEnv/hard/P005/000412,ForestEnv,ForestEnv,hard,P005,412,32,validation,60.1562,16384.0,0,0.7388,0.6381,0.7024,0.3599,f7209e93e10d26a345818ba1edf9357f449cf16dc6134147623159f49a7235ce
ForestEnv/hard/P007/000316,ForestEnv,ForestEnv,hard,P007,316,32,validation,12.6719,12632.0,0,0.9014,0.3606,0.5625,0.3062,ce3ec52291740e9f2ed9dda39adb81d648b3e51868a4c45e6a7376865be6aab1
ForestEnv/hard/P007/000979,ForestEnv,ForestEnv,hard,P007,979,32,validation,42.3438,16384.0,0,0.7237,0.569,0.6217,0.2729,7d5d1de61d422803259efb53dd87c4b75e63b51192d328f489062d09cb69b54c
ForestEnv/hard/P009/000479,ForestEnv,ForestEnv,hard,P009,479,32,validation,13136.0,16416.0,0,0.7936,0.3464,0.8367,0.2668,5a54046d970c8f576bb6a5ffe3b0117acfc0991fb7425ccf6690ff2ba2165f8a
ForestEnv/hard/P009/001469,ForestEnv,ForestEnv,hard,P009,1469,32,validation,74.0938,16384.0,0,0.7239,0.4857,0.7248,0.4124,2d85e950e3df6575d6007374a5aa9c0db9e28c1c0afada35e2415a72ddb68af0
ForestEnv/hard/P010/000093,ForestEnv,ForestEnv,hard,P010,93,32,validation,21.8281,16328.0,0,0.5635,0.7543,0.6016,0.6197,0997092e3e5f6974a593d3fd16f02df8b48e06663202f250c3f6582800ef5085
ForestEnv/hard/P010/000311,ForestEnv,ForestEnv,hard,P010,311,32,validation,13.0352,15312.0,0,0.52,0.7735,0.5507,0.3137,66d71575c28c84efb03de96ad4695a7a10a29455f719f326de73dc242d486e44
ForestEnv/hard/P011/000239,ForestEnv,ForestEnv,hard,P011,239,32,validation,18.8438,12920.0,0,0.6534,0.7288,0.489,0.757,b887e187104a746ae9d3753262bd8e815b477c4a575e7626d16421584cbd1fcd
ForestEnv/hard/P011/000749,ForestEnv,ForestEnv,hard,P011,749,32,validation,12216.0,16360.0,0,0.736,0.4876,0.7604,0.5177,fe1634d248d61738512f7bb7709f209bc756aac48ee81418477df2268aae1136
Gascola/easy/P000/000434,Gascola,Gascola,easy,P000,434,32,train,6.8203,16136.0,0,0.8499,0.7228,0.4827,0.1906,fff0720114fad3fb19adbd6a917fcfb81f54a8d678e2dc34f8af8696e1477fa0
Gascola/easy/P000/001332,Gascola,Gascola,easy,P000,1332,32,train,8.1875,14976.0,0,0.9513,0.7129,0.6123,0.2338,1b422f0b51b750cd8e0757a387a400b327d5e0211dfe6f200dab155b34478001
Gascola/easy/P001/000542,Gascola,Gascola,easy,P001,542,32,train,14.0508,15864.0,0,0.8626,0.7793,0.547,0.3135,d1c4cc36b5abff5aceb8fee75e09d89764b794c03c5fa60b4a852f61fd066fc3
Gascola/easy/P001/001657,Gascola,Gascola,easy,P001,1657,32,train,4.6445,15904.0,0,0.8847,0.6481,0.4623,0.1909,ff2da7a1363c016a90f4b5f5299617b0dd364a5b755a0e6d6182d7e4827dceec
Gascola/easy/P002/000474,Gascola,Gascola,easy,P002,474,32,train,21.7031,15888.0,0,0.9343,0.5906,0.6884,0.0707,d21429339b69860e8761b9043a931464d93ddccec6bdfa1ba0f7af32bb90fa6f
Gascola/easy/P002/001454,Gascola,Gascola,easy,P002,1454,32,train,5.3867,15160.0,0,0.9132,0.6813,0.4819,0.0903,2a1d681672909e3084be68ae2b5986b048f2ae7733abeca2f4744b3fe5ce9111
Gascola/easy/P003/000440,Gascola,Gascola,easy,P003,440,32,train,4.0859,16288.0,0,0.957,0.3995,0.6321,0.0856,a9fe1866b042bddd9f426aa5f08c6d74ce21f2e56c9e85bbaba28a3ca973461b
Gascola/easy/P003/001352,Gascola,Gascola,easy,P003,1352,32,train,7.9492,15720.0,0,0.7934,0.6949,0.498,0.2582,7fd272a2316b412418a95f5a4935d121088c64ad4414551328a555f1aeb8461f
Gascola/easy/P004/000316,Gascola,Gascola,easy,P004,316,32,train,19.0781,15888.0,0,0.8673,0.7297,0.7404,0.3426,4f0da1e416215d1c1b6e939fe2aca9766b9a06f4037f84570f5a6c81e8c9399b
Gascola/easy/P004/000980,Gascola,Gascola,easy,P004,980,32,train,6.6328,16136.0,0,0.8132,0.596,0.6423,0.3182,960e6ee572573a5b0cc95c3b0bb19ef3a69c038e987707a5accb6b10b2d8ad99
Gascola/easy/P005/000489,Gascola,Gascola,easy,P005,489,32,train,36.7344,16312.0,0,0.9716,0.6542,0.1598,0.2126,e372daf2795c8fc3d413d842a5618c5f6621b9a0ab204df92e2b4a469a6ef23a
Gascola/easy/P005/001498,Gascola,Gascola,easy,P005,1498,32,train,12.6797,14920.0,0,0.9037,0.737,0.0298,0.2022,97a0c225d71ec60600f7f4947f3e228ea9978463e55dc0becabb6d37c4eb8a54
Gascola/easy/P006/000707,Gascola,Gascola,easy,P006,707,32,train,12.5625,16296.0,0,0.9065,0.5794,0.0654,0.1041,42b5a89a9dcc18e3e0a4804cd00319e0fed6128a900fefbb10d8a271e6bbf09b
Gascola/easy/P006/002153,Gascola,Gascola,easy,P006,2153,32,train,16.8906,16176.0,0,0.9325,0.7431,0.0644,0.3031,2e498ae247a6e9b635104d828b0cf0aa7ab30eb62cf8c43a6141a001b5ee017d
Gascola/easy/P007/000489,Gascola,Gascola,easy,P007,489,32,train,6.5,16224.0,0,0.7884,0.6472,0.04,0.2866,84b38d3319a2dcf867725b991cec621481fd36dbc339c66ce84ed9c332904a44
Gascola/easy/P007/001498,Gascola,Gascola,easy,P007,1498,32,train,9.375,15536.0,0,0.8739,0.7448,0.0197,0.1497,4e702dcd37692c0bb283222c9898eb15b44958f51d834fe43bf1944b0cbffcbe
Gascola/easy/P008/000379,Gascola,Gascola,easy,P008,379,32,train,13.2578,16280.0,0,0.9229,0.6818,0.0452,0.4018,d75ddad37433493ee51ef992a71311c916adacb0ac294f2a236b83c8ef406ebc
Gascola/easy/P008/001168,Gascola,Gascola,easy,P008,1168,32,train,8.1016,15096.0,0,0.9569,0.7193,0.0289,0.0934,078990dcd1db4145e6ff5e38f1456f0dd53fe7c7ef473c1c340df98e383489a2
Gascola/easy/P009/000433,Gascola,Gascola,easy,P009,433,32,train,9.1641,16248.0,0,0.8745,0.7534,0.022,0.2568,acfb5546c476d41a14f7f84b6fefdc2c6aa8b72d4cc3d217c20e5316c1dd9b27
Gascola/easy/P009/001332,Gascola,Gascola,easy,P009,1332,32,train,11.4844,16304.0,0,0.8605,0.6737,0.0311,0.2874,28b1dbd4fadbf60200e669b7a69101a6cbd5b0405dad2baaeab1c7e2230f49ed
Gascola/hard/P000/000252,Gascola,Gascola,hard,P000,252,32,train,8.6953,14920.0,0,0.8433,0.7612,0.3784,0.7082,9bf54a6e16d5fe442d58b1a00828bcb063369f08d25a699e59c5ea8e2c8198d7
Gascola/hard/P000/000790,Gascola,Gascola,hard,P000,790,32,train,9.7188,15968.0,0,0.944,0.806,0.6383,0.3347,1ec3c8c9c87ce9000a83c4f1faa6e25add480d2ca366b82ae196957d3f2e9efe
Gascola/hard/P001/000308,Gascola,Gascola,hard,P001,308,32,train,20.0781,16200.0,0,0.866,0.7766,0.7123,0.1751,f0f175844d977e937fd1ce0dcfbeda4a2a2ec5bd43f25b048bb240d799dbd838
Gascola/hard/P001/000955,Gascola,Gascola,hard,P001,955,32,train,8.4062,15728.0,0,0.9077,0.6624,0.5644,0.3446,fd5dbc4714cae367b59aa446577016595dbd41942d3a4f407c296758d34e1e30
Gascola/hard/P002/000328,Gascola,Gascola,hard,P002,328,32,train,9.9531,16152.0,0,0.759,0.659,0.5911,0.3275,97beb030b3c78aa7ef1b7e33746891b7ac8c9935cec0a760bbeecdedd75e7f1b
Gascola/hard/P002/001015,Gascola,Gascola,hard,P002,1015,32,train,11.0547,16216.0,0,0.8444,0.5834,0.5294,0.208,7ca0959a097a7c2de9c1295093b8002e427ea1a1fa65d755e957f76ec083afa5
Gascola/hard/P003/000274,Gascola,Gascola,hard,P003,274,32,train,11.125,16208.0,0,0.8869,0.8075,0.5682,0.1144,164af683859861fbdf960af3863d3909c1a35fcef0b53ff9707cb41c3b5fb52a
Gascola/hard/P003/000856,Gascola,Gascola,hard,P003,856,32,train,3.0918,38.44,0,0.8437,0.6244,0.4208,0.4526,d41d5ce9875a6b3e33b16e4118bb6cc2e457912d4428324b56207cf3c251cf53
Gascola/hard/P004/000218,Gascola,Gascola,hard,P004,218,32,train,34.7969,16304.0,0,0.8266,0.5283,0.7389,0.5563,b532d22131bf5ddef31ccc8c5b8a66b0c543beee0fbdbd34deab291a2ddbb09d
Gascola/hard/P004/000688,Gascola,Gascola,hard,P004,688,32,train,16.1875,15416.0,0,0.9307,0.7902,0.7775,0.3361,39317e1eae862e979e5b1dd89012270c6f9fe2171adb58d360cbd6b9a133c20e
Gascola/hard/P005/000256,Gascola,Gascola,hard,P005,256,32,train,9.5352,12072.0,0,0.8437,0.6253,0.0033,0.4283,5ff5006f83b71ffd68cc70ed12e228f2d166ef32511f9df886e90f02407ee700
Gascola/hard/P005/000799,Gascola,Gascola,hard,P005,799,32,train,10.7734,16248.0,0,0.7861,0.6761,0.0588,0.3078,b651507782007795a134167b92e1ad5d48689e6bfde307434b1fec74a2c77ec8
Gascola/hard/P006/000398,Gascola,Gascola,hard,P006,398,32,train,7.1562,15984.0,0,0.7682,0.5061,0.0445,0.2893,fba9de96af82f076d2d9ee96bc0bea7c4913e208e296e3a5afc992137f2f1e1d
Gascola/hard/P006/001225,Gascola,Gascola,hard,P006,1225,32,train,12.4844,16112.0,0,0.8628,0.6815,0.0294,0.4648,72b8a3b0fd82cf58c0aba6396876b4a23ceb1a3ee0b62963d0ae616b48c755e0
Gascola/hard/P007/000282,Gascola,Gascola,hard,P007,282,32,train,8.5938,16216.0,0,0.7832,0.6884,0.0318,0.4409,84757df361cd7e0419da72a22841f87fd10192c6c03530517a9f3230036c61c4
Gascola/hard/P007/000880,Gascola,Gascola,hard,P007,880,32,train,4.1992,14520.0,0,0.8287,0.6737,0.0056,0.3171,aa561e1a15a9f6b4bf9e11b35259d475a75dff22a1e1cf4969200d8f5818c913
Gascola/hard/P008/000240,Gascola,Gascola,hard,P008,240,32,train,7.2109,15896.0,0,0.8738,0.4927,0.019,0.6166,cc92bf1b1a8bff6c10681bb387d62c351e2be85fc6b3081cede95f4f4a3c2bfd
Gascola/hard/P008/000752,Gascola,Gascola,hard,P008,752,32,train,11.75,13512.0,0,0.8994,0.7673,0.0212,0.3548,70aa92668a5149b2d102d65aa9ae3a9f1f368f12b3697276b4bf40bbd6ea783a
Gascola/hard/P009/000242,Gascola,Gascola,hard,P009,242,32,train,8.1719,16072.0,0,0.8911,0.6792,0.0133,0.5228,659219aa295520dd354c424c5e00c4c8de28a06366bae9e78b4a80c48059a93a
Gascola/hard/P009/000759,Gascola,Gascola,hard,P009,759,32,train,6.6641,15992.0,0,0.7826,0.7721,0.0291,0.4438,74652250969b643667a54ba94f0c8ef8fd448c383c96baf397dd3821ca072a40
GothicIsland/easy/P000/000521,GothicIsland,GothicIsland,easy,P000,521,32,test,2.6484,31.83,0,0.9277,0.3877,0.2419,0.195,6be824e3c8ebcdd4252faa973968c67e17a83a16019a66ae8890d209f838475a
GothicIsland/easy/P000/001595,GothicIsland,GothicIsland,easy,P000,1595,32,test,2.4062,15768.0,0,0.9538,0.2044,0.2723,0.1369,c0677e9e1ebb1d25375d96570ebecbf8df2510961d5e50702c7206b24cadc818
GothicIsland/easy/P001/000435,GothicIsland,GothicIsland,easy,P001,435,32,test,3.5273,15048.0,0,0.982,0.2491,0.6458,0.0855,a5aebc0f430b99fae7d4a7397a7f26883704049e418a4f88870c7cfd3947d9d2
GothicIsland/easy/P001/001337,GothicIsland,GothicIsland,easy,P001,1337,32,test,12.7891,14736.0,0,0.9819,0.3457,0.2504,0.2969,c78afaacb0239637b550fc1635ec1a638b9d0d7c108d1e5ef8114a6a0b358051
GothicIsland/easy/P002/000532,GothicIsland,GothicIsland,easy,P002,532,32,test,7.3164,14704.0,0,0.9745,0.174,0.2386,0.2226,7d5ccf50681068a0cfe01e9357dc23f6d22acdecc1a9e7e1bc63637b967ac79f
GothicIsland/easy/P002/001627,GothicIsland,GothicIsland,easy,P002,1627,32,test,4.1992,15848.0,0,0.97,0.348,0.026,0.1275,261f9df80794a444d4defae88a4172363a35c9c33fa56013dadf8bf6556f71f2
GothicIsland/easy/P003/000512,GothicIsland,GothicIsland,easy,P003,512,32,test,3.6191,15768.0,0,0.9925,0.32,0.1152,0.1091,2fb954dc495b85f953bb34a520decc865237057e4dc5e14adc7fa1f993b0f944
GothicIsland/easy/P003/001569,GothicIsland,GothicIsland,easy,P003,1569,32,test,4.3301,37.47,0,0.9879,0.1355,0.0718,0.0664,279acb3961f5549f33242fd5ceffc1675bd78715a818e88b467e69782fc6d5a5
GothicIsland/easy/P004/000701,GothicIsland,GothicIsland,easy,P004,701,32,test,7.9297,16064.0,0,0.9615,0.3632,0.3793,0.2731,a47d00bfb5c0b6cc13d0c86b934fef713a2b60fc89cac92e3b2eed911530cbd8
GothicIsland/easy/P004/002134,GothicIsland,GothicIsland,easy,P004,2134,32,test,9.125,16376.0,0,0.9792,0.4041,0.3479,0.2668,1af3a1a1286aeb94d5ba0a8cffa3009b68ea3d3b52e58a40f6dca4f7a69492fc
GothicIsland/easy/P005/000418,GothicIsland,GothicIsland,easy,P005,418,32,test,1.6084,13712.0,0,0.7727,0.0806,0.1235,0.3783,5919136dba8c02e65b5f5c1dfe9ee84d5291023febe035c852f53df602754034
GothicIsland/easy/P005/001288,GothicIsland,GothicIsland,easy,P005,1288,32,test,3.8809,13264.0,0,0.9361,0.1799,0.3324,0.2171,9d96a1907c0056a30a02b6f7d9d3232de5e50feb1d775c30c276f0cf0dd6157d
GothicIsland/easy/P006/000864,GothicIsland,GothicIsland,easy,P006,864,32,test,6.1211,12584.0,0,0.9766,0.3223,0.0139,0.1842,c33da0c30e50cf55bf34eb132dcf732001c52473ea57f5c72782bae16b7d19dc
GothicIsland/easy/P006/002625,GothicIsland,GothicIsland,easy,P006,2625,32,test,8.8516,14128.0,0,0.9702,0.3547,0.5824,0.2314,b38316bd0259ebfaebabe937d178a394957518b73aa6460e1467a0a9d03d6909
GothicIsland/easy/P007/000252,GothicIsland,GothicIsland,easy,P007,252,32,test,12.957,16400.0,0,0.982,0.1191,0.5031,0.2039,2c75af9fc7a83d39935e57bc32b20941aa571f7c203a965d280b71b4176b67aa
GothicIsland/easy/P007/000788,GothicIsland,GothicIsland,easy,P007,788,32,test,9.8594,15688.0,0,0.9803,0.3522,0.5566,0.15,203e6ea0f8151b6c023501751794cfc95b4ce5bd23d2687df1d14efde5b2c540
GothicIsland/easy/P008/000668,GothicIsland,GothicIsland,easy,P008,668,32,test,6.4648,14840.0,0,0.971,0.4577,0.0417,0.3663,89742f2cd4ad75f9818b5112d8dd3be898c834ac79e7deee672f7b8bd577348b
GothicIsland/easy/P008/002036,GothicIsland,GothicIsland,easy,P008,2036,32,test,4.2969,16256.0,0,0.9728,0.0528,0.291,0.2313,de4f74f1ccfc3fcb2d1f551ae21d0a805eefae8291b638da73ff6e7ebac12612
GothicIsland/easy/P009/000919,GothicIsland,GothicIsland,easy,P009,919,32,test,3.7139,13232.0,0,0.9859,0.0694,0.0229,0.1943,38e76f726fbe84e55b915c4de198c4b3bd98cb8993f2f2550e7529e51cf1a876
GothicIsland/easy/P009/002788,GothicIsland,GothicIsland,easy,P009,2788,32,test,7.4336,16256.0,0,0.9518,0.1693,0.47,0.364,abd88487747830544083dfc9c9e572550941ac6a6d759860cf2c26038f115521
GothicIsland/easy/P010/000999,GothicIsland,GothicIsland,easy,P010,999,32,test,1.3584,12552.0,0,0.898,0.0621,0.139,0.2848,6d5717b7c5cbadd795749d45c75b77fd1577db95fe1ce5021ed6c80ebf6d5e4e
GothicIsland/easy/P010/003030,GothicIsland,GothicIsland,easy,P010,3030,32,test,3.0918,27.69,0,0.9983,0.0614,0.0102,0.0919,a6c9b2ab6a7fee59b7ea79c3f48d1858b178f8f92d4078c6f699ae19edd60cb6
GothicIsland/hard/P000/000288,GothicIsland,GothicIsland,hard,P000,288,32,test,9.0312,15688.0,0,0.9673,0.3762,0.2729,0.4897,bfad7c82020bf058d423c7e2b40974a7670a28984e17d768c768d1fd7037e688
GothicIsland/hard/P000/000896,GothicIsland,GothicIsland,hard,P000,896,32,test,1.8545,10.67,0,0.9692,0.1416,0.3583,0.2854,5a6fe4835a56e23cb8dfbd9c36306dcb38f6fcc64a04de08d0f575d623b10f83
GothicIsland/hard/P001/000253,GothicIsland,GothicIsland,hard,P001,253,32,test,13128.0,16336.0,0,0.9383,0.1234,0.4503,0.5154,045320d69c1f3f3e4f088f2b34aa93acce8a57af89f47b82e1ccfa3f3c64d29c
GothicIsland/hard/P001/000790,GothicIsland,GothicIsland,hard,P001,790,32,test,3.0303,16200.0,0,0.9184,0.0509,0.229,0.4093,5f97abd05e73efc2892eddaaec494a9399b1c1d7a0ee00385a59ef593a853a22
GothicIsland/hard/P002/000297,GothicIsland,GothicIsland,hard,P002,297,32,test,4.6562,14040.0,0,0.9603,0.2744,0.1214,0.2731,7746632cd382fe6305cacfc2f47cfedbab6e75d5ae9a1f5c544f36e39c290764
GothicIsland/hard/P002/000923,GothicIsland,GothicIsland,hard,P002,923,32,test,3.1426,14704.0,0,0.9628,0.2144,0.0532,0.3123,96c2b97082e0b38c3894d4e5bde52c1db5766596cd01fae3f79ad287dc74bcc7
GothicIsland/hard/P003/000285,GothicIsland,GothicIsland,hard,P003,285,32,test,10.5234,14960.0,0,0.9219,0.3848,0.0207,0.4446,d7eacc95ebf8ddc9f657c130ca2e316fc486ea5b1ed20c5ef40012e9650caf8e
GothicIsland/hard/P003/000886,GothicIsland,GothicIsland,hard,P003,886,32,test,4.5391,42.78,0,0.9747,0.0548,0.032,0.2207,511ccc74e831025d7f4cbd408018c101691c3d34d58d8d901d5eed8f322164eb
GothicIsland/hard/P004/000390,GothicIsland,GothicIsland,hard,P004,390,32,test,4.5156,12632.0,0,0.9071,0.3492,0.4254,0.7448,2d1f7bcda6b0ff32888d47f6b13e188410dfd344be83b72a25377eb3ceb2c289
GothicIsland/hard/P004/001200,GothicIsland,GothicIsland,hard,P004,1200,32,test,7.9141,15264.0,0,0.9316,0.4607,0.1652,0.3775,ea654855df4bdb043712dac2bacbb57408a4698b43f0e10d57d08802dc026b39
GothicIsland/hard/P005/000268,GothicIsland,GothicIsland,hard,P005,268,32,test,1.499,16112.0,0,0.8931,0.1559,0.1838,0.1436,737d73c87bc519887a5ade67af96fd4cd6c7cedc4aea97ee864cf6d5d5efd770
GothicIsland/hard/P005/000837,GothicIsland,GothicIsland,hard,P005,837,32,test,2.3955,15752.0,0,0.9258,0.0731,0.4133,0.1122,ddac986544a9b54f34266269af589a95d553c330862795ca22079590c0af6cc9
GothicIsland/hard/P006/000517,GothicIsland,GothicIsland,hard,P006,517,32,test,3.9023,14296.0,0,0.9491,0.2221,0.0376,0.3438,973fd84d514a3cc73e95f1d0a88a3688524aeea8b059177703d03f213729a731
GothicIsland/hard/P006/001582,GothicIsland,GothicIsland,hard,P006,1582,32,test,61.8125,16272.0,0,0.957,0.259,0.6536,0.2058,204e764f5158a5bd2666c72b125a2ff9a78df8d63ffb1ca7b6b3ff0c15cb1b03
GothicIsland/hard/P007/000175,GothicIsland,GothicIsland,hard,P007,175,32,test,13576.0,16312.0,0,0.9392,0.0854,0.4626,0.247,af4408af91525a3af7f760cf5a4d739dd182ebde7d0324fed91c9f342e5b1255
GothicIsland/hard/P007/000556,GothicIsland,GothicIsland,hard,P007,556,32,test,3.0908,14944.0,0,0.9112,0.203,0.3605,0.3058,19bc161737e6a446f45979d8096c858edff42778d1a179dee8619bff32ca085e
GothicIsland/hard/P008/000386,GothicIsland,GothicIsland,hard,P008,386,32,test,6.1719,16360.0,0,0.9549,0.4566,0.0185,0.2616,1ecf2fc6fc26fb8d1bc4fe16173f073c60da8f295ef83a5f4efeb74e2441c98b
GothicIsland/hard/P008/001189,GothicIsland,GothicIsland,hard,P008,1189,32,test,4.7227,14712.0,0,0.9359,0.1357,0.2952,0.2923,919d62beb4c49e1eaacfbda94181fa5fd5dc169985dfeef1530828003308c3cb
GothicIsland/hard/P009/000535,GothicIsland,GothicIsland,hard,P009,535,32,test,2.1309,6.26,0,0.9645,0.067,0.1629,0.1786,aec3436da721ea5bba86bb7925d03d1caf909bf165bcd3daa3f7c484c64b9b45
GothicIsland/hard/P009/001638,GothicIsland,GothicIsland,hard,P009,1638,32,test,2.4746,15808.0,0,0.8853,0.0544,0.2701,0.3509,a25606f23f421c34cc96972e0305cd2cf88e37cdbbb99eba901257644d393db9
GothicIsland/hard/P010/000644,GothicIsland,GothicIsland,hard,P010,644,32,test,10.2891,16400.0,0,0.9291,0.4741,0.06,0.209,fa15590a2f5ccd8ce93a81537c53068c9dcfe5fc50d5a1d9fcbf7884193f70e4
GothicIsland/hard/P010/001966,GothicIsland,GothicIsland,hard,P010,1966,32,test,3.3164,34.16,0,0.8605,0.1342,0.0474,0.4842,e7c92d414dffc158dd97e768eeca75a7b63cf314af510b6fad25c613403a1186
GreatMarsh/easy/P000/000868,GreatMarsh,GreatMarsh,easy,P000,868,32,test,8.8672,7224.0,0,0.9396,0.1714,0.5236,0.2853,408f9e739288dae43271b3bdb582415ba566c47c4070048bc348dadec0c491ec
GreatMarsh/easy/P000/002637,GreatMarsh,GreatMarsh,easy,P000,2637,32,test,16.1562,9856.0,0,0.899,0.3635,0.6148,0.3829,f38946c4505f69e3893ecceb5e41e361d2b4786d2e9711b910f78de6b202e921
GreatMarsh/easy/P001/002143,GreatMarsh,GreatMarsh,easy,P001,2143,32,test,8.1562,8768.0,0,0.9212,0.163,0.4535,0.2828,8a66f95c42fb2f9bf814604d0e850a43685127453af20379ed8104c96627d318
GreatMarsh/easy/P001/006462,GreatMarsh,GreatMarsh,easy,P001,6462,32,test,6.0039,8400.0,0,0.9764,0.0191,0.5422,0.176,4527d14d560fef3efd185b8f8854369ad63edfdd1dd312a9d68a0efa3131b38d
GreatMarsh/easy/P002/001591,GreatMarsh,GreatMarsh,easy,P002,1591,32,test,23.7109,9824.0,0,0.8894,0.3791,0.6165,0.187,a3c1b644cd91d3ace9b10cb98d890195a0d0fb31df3c603e1cc39f7a649b247a
GreatMarsh/easy/P002/004804,GreatMarsh,GreatMarsh,easy,P002,4804,32,test,17.9297,9912.0,0,0.9579,0.3193,0.5914,0.1434,160b63ea9d3239ba762c1a8ccd16e86ab8f905991b577b9083da486cb0976e95
GreatMarsh/easy/P003/002192,GreatMarsh,GreatMarsh,easy,P003,2192,32,test,66.0938,9784.0,0,0.9515,0.0985,0.5897,0.319,30b75210e3a30f00907ff058025deab4d8b462a171874740c3f227c41f46d356
GreatMarsh/easy/P003/006608,GreatMarsh,GreatMarsh,easy,P003,6608,32,test,9.6562,9040.0,0,0.9125,0.4473,0.5514,0.0694,be041f69549a56e07bc38cb9f55177d014f0923d1477a6e4bde405dc56fa1dcc
GreatMarsh/easy/P004/001558,GreatMarsh,GreatMarsh,easy,P004,1558,32,test,39.4688,10120.0,0,0.9363,0.2935,0.6401,0.1394,f34e0d71a40c3eca438f6cbbf03c2cff40d900e31142e99dbdc0f92406c2fd59
GreatMarsh/easy/P004/004708,GreatMarsh,GreatMarsh,easy,P004,4708,32,test,18.0391,9768.0,0,0.9124,0.4598,0.6453,0.2589,fca7d10fba9e5e10b822218efbd9c552e1b8c4478476ddc3385ce6fb4d89cbac
GreatMarsh/easy/P005/000963,GreatMarsh,GreatMarsh,easy,P005,963,32,test,95.25,9928.0,0,0.9394,0.423,0.6565,0.3061,94b764d7f9818c4680711135a3c887b067cc2dfc0c8cd36b16c7d8fbfedb1850
GreatMarsh/easy/P005/002920,GreatMarsh,GreatMarsh,easy,P005,2920,32,test,9.3359,8832.0,0,0.9766,0.2055,0.6356,0.4144,cfbf5fb3a182b135197462651e905969c8517e5b9c975bc45197ada5cc7455d3
GreatMarsh/easy/P006/000790,GreatMarsh,GreatMarsh,easy,P006,790,32,test,27.2891,9856.0,0,0.9254,0.4368,0.6633,0.0772,b22882367f78f32c2608167edf7b5f5d81a28341e9e55e99727a87a20c2a3e4e
GreatMarsh/easy/P006/002403,GreatMarsh,GreatMarsh,easy,P006,2403,32,test,39.7812,10120.0,0,0.9127,0.4559,0.5974,0.3824,ef4112d4893e3e6b70c577effd477856396fe1898df066084da98ef64284ea63
GreatMarsh/easy/P007/001461,GreatMarsh,GreatMarsh,easy,P007,1461,32,test,8192.0,10096.0,0,0.937,0.1592,0.6932,0.1988,78c212607afc856694ef840835a1c2146b8bcaff891a7daddcb2c5dd4c51fada
GreatMarsh/easy/P007/004415,GreatMarsh,GreatMarsh,easy,P007,4415,32,test,8.7656,9296.0,0,0.8972,0.1432,0.5099,0.3458,84faedb93dc38fecc1911490b0d950f14a5a143f03ee7d3d2cd03ef834ae5150
GreatMarsh/easy/P008/001208,GreatMarsh,GreatMarsh,easy,P008,1208,32,test,5.5117,8240.0,0,0.8779,0.479,0.5008,0.3237,c275d115e9020e410ea89e4cb9e385ec2ec5a6a5b10cf324a6d7f9233a01a741
GreatMarsh/easy/P008/003658,GreatMarsh,GreatMarsh,easy,P008,3658,32,test,12.3125,9928.0,0,0.8251,0.5225,0.6048,0.2226,763a5c8b8e02c642f218904cf8beb3f00ce6f5084dc4560550ed510c0c9343ed
GreatMarsh/easy/P009/001208,GreatMarsh,GreatMarsh,easy,P009,1208,32,test,11.1328,8840.0,0,0.9749,0.0696,0.658,0.2584,c3cc0cc588d44ac43e46ee27e79796b33e1db8b638f0f3ab9793e784deef0abe
GreatMarsh/easy/P009/003658,GreatMarsh,GreatMarsh,easy,P009,3658,32,test,26.9062,9800.0,0,0.9309,0.3291,0.6085,0.2074,9a8214d8fbf1a158f78990db36abc2bf65b30f61d9a82f7a23bdf0f5c2b6fc69
GreatMarsh/hard/P000/000448,GreatMarsh,GreatMarsh,hard,P000,448,32,test,8.3047,8232.0,0,0.8139,0.4311,0.5245,0.2413,86b720c9d4d4d2143d02a3f3658ed15a2fe329cbc705a2af827247b1081551de
GreatMarsh/hard/P000/001375,GreatMarsh,GreatMarsh,hard,P000,1375,32,test,6.0078,9368.0,0,0.805,0.4773,0.4622,0.4818,779427612f2158d2f687104aff617e8eeb4f822250f2ca48fe129a6737d4cd63
GreatMarsh/hard/P001/001164,GreatMarsh,GreatMarsh,hard,P001,1164,32,test,18.8594,9864.0,0,0.8725,0.2889,0.5581,0.2967,e85505d3c1c044626ddcf3628348f3627dba87bad91f12b1b8ff5e66f59893c6
GreatMarsh/hard/P001/003524,GreatMarsh,GreatMarsh,hard,P001,3524,32,test,12.0938,9824.0,0,0.6932,0.6161,0.6304,0.2498,064415e65a56fecab7b8518d1d7f1a7504aa8801a2329a12391a11af12a89297
GreatMarsh/hard/P002/000877,GreatMarsh,GreatMarsh,hard,P002,877,32,test,15.8672,10096.0,0,0.8717,0.4218,0.6475,0.4744,2aa15665c007d033adfc12e3b904e925232ca29014660db052208eb5405f575f
GreatMarsh/hard/P002/002664,GreatMarsh,GreatMarsh,hard,P002,2664,32,test,16.125,9864.0,0,0.8692,0.4019,0.5596,0.8016,de97c43f13f6360e624e744f5a4ae37aa0d06efe643d38b9f779eb153094d1c1
GreatMarsh/hard/P003/001170,GreatMarsh,GreatMarsh,hard,P003,1170,32,test,13.1445,9896.0,0,0.8751,0.2773,0.5871,0.4825,1bcbfb489e7686c440c1ad6066d20f9a4f7f175156d6fc0824bc4410be442108
GreatMarsh/hard/P003/003543,GreatMarsh,GreatMarsh,hard,P003,3543,32,test,12.9023,9840.0,0,0.9339,0.2738,0.5655,0.2093,a8ca20edd2e77700566adf9879003d2a3535b17814c8925efd9271451614587b
GreatMarsh/hard/P004/000890,GreatMarsh,GreatMarsh,hard,P004,890,32,test,32.2656,9768.0,0,0.9156,0.3535,0.6866,0.3094,5dcf661c6608dace178634300a49f39415c1d87e31887ba78daafc93e06d661f
GreatMarsh/hard/P004/002700,GreatMarsh,GreatMarsh,hard,P004,2700,32,test,7040.0,9800.0,0,0.9178,0.4239,0.6841,0.3077,400a68374c4fe1904d7a48c2628b5b7d253830a6f8e22db4d7a28064f577a0a9
GreatMarsh/hard/P005/000549,GreatMarsh,GreatMarsh,hard,P005,549,32,test,7588.0,10008.0,0,0.8882,0.3001,0.7055,0.6094,bca7990bafbd840c98f73c7f43690ca96ecd8fe553632e67d7af6d87bad35133
GreatMarsh/hard/P005/001678,GreatMarsh,GreatMarsh,hard,P005,1678,32,test,7884.0,10120.0,0,0.935,0.1846,0.7101,0.7698,8a994ec6f380019d40d0afe7ea81bd6eb0baf1039a2cfed6178012b9f9a02e14
GreatMarsh/hard/P006/000408,GreatMarsh,GreatMarsh,hard,P006,408,32,test,4.4336,9136.0,0,0.9026,0.229,0.479,0.3791,d284d188b77b0925716c76bfa138b5ee8f9e71403b55f26fec58d66deafd6577
GreatMarsh/hard/P006/001256,GreatMarsh,GreatMarsh,hard,P006,1256,32,test,23.5859,10072.0,0,0.868,0.578,0.5981,0.6971,22fc8043012c515c84efda67eff9d6ac81d2bf5ee7487a2d2c1501081218fb59
GreatMarsh/hard/P007/000826,GreatMarsh,GreatMarsh,hard,P007,826,32,test,8072.0,9712.0,0,0.9754,0.1475,0.7192,0.3068,9cbd908f4792a2ea5c4b7cbfa4a7938ebfce291f1ab923977b569db62ff0b88c
GreatMarsh/hard/P007/002511,GreatMarsh,GreatMarsh,hard,P007,2511,32,test,8040.0,9792.0,0,0.926,0.2264,0.7192,0.336,c21f5af750b8413700229bc59a0b017cc83d79e247a02352afbfeb6d4355866d
GreatMarsh/hard/P008/000697,GreatMarsh,GreatMarsh,hard,P008,697,32,test,5.8789,9040.0,0,0.7695,0.681,0.4208,0.3951,b454f77ec411798af62847be14bd40b3024ae6b5832d2f3b06849590f2f169ad
GreatMarsh/hard/P008/002123,GreatMarsh,GreatMarsh,hard,P008,2123,32,test,9.8555,9248.0,0,0.7916,0.7052,0.4087,0.5356,c2214f51d234dad504cb5a4949d53d99b0b390861af8bd1297721f9efdcffa77
GreatMarsh/hard/P009/000632,GreatMarsh,GreatMarsh,hard,P009,632,32,test,17.4609,9384.0,0,0.9026,0.312,0.5256,0.2954,1bb116666c4b28dde534e6867320f4cb25a32405b7a798c85c4cdb83d430be8d
GreatMarsh/hard/P009/001927,GreatMarsh,GreatMarsh,hard,P009,1927,32,test,6.9766,8912.0,0,0.8743,0.576,0.4655,0.2814,5425f1ed567cbe5ba4573b134212a01396ce5124a0fde05977585f4fa9b0e463
HQWesternSaloon/easy/P000/000189,HQWesternSaloon,HQWesternSaloon,easy,P000,189,32,train,3.1758,14680.0,0,0.9845,0.1837,0.9276,0.1055,ebf613a6570c0e98cecd26d8a3b141248797b492aae55f246201e8a77a92f500
HQWesternSaloon/easy/P000/000599,HQWesternSaloon,HQWesternSaloon,easy,P000,599,32,train,3.7578,14040.0,0,0.9641,0.2715,0.0553,0.1197,096cd1258c7d87c48268162c8cb2ae8ba07f79d7ddf5b5bd1ab33c65ceded0d9
HQWesternSaloon/easy/P001/000140,HQWesternSaloon,HQWesternSaloon,easy,P001,140,32,train,1.416,12496.0,0,0.9374,0.0727,0.0517,0.1071,7e613c45bac5ff00da6694ca8ec09ff83b94ff24e19b401ef066fcaedd6a4bf4
HQWesternSaloon/easy/P001/000452,HQWesternSaloon,HQWesternSaloon,easy,P001,452,32,train,104.25,16352.0,0,0.9731,0.0941,0.8733,0.1594,d7d1f7b34f9a1910c8c42f2e7e282f3c9c7d63abcdc33d634691bdbadac30ba9
HQWesternSaloon/easy/P002/000260,HQWesternSaloon,HQWesternSaloon,easy,P002,260,32,train,1.8018,4.03,0,0.9846,0.0448,0.0194,0.1145,e434b1401e7c0c21337031a2d7c828d3fc99f7871782440f261d58f9366f545b
HQWesternSaloon/easy/P002/000810,HQWesternSaloon,HQWesternSaloon,easy,P002,810,32,train,4.3594,16360.0,0,0.9685,0.241,0.7782,0.0902,cb8716e6ed669262849fb08f95fb9095983a71370990f321499c98585bda328e
HQWesternSaloon/easy/P003/000189,HQWesternSaloon,HQWesternSaloon,easy,P003,189,32,train,1.4053,4.32,0,0.9452,0.1131,0.0633,0.1849,b6f2070077f70dbe0f61daa65acedb47f63f03a635c4fece11ed11f373856b3e
HQWesternSaloon/easy/P003/000600,HQWesternSaloon,HQWesternSaloon,easy,P003,600,32,train,4.4219,14224.0,0,0.953,0.347,0.054,0.2355,c2be307b4b1c6d89d70fb448b7dcd48b4716321ce24778428664a540e98de86f
HQWesternSaloon/easy/P004/000240,HQWesternSaloon,HQWesternSaloon,easy,P004,240,32,train,2.5918,16320.0,0,0.8745,0.2008,0.4915,0.2465,85ef1155e0f2c5e5f26e44ba756f2b448ff437d3bcfd35bda370b353b99d4408
HQWesternSaloon/easy/P004/000752,HQWesternSaloon,HQWesternSaloon,easy,P004,752,32,train,12728.0,16344.0,0,0.9934,0.1212,0.9053,0.1847,d9b43c1fc728f61c93077de6007f7df389001669a11dd62d474a47f0b1fdaf31
HQWesternSaloon/easy/P005/000172,HQWesternSaloon,HQWesternSaloon,easy,P005,172,32,train,2.6602,15824.0,0,0.9294,0.1441,0.8563,0.1925,7f952d3b53ee28f4ed86550b976a64ded3540eb36a8f71513da4bffc1812ec33
HQWesternSaloon/easy/P005/000550,HQWesternSaloon,HQWesternSaloon,easy,P005,550,32,train,12624.0,16344.0,0,0.9723,0.0896,0.9047,0.3734,5696fb64ae822ddcec62cf0f75127d47bd297c0daf621b61d0cedc01e6011311
HQWesternSaloon/easy/P006/000186,HQWesternSaloon,HQWesternSaloon,easy,P006,186,32,train,5.3164,14168.0,0,0.9631,0.1719,0.8954,0.1894,5b78dd6e1990a7ece99c30de0deffa1327dc6f6c6b6811ab02489a4a92cc9a47
HQWesternSaloon/easy/P006/000592,HQWesternSaloon,HQWesternSaloon,easy,P006,592,32,train,7.2266,15504.0,0,0.9685,0.2295,0.8658,0.2212,2a2d1e16c88fed545e99af7aa3874bcd3e2c516ed5b16b8d9020a4017ad62099
HQWesternSaloon/easy/P007/000138,HQWesternSaloon,HQWesternSaloon,easy,P007,138,32,train,1.0283,15200.0,0,0.9088,0.1395,0.0169,0.1217,fa87cb46fdc9225d087cc5098a88e713f5bdbb6edd46c8e3c5c6958c0554d279
HQWesternSaloon/easy/P007/000447,HQWesternSaloon,HQWesternSaloon,easy,P007,447,32,train,2.502,14144.0,0,0.9543,0.2958,0.6459,0.1115,35bfacb61255be7b1580e8836a184fb15d03e5ca994afc80df3ab0eb021cd779
HQWesternSaloon/hard/P000/000101,HQWesternSaloon,HQWesternSaloon,hard,P000,101,32,train,7.7871,16360.0,0,0.8936,0.1721,0.9184,0.3416,19ad541debebb7fc61f11f81a16601ad1a9e9631caa744fe8532ab89b5c37746
HQWesternSaloon/hard/P000/000335,HQWesternSaloon,HQWesternSaloon,hard,P000,335,32,train,4.5703,13424.0,0,0.9177,0.4416,0.0543,0.1483,d76f90e218568ce2ca03ad38e248aef2382872b9d7840f1974b7cdf8fe2b0687
HQWesternSaloon/hard/P001/000083,HQWesternSaloon,HQWesternSaloon,hard,P001,83,32,train,1.3857,13600.0,0,0.828,0.2274,0.066,0.2484,a7c605c194504aa6d22dd449813e021fae4e7f077ece1f22b855e5fda3295372
HQWesternSaloon/hard/P001/000281,HQWesternSaloon,HQWesternSaloon,hard,P001,281,32,train,3.8828,15752.0,0,0.9266,0.1582,0.7065,0.37,10a028c8735e7c0f6cd02f9e64895cf27ba4a8640756727975884fcf11ae29a4
HQWesternSaloon/hard/P002/000179,HQWesternSaloon,HQWesternSaloon,hard,P002,179,32,train,1.7441,3.29,0,0.9375,0.0434,0.0166,0.1789,0e9448c2abc68020184f63aa10e6fc41c965d7f9662ec8e3d48a1667a60d3ebb
HQWesternSaloon/hard/P002/000568,HQWesternSaloon,HQWesternSaloon,hard,P002,568,32,train,1.0859,15464.0,0,0.8576,0.0924,0.5494,0.3153,5ded92a66c90a54b6e6ae37049513142f966e2089c94f1f146c601fa78ba407b
HQWesternSaloon/hard/P003/000100,HQWesternSaloon,HQWesternSaloon,hard,P003,100,32,train,1.6172,29.28,0,0.9285,0.1217,0.0505,0.2184,5c51780bf56d1cafe3337d75b114af80f77cdf2ab75161ddac15d5fc7dcd4821
HQWesternSaloon/hard/P003/000331,HQWesternSaloon,HQWesternSaloon,hard,P003,331,32,train,3.8359,9.61,0,0.9256,0.3381,0.0518,0.1784,d286173c2cda9a19fd882fd67a5ef3fe3963f5c14e3dbc6d239f626ff19a931d
HQWesternSaloon/hard/P004/000137,HQWesternSaloon,HQWesternSaloon,hard,P004,137,32,train,3.1719,16344.0,0,0.8789,0.274,0.148,0.4474,efc822b90eb565ec77f64882605814d7a4e11edda6c64acf51c97e5eb0477a24
HQWesternSaloon/hard/P004/000443,HQWesternSaloon,HQWesternSaloon,hard,P004,443,32,train,164.5,16344.0,0,0.9582,0.1094,0.8749,0.1576,ff0070b9137b59155ef2675e6c53becdb50683b6a3c1a195decb31c3641a9225
HQWesternSaloon/hard/P005/000092,HQWesternSaloon,HQWesternSaloon,hard,P005,92,32,train,12808.0,16360.0,0,0.9553,0.1401,0.8516,0.2664,68674e73c93f53a714c9481ffeaf5465c06dda23ce2c549612330b8bb8c71aef
HQWesternSaloon/hard/P005/000306,HQWesternSaloon,HQWesternSaloon,hard,P005,306,32,train,13624.0,16360.0,0,0.9779,0.1011,0.8304,0.6426,c0cbbc7c151e98e52b2b965bc9c097ca7bbb32f028c764eaaba14ca084ae1c42
HQWesternSaloon/hard/P006/000083,HQWesternSaloon,HQWesternSaloon,hard,P006,83,32,train,13104.0,16360.0,0,0.9348,0.1049,0.8923,0.3994,b354eeb69d2f22b266eb3a935c86ca7bb627304f0344108da696f60a06fad515
HQWesternSaloon/hard/P006/000281,HQWesternSaloon,HQWesternSaloon,hard,P006,281,32,train,7.2109,16360.0,0,0.8596,0.2556,0.8001,0.7001,4840b2c2631516f44de9948379bb58c39b08e1fed909fe35968ac11f547fb32a
HQWesternSaloon/hard/P007/000072,HQWesternSaloon,HQWesternSaloon,hard,P007,72,32,train,3.9023,14320.0,0,0.8683,0.3208,0.0863,0.3056,0c6dd98399cfe8bba4c131a9fad692bf558bd622f178fde4168c85b9b4d924ee
HQWesternSaloon/hard/P007/000246,HQWesternSaloon,HQWesternSaloon,hard,P007,246,32,train,3.3535,14008.0,0,0.9506,0.2387,0.8147,0.3386,1457a9e10d2df53ebe2419071a99af2a28270f906df05288303c638cabd8fc6a
HongKong/easy/P000/000154,HongKong,HongKong,easy,P000,154,32,test,2.1484,24.59,0,0.9762,0.4617,0.1509,0.1267,86417bb7abc77302e73ab0709c4d421bc8bb8afb2fdb5f3c82b0df2effe858b2
HongKong/easy/P000/000495,HongKong,HongKong,easy,P000,495,32,test,1.3135,11.77,0,0.8884,0.2857,0.2033,0.2378,8f50d2dde61414bfbdde6e43d89c7b33c2c4f0695046248ff2f375e068004a57
HongKong/easy/P001/000194,HongKong,HongKong,easy,P001,194,32,test,3.3047,11.65,0,0.9916,0.3693,0.1007,0.1263,0969045c06e7b4b2fca29457e3bc501f1b51ac3cd557c7315fcef050a9bd288e
HongKong/easy/P001/000615,HongKong,HongKong,easy,P001,615,32,test,3.2227,20.31,0,0.9904,0.3972,0.1205,0.0799,9dddf797c8b2ac96fe5e737362490bc8bf24905f4dbf340bd348a2dac1697174
HongKong/easy/P002/000154,HongKong,HongKong,easy,P002,154,32,test,1.6641,31.62,2,0.8102,0.4743,0.2906,0.2527,1ed174306a00a1c6b7ef9ffa4aa389ba2cb799eb27c559c5568b9e4bc627488c
HongKong/easy/P002/000494,HongKong,HongKong,easy,P002,494,32,test,1.9053,30.0,27,0.9692,0.3557,0.2095,0.123,80f9779a10c8569702efa09ae27a109bc561e5b36cb57d1ba9aba0e03ed83f52
HongKong/easy/P003/000096,HongKong,HongKong,easy,P003,96,32,test,2.9531,7.53,0,0.9745,0.4803,0.0937,0.1454,ebd7532f2f77829a1dd00d2a169fa7cfcad26cca7528faac0778a144ef166d65
HongKong/easy/P003/000321,HongKong,HongKong,easy,P003,321,32,test,1.1143,16.8,0,0.9182,0.2599,0.0387,0.1258,a74b63af440384ffafb26416d887c7753137000783e715b7dd58425fc670e231
HongKong/easy/P004/000153,HongKong,HongKong,easy,P004,153,32,test,1.0723,17.52,0,0.9569,0.2413,0.0681,0.2171,065e56200473d4ffa3e8f13817694e435e306c52189af2e12ca286047fb95837
HongKong/easy/P004/000491,HongKong,HongKong,easy,P004,491,32,test,2.1738,25.73,0,0.8353,0.3595,0.122,0.3311,92ee4817a4c695f401233d3a7f36fb445367f840545e8e93cee8553754304a1b
HongKong/hard/P000/000076,HongKong,HongKong,hard,P000,76,32,test,1.3125,23.05,0,0.9376,0.4756,0.1523,0.1904,a32e9c84c1e99dc4f83ad6181b69c6acbe4d92b7a86d1bc5824039c2551a513b
HongKong/hard/P000/000259,HongKong,HongKong,hard,P000,259,32,test,2.6719,34.69,44,0.8216,0.4496,0.1399,0.2803,557c9a65c22ece6f0b4642ba08e247c1de840bce6309edee51d3a1eb1f374f07
HongKong/hard/P001/000085,HongKong,HongKong,hard,P001,85,32,test,1.9092,5.19,0,0.9567,0.3317,0.0489,0.2485,ecedafb5574d92fa5f5d62a25f63bdb5640806733479ced5d3f89256c67c5413
HongKong/hard/P001/000287,HongKong,HongKong,hard,P001,287,32,test,1.9902,13.17,23,0.9164,0.425,0.099,0.3097,f7de1b57227420ad15fb4966710ffa37603e3ad105ee0ee03e795646e6d7a902
HongKong/hard/P002/000076,HongKong,HongKong,hard,P002,76,32,test,2.9102,16.49,15,0.8774,0.3772,0.1635,0.3077,2c3b5aa16cf55494491cc1216bee3c59a4083d0178da94b32ffd9d2ea868c759
HongKong/hard/P002/000260,HongKong,HongKong,hard,P002,260,32,test,1.833,10.29,0,0.8105,0.4804,0.1638,0.428,c4decdf1ae9973cfd01ef21727649752c53b969c5c8eb1fb9bc0cb08cdf0e9b9
HongKong/hard/P003/000035,HongKong,HongKong,hard,P003,35,32,test,2.8828,23.83,0,0.9098,0.5182,0.1392,0.2266,eefa7066055a99f4531bde49fd6dbd31be73fc4ad0e277a3e2c0947c31a7383d
HongKong/hard/P003/000137,HongKong,HongKong,hard,P003,137,32,test,1.2686,2.7,0,0.8068,0.1233,0.0525,0.2978,f8007211e919d76731b6c25cf90675d7c8dd609adbb50fea0196c53ce53f5b31
HongKong/hard/P004/000081,HongKong,HongKong,hard,P004,81,32,test,3.5908,33.72,14,0.9125,0.6272,0.1513,0.2592,a13b0ca39ab1d67e1a700a78218c7a98e1ded0ecedfe1e324c2762a1216ca236
HongKong/hard/P004/000274,HongKong,HongKong,hard,P004,274,32,test,3.0605,27.5,129,0.7109,0.5766,0.2013,0.5592,76f8b91caa81de13159becb01dd848e9ae322956dfe96015a34156aa787dcce8
Hospital/easy/P000/000543,Hospital,Hospital,easy,P000,543,32,test,1.4736,8.23,0,0.8872,0.2073,0.2916,0.2005,5cd6ac6b4b89400fe6af93441527de6d4af8ea75a0acd16f6d485ba694892ce8
Hospital/easy/P000/001661,Hospital,Hospital,easy,P000,1661,32,test,3.75,8.64,0,0.9815,0.2438,0.3825,0.2044,1b4af870b07050631beb421b8f8133d3aaeefe710f8ea56dc6d33a39b2fada58
Hospital/easy/P001/000578,Hospital,Hospital,easy,P001,578,32,test,4.2852,3486.0,0,0.9824,0.3444,0.4627,0.1304,e4f1662a5bdf255aed8b9fe2408012558fb574ae30be26e81ac510661028741c
Hospital/easy/P001/001764,Hospital,Hospital,easy,P001,1764,32,test,2.166,7.54,0,0.9637,0.1969,0.3627,0.1333,c865f5893e5b28d7244a6cea890c52de4d9ac587ddf8ec9e72d2a36654936a80
Hospital/easy/P002/000436,Hospital,Hospital,easy,P002,436,32,test,3.1348,3558.0,0,0.9572,0.3135,0.408,0.1334,4c7b5b7463ccbb76c047a726f6065e1d6823db1543c4371abd88e9ad6d9111ad
Hospital/easy/P002/001339,Hospital,Hospital,easy,P002,1339,32,test,3.0527,26.41,0,0.9754,0.2033,0.4944,0.1256,82eca50720048cf4dd22a215c28b67cbd5eec5c6b887a15518f459b43714161d
Hospital/easy/P003/000667,Hospital,Hospital,easy,P003,667,32,test,2.1699,11.72,0,0.9497,0.2941,0.3959,0.1685,bf84c30e48982134a8d27b08c6c136ff45b915eebfca15b2fa3a95af37209059
Hospital/easy/P003/002032,Hospital,Hospital,easy,P003,2032,32,test,2.0488,7.61,0,0.9955,0.2522,0.3369,0.0805,0c9ef9e7e81ad40763fb5ea53ad54a2b83fecf92734a465fafd2cc9751d91453
Hospital/easy/P004/000378,Hospital,Hospital,easy,P004,378,32,test,0.4678,9.43,0,0.9246,0.0659,0.2013,0.0967,dec28e8d79e136f6240c761be28d0c09336293473c6ef225c6699ace43de2449
Hospital/easy/P004/001168,Hospital,Hospital,easy,P004,1168,32,test,2.0469,13.32,0,0.9771,0.2611,0.3598,0.1128,baf4c71c6c99f093ad0e727996130e1ff26eaa2f7a30c8c0ef96251674ae7bd7
Hospital/easy/P005/000352,Hospital,Hospital,easy,P005,352,32,test,2.5293,9.24,0,0.9864,0.2497,0.4666,0.0798,fc8e7e234871de2a244ecd69af39407dc01779d3c76abe1332abd3eae24fe41e
Hospital/easy/P005/001088,Hospital,Hospital,easy,P005,1088,32,test,1.7178,6.87,0,0.9787,0.1813,0.2221,0.094,138baa1b2c3d205d90ef7747ee4e6c05596b381c7ae5b565923f29bf5bf4ebeb
Hospital/easy/P006/000361,Hospital,Hospital,easy,P006,361,32,test,2.3203,5.66,0,0.9585,0.2505,0.6008,0.2172,3c981d89dcf48affaed5120e51215cba4e67b3d88d4b6cc89726fd665426eeda
Hospital/easy/P006/001115,Hospital,Hospital,easy,P006,1115,32,test,1.6719,20.78,0,0.9432,0.1907,0.4845,0.1305,606e74b13420cfff1bba91baf3fa01ecbf586095f2b433cff4225b5ae8e3084f
Hospital/easy/P007/000443,Hospital,Hospital,easy,P007,443,32,test,2.2266,8.51,0,0.9736,0.2859,0.4043,0.1483,3ca55840180cb6f5c86e8c12cd6c1e7a0c2c244f2a8e5686292b782e7e843ad3
Hospital/easy/P007/001360,Hospital,Hospital,easy,P007,1360,32,test,1.8955,5.85,0,0.9256,0.2103,0.4252,0.1623,1db6a196f1d550666caffcf1277d3aa63a5412cf1ca6a20c6ef921b7995f0336
Hospital/easy/P008/000408,Hospital,Hospital,easy,P008,408,32,test,4.4609,27.12,0,0.9785,0.2816,0.5742,0.0878,23b79efc3c0cdd1d901bd7671c677b38ed460b60f5cc3595292d38f8135d5317
Hospital/easy/P008/001254,Hospital,Hospital,easy,P008,1254,32,test,1.7031,7.04,0,0.9222,0.2025,0.4008,0.2695,3965632629abcfb218519ed53e5738a10175c5063611d89ac5fa3a0261bb7196
Hospital/easy/P009/000330,Hospital,Hospital,easy,P009,330,32,test,2.3867,18.95,0,0.9115,0.4055,0.207,0.1189,8de3e53dae04dc40324e37644dca5d66552b8d991948b565068fc34fba7503a9
Hospital/easy/P009/001022,Hospital,Hospital,easy,P009,1022,32,test,1.5576,7.82,0,0.9627,0.1622,0.4177,0.2679,4c3c557842c8a0a25565dc2e14e21bd94d40d528caf9b4a0298b6dc07bada461
Hospital/easy/P010/000317,Hospital,Hospital,easy,P010,317,32,test,2.334,8.27,0,0.9918,0.386,0.3099,0.1223,5b5a1690de0beb07677994ccdaacc4c8ebaeddeba64ff1350190b50d9d5a7864
Hospital/easy/P010/000982,Hospital,Hospital,easy,P010,982,32,test,1.6201,3.2,0,0.998,0.1133,0.3145,0.0638,4af9dd48db115ae27a3e59920aca14c8306e84b33546ab722b466103bbdff080
Hospital/hard/P000/000325,Hospital,Hospital,hard,P000,325,32,test,2.582,28.62,0,0.8172,0.2314,0.3339,0.4758,d5127d5914dd1a4599c16d9a16bb2f8be462f33a5f3c10ccd8014c5f0939e0d0
Hospital/hard/P000/001008,Hospital,Hospital,hard,P000,1008,32,test,2.7734,28.06,0,0.8726,0.2899,0.4612,0.3732,ac62740fed3a621980b024bad4d30c9abddb47acab60a720deee01f104abbea7
Hospital/hard/P001/000347,Hospital,Hospital,hard,P001,347,32,test,2.2852,3792.0,0,0.8484,0.1536,0.477,0.3974,c751e471dd3b31470bbde5916704a0b2fc17540c6bc993f3d85c050bc1c9f6da
Hospital/hard/P001/001072,Hospital,Hospital,hard,P001,1072,32,test,1.8975,11.84,0,0.9804,0.17,0.4834,0.2106,965bf31d902fef8eb4ce96d31a6f4795f1eab81d2231730c0d771a893d4acc26
Hospital/hard/P002/000269,Hospital,Hospital,hard,P002,269,32,test,2.2822,11.95,0,0.8777,0.1899,0.3902,0.2118,04fc1575697993317b3b6f643f62368225b003098b42225f2ebbaff833e760f4
Hospital/hard/P002/000838,Hospital,Hospital,hard,P002,838,32,test,1.2383,5.43,0,0.9094,0.0507,0.3394,0.2692,f852055a22cc59444fdc4382c84ec882dcdd866449a3b20350363099e8bacd39
Hospital/hard/P003/000392,Hospital,Hospital,hard,P003,392,32,test,1.7822,4.14,0,0.9077,0.4022,0.3138,0.124,ba04e82d6b81a746f41bda05c487fc30631f8ca15463eb67858d67be830956e4
Hospital/hard/P003/001208,Hospital,Hospital,hard,P003,1208,32,test,2.4082,11.09,0,0.8346,0.2438,0.2166,0.3744,46a82d98a78c7703dfb432352e53da4619e84c598f4ebbfed00594fa6162295f
Hospital/hard/P004/000250,Hospital,Hospital,hard,P004,250,32,test,2.125,21.78,0,0.9325,0.1037,0.5516,0.2621,1f426d99477f441ad1c839745d96574a806a28237452f1132516773067998f62
Hospital/hard/P004/000780,Hospital,Hospital,hard,P004,780,32,test,1.5146,15.2,0,0.8848,0.1079,0.3177,0.1825,4bba39d6620cf21f0ddcd1b04c805b7a4c0d649c34d13db7e48a91dadf13c23e
Hospital/hard/P005/000246,Hospital,Hospital,hard,P005,246,32,test,1.6787,13.24,0,0.8889,0.33,0.2288,0.2003,b79c794009787c882d704397421d90c3096afc35778b76b5f855b76e11d3c151
Hospital/hard/P005/000770,Hospital,Hospital,hard,P005,770,32,test,1.9609,8.7,0,0.8133,0.2833,0.4605,0.279,a72d7fe96cc8aec890ea500ebf14003030f7ff240ae0616aa2502db8ef5003a1
Hospital/hard/P006/000199,Hospital,Hospital,hard,P006,199,32,test,2.4121,9.06,0,0.9139,0.1876,0.6117,0.3075,19f4d92205d4aa49890491c049d3c887f5dad1d66a99a5fdd440ccd14fbe67d1
Hospital/hard/P006/000629,Hospital,Hospital,hard,P006,629,32,test,2.6875,23.02,0,0.8124,0.2488,0.4573,0.4036,86204d0c1361d45e7297c243b2395e58d178792fd3f2b46430e59a7eb98b8876
Hospital/hard/P007/000272,Hospital,Hospital,hard,P007,272,32,test,2.3203,13.41,0,0.9821,0.2382,0.2987,0.2409,151abe22a384e152574127699d3e36840ef56f31cb59432934e40a727f5e0463
Hospital/hard/P007/000849,Hospital,Hospital,hard,P007,849,32,test,2.0234,7.8,0,0.8883,0.2132,0.4412,0.1885,1bbea0113573b5e0246f751a6ca0f77d006139d09ec7fd9e46902abf50cbe130
Hospital/hard/P008/000240,Hospital,Hospital,hard,P008,240,32,test,4.1328,26.08,0,0.9105,0.2611,0.3855,0.1962,2dc8e2fe97cd833a885d72a9e56266a0043c3aa72486b7e637971101be8fcd28
Hospital/hard/P008/000751,Hospital,Hospital,hard,P008,751,32,test,1.9077,7.05,0,0.8971,0.228,0.408,0.3501,07b1b23a7c049fe6a20bc21814997e74572ac109c12b0c3188fcf8a71e178e35
Hospital/hard/P009/000206,Hospital,Hospital,hard,P009,206,32,test,3.7852,4022.0,0,0.9627,0.2636,0.3987,0.2607,b20d23e07248889391c588e1af94890b4190e7f3e4b2bb69ffe76fcbc23e495d
Hospital/hard/P009/000649,Hospital,Hospital,hard,P009,649,32,test,1.4404,6.73,0,0.8204,0.098,0.4406,0.3386,103118125d54e810756639bf43567a82b2b536f619a7f181036f5eea7f075ec1
Hospital/hard/P010/000176,Hospital,Hospital,hard,P010,176,32,test,2.7891,29.53,0,0.9034,0.2787,0.4411,0.3372,2cc8137efaccbe3e1a32e100c99732f69fb5a0cd720115ed226803ac7499a06b
Hospital/hard/P010/000562,Hospital,Hospital,hard,P010,562,32,test,1.7002,32.16,0,0.87,0.1504,0.5953,0.3007,197768502581645ed15536341f12fb60c9b50bec7f665903f0a06b338ac5ebe2
House/easy/P000/000154,House,House,easy,P000,154,32,train,1.4365,7.62,0,0.9474,0.1717,0.5718,0.1463,c07f4e53940305fe18dc74a076d44183539af8a23c395e024bb10dd28c5e8a36
House/easy/P000/000494,House,House,easy,P000,494,32,train,0.9116,14952.0,0,0.8661,0.4445,0.546,0.1199,f602dbd8799f1c5f1cf87f838aeaf215a1345c43a11ffae15aa6262b3353eaf0
House/easy/P001/000118,House,House,easy,P001,118,32,train,0.8682,5.92,0,0.8656,0.1009,0.3496,0.1637,9dbc8bebbac16777fc0aaeff3c0e4d1569746d20e4d49d11164f40bcc02e185d
House/easy/P001/000385,House,House,easy,P001,385,32,train,2.6738,16328.0,0,0.9765,0.4305,0.3312,0.0793,799571a2eb710588306f50aa880b4d859e26da8211b71bf80160b29f29f73bd5
House/easy/P002/000118,House,House,easy,P002,118,32,train,1.6367,16352.0,0,0.9526,0.2337,0.5453,0.1026,ba087de2ed7d25ed2816dd716db80d8f0d136829245d4dfdeb9747c83dca9d9f
House/easy/P002/000387,House,House,easy,P002,387,32,train,1.9233,16272.0,0,0.9536,0.3334,0.2351,0.2089,11731ecc21a6b9352355117235a31f9416e3dc116d499a5b25fe0f26749fd004
House/easy/P003/000107,House,House,easy,P003,107,32,train,1.9336,12088.0,0,0.9198,0.4173,0.4289,0.1522,a3b0038352b89e0a46658a21ade0e4dd34d0dceea469981e1b2e2bed06e5b90b
House/easy/P003/000353,House,House,easy,P003,353,32,train,1.5889,9.31,0,0.9719,0.0946,0.5662,0.1271,897912635d0d215f9e86141cd2bfe0f5bc170602b45e780905afefbbd634f2d0
House/easy/P004/000055,House,House,easy,P004,55,32,train,1.5273,14848.0,0,0.8492,0.1981,0.4368,0.2523,e96c8b070f1d969bdda6eabb57111643edea91dc355a139670a1ef49b7dc712b
House/easy/P004/000196,House,House,easy,P004,196,32,train,1.6084,5.54,0,0.8508,0.137,0.2051,0.3103,dc0973bc01578e1c1d7235d04e6c73f1a7fdb129fbf84e1bcc9b3bed20c67bcb
House/easy/P005/000112,House,House,easy,P005,112,32,train,1.6924,12640.0,0,0.8937,0.2283,0.4509,0.1594,c8d61646f1ce219afd5eabdc6a66706196d0ed7b19e2d99468928fd521955360
House/easy/P005/000370,House,House,easy,P005,370,32,train,2.291,7.52,0,0.9468,0.415,0.1846,0.1808,c539b6359d35b2e430a42cdc7c52861db4eb5100444ade54802878dda9a7f394
House/easy/P006/000064,House,House,easy,P006,64,32,train,0.7451,13336.0,0,0.8983,0.1419,0.4452,0.1514,12adf6cfccde1f8beabf724c4f937b8897a519c06d13b02a46839bcf1ce8870c
House/easy/P006/000226,House,House,easy,P006,226,32,train,2.6074,14352.0,0,0.9813,0.3543,0.3573,0.0978,223728e6a0f574b96eecad2d86dff70d45719bff19b7fd7526ea21bb531b7166
House/easy/P007/000148,House,House,easy,P007,148,32,train,1.9326,14344.0,0,0.9551,0.2497,0.4708,0.1178,23af9fe0192daf6969ab42ad4f1c3e0c0f4e51a1442a51705967c265c8589c8c
House/easy/P007/000475,House,House,easy,P007,475,32,train,1.9072,16344.0,0,0.9263,0.2572,0.2545,0.1125,cf815b22580c037830cfc70d1a273b53d3befa260457a0599ee77b2e03408a40
House/hard/P000/000102,House,House,hard,P000,102,32,train,0.7036,15840.0,0,0.867,0.0463,0.4465,0.1251,1e29d5907f8b9e7c669fc78eff348b7c208b75facb04df64c1958619e77609c2
House/hard/P000/000336,House,House,hard,P000,336,32,train,0.9585,6.02,0,0.8892,0.1469,0.4466,0.1404,c7e5992c9bd86e107397bb528a698e0b89b6bb57234f016fd32f70eeb8692899
House/hard/P001/000070,House,House,hard,P001,70,32,train,2.1152,15672.0,0,0.8685,0.2964,0.3679,0.2928,d3a3f20f86395b68ffff8fb37286664f977c0a09b7fac31f9ef3f399802706cb
House/hard/P001/000242,House,House,hard,P001,242,32,train,1.5312,8.34,0,0.8353,0.2705,0.2785,0.2143,f59ca4a7688d6025f14ddbe91ba53e5bca917add4015d21aec52c3e49dfa435c
House/hard/P002/000061,House,House,hard,P002,61,32,train,1.3496,7.86,0,0.8826,0.1433,0.6804,0.2736,307348bbe0446bfa0d33c3925b918f60a7c13438bb863daa7b9e2dbdac31b205
House/hard/P002/000216,House,House,hard,P002,216,32,train,1.6904,16280.0,0,0.8337,0.2141,0.3172,0.2051,565a57793a9993012be927a056e4b14710384a8ee9a020a0465d25b55990674e
House/hard/P003/000060,House,House,hard,P003,60,32,train,1.3848,16208.0,0,0.8247,0.2477,0.4188,0.2987,95c86bd400714276f417041c75efed2cd432831198165e5df5205416faa42a4e
House/hard/P003/000213,House,House,hard,P003,213,32,train,1.9395,16344.0,0,0.8556,0.249,0.3816,0.3238,4139c457532ef35d33ea3832cb769532ede32589913ee5cbe6ff801cb3041dcc
House/hard/P004/000039,House,House,hard,P004,39,32,train,1.2637,14960.0,0,0.8317,0.2235,0.529,0.2599,b14754b69fed3a50e00d35b493e0de1ec6be5f8a481d7073f54f686f9d71ceb6
House/hard/P004/000150,House,House,hard,P004,150,32,train,1.8008,7.71,0,0.9223,0.3003,0.2191,0.1884,e9eb7090ed7cfe54ffaa70bee14d0f6b9e01eb89f00e5c827b83438402ef948b
House/hard/P005/000056,House,House,hard,P005,56,32,train,1.3037,15600.0,0,0.8789,0.1408,0.3365,0.2429,c5049c7d9edae818d507ae8c79acba6def041ea1bbb8072d2b648d15a03b313f
House/hard/P005/000200,House,House,hard,P005,200,32,train,1.7832,15432.0,0,0.9108,0.2561,0.2924,0.3053,535b6a2ac976e00652d54e315fa4bba3de326fe4376708dc09eff0b982223443
House/hard/P006/000040,House,House,hard,P006,40,32,train,1.1035,6.5,0,0.9181,0.1567,0.3596,0.1589,23089f26720b6f420f58bb6d8bffa76fbed55def7c992e71183cbe20b1c97df3
House/hard/P006/000152,House,House,hard,P006,152,32,train,1.3818,7.72,0,0.9185,0.1763,0.1707,0.1625,7dfcc6bf27e3fd38a762beac8f58371d0a3e84675d812fa3bf269663ec3b4558
House/hard/P007/000082,House,House,hard,P007,82,32,train,1.8389,16288.0,0,0.8811,0.2225,0.5297,0.2565,3e6e335986347636f07895efca4dca008b6b156ed47bc937a1aad3071a0a381a
House/hard/P007/000278,House,House,hard,P007,278,32,train,2.0352,15904.0,0,0.8676,0.3849,0.3208,0.2267,5384bc91cef96fd11d6ec5198003e7903533f2638c6b8f134b492dc1cf1232fb
IndustrialHangar/easy/P000/000295,IndustrialHangar,IndustrialHangar,easy,P000,295,32,train,15.125,16200.0,0,0.9978,0.1786,0.0637,0.2063,a3bc108cc7454b29592ff2ebec64c8a71990c21e384a2137e61c440ca4efe188
IndustrialHangar/easy/P000/000918,IndustrialHangar,IndustrialHangar,easy,P000,918,32,train,38.1406,16256.0,0,0.9712,0.2068,0.4384,0.3138,2e87453cd450476dac2d18a2a0dbce875580a40a4e7c71f42862262d79ed5f16
IndustrialHangar/easy/P001/000742,IndustrialHangar,IndustrialHangar,easy,P001,742,32,train,11752.0,16432.0,0,0.9329,0.5783,0.5617,0.17,af97c05c19bd4d93075cbbc7e6042f78975dc4c8384b887f408c17d9c39dc395
IndustrialHangar/easy/P001/002259,IndustrialHangar,IndustrialHangar,easy,P001,2259,32,train,13072.0,16376.0,0,0.9765,0.3012,0.5811,0.1085,2d878f800184599e94825472d563279823dd96dd9a4d4f0c945bb029a20f8eae
IndustrialHangar/easy/P002/000457,IndustrialHangar,IndustrialHangar,easy,P002,457,32,train,5.0938,16432.0,0,0.9769,0.142,0.3663,0.1666,2e413cbc214169298289116933f890d9a726b287ded899002db712bd2df2d4c4
IndustrialHangar/easy/P002/001403,IndustrialHangar,IndustrialHangar,easy,P002,1403,32,train,9.2344,15896.0,0,0.967,0.6166,0.3277,0.0943,ad8637ed40f8385fa537b91d39cc587502fa04d2fd0426de7066c463fe2b57d2
IndustrialHangar/easy/P003/000438,IndustrialHangar,IndustrialHangar,easy,P003,438,32,train,7.0918,15280.0,0,0.9905,0.2981,0.4067,0.4005,eca80b9b1768ce404896d9367379f38084f80e2c056df6371b91fc8a16cb6c1d
IndustrialHangar/easy/P003/001345,IndustrialHangar,IndustrialHangar,easy,P003,1345,32,train,4.5273,34.78,0,0.9412,0.7204,0.0853,0.1583,4f636c2df11d4595cc9183525f23c3ad9ab316d59e7e99b8e378b022294b1751
IndustrialHangar/easy/P004/000565,IndustrialHangar,IndustrialHangar,easy,P004,565,32,train,5.3477,15744.0,0,0.9698,0.2002,0.0806,0.2106,a79412869300fd63a94f913fc4451a30676da30867d0f384c26da5dda247fb13
IndustrialHangar/easy/P004/001726,IndustrialHangar,IndustrialHangar,easy,P004,1726,32,train,10.1797,16320.0,0,0.9872,0.1558,0.3455,0.2041,55d20b12d4cd27d26c1e6a9a36e30069e1d0531defb9fd76e191662c3491fc77
IndustrialHangar/easy/P005/000512,IndustrialHangar,IndustrialHangar,easy,P005,512,32,train,8.4922,15848.0,0,0.977,0.3485,0.0727,0.3741,2a3b23b297b52fb516187992ca0f17089eb7d2421be9a4c9ed8b76e2908f2a8b
IndustrialHangar/easy/P005/001569,IndustrialHangar,IndustrialHangar,easy,P005,1569,32,train,19.7812,16368.0,0,0.988,0.2388,0.4884,0.1902,fea2ac2176d36d6d4b272989b0cfe9de6bef75320e64ebf3e9c277047f8df8c4
IndustrialHangar/easy/P006/000469,IndustrialHangar,IndustrialHangar,easy,P006,469,32,train,1.4185,15976.0,0,0.9517,0.1859,0.2012,0.1686,496ebecdbafd8b595ef03237aa58f0ec67b847e1d7806dcb343881e07363867a
IndustrialHangar/easy/P006/001440,IndustrialHangar,IndustrialHangar,easy,P006,1440,32,train,2.248,15992.0,0,0.9519,0.1229,0.1566,0.3376,546a59c2a2a6d5d0d6705162b68ac9652f55b9c3f7fda45c42f0706d7b91335d
IndustrialHangar/hard/P000/000183,IndustrialHangar,IndustrialHangar,hard,P000,183,32,train,11.5469,15960.0,0,0.9075,0.1416,0.04,0.2441,bb65a7c465a3101e94de1557eadd168da05079f153ad59f2d009c22646dc8bd1
IndustrialHangar/hard/P000/000581,IndustrialHangar,IndustrialHangar,hard,P000,581,32,train,12448.0,16288.0,0,0.9552,0.0915,0.43,0.2363,ad8799a1102a21b22fe4f43d32e5ffeacc43b0f2745d5b3c871547d9eef0960e
IndustrialHangar/hard/P001/000397,IndustrialHangar,IndustrialHangar,hard,P001,397,32,train,13432.0,16296.0,0,0.9692,0.2499,0.6732,0.2695,db544039e6b0c7d9f41ae7672d3862a259a393ccc36525eee2eaec4de390c65f
IndustrialHangar/hard/P001/001223,IndustrialHangar,IndustrialHangar,hard,P001,1223,32,train,9.3359,16344.0,0,0.8382,0.7224,0.3161,0.3,4ef3d6ef055f56b3d1de5ca1eb1d8889f126c8acd1ca89327b760c7c78f11bd6
IndustrialHangar/hard/P002/000229,IndustrialHangar,IndustrialHangar,hard,P002,229,32,train,3.7109,12504.0,0,0.8607,0.4981,0.403,0.3851,166bdd2feb241d4173a90e149ad8449f0069584d38fe29c9df5559a1ab4da08c
IndustrialHangar/hard/P002/000720,IndustrialHangar,IndustrialHangar,hard,P002,720,32,train,3.0352,18.5,0,0.7335,0.7823,0.0608,0.4665,4c1f152b2015422c952a503824067bbc6cd80e44f9d340d9d18ecbea01c7d9b1
IndustrialHangar/hard/P003/000230,IndustrialHangar,IndustrialHangar,hard,P003,230,32,train,4.2344,16088.0,0,0.9698,0.3141,0.4506,0.4875,27e19654f6caf72c6709572b72ed093d1e66bc2705f561da50a6ff35cd9353d7
IndustrialHangar/hard/P003/000723,IndustrialHangar,IndustrialHangar,hard,P003,723,32,train,11792.0,16288.0,0,0.9086,0.3021,0.4148,0.4938,35fc778c356b01fa0dfff7d237a4ab5bc9074ab2d44de1c0f15352c05bf1cdfb
IndustrialHangar/hard/P004/001039,IndustrialHangar,IndustrialHangar,hard,P004,1039,32,train,4.377,16296.0,0,0.9616,0.2067,0.3297,0.1784,99c11ceb50fb7ff78fd2f9c8b755cc4ead9cbf182135dc64dfd652d090203e9a
IndustrialHangar/hard/P005/000326,IndustrialHangar,IndustrialHangar,hard,P005,326,32,train,9.8516,16432.0,0,0.9182,0.2741,0.268,0.312,e0ba388f5b6bdac7a37cc955ea98340216126f15ffacb8b7b403de259ee83d1c
IndustrialHangar/hard/P005/001010,IndustrialHangar,IndustrialHangar,hard,P005,1010,32,train,11.8516,16152.0,0,0.9357,0.2063,0.3818,0.6241,d4d4d548d2e64cbf1e3806b71bbd3aa5d2c3eb0a6732240d0245cab651dc4e8c
IndustrialHangar/hard/P006/000284,IndustrialHangar,IndustrialHangar,hard,P006,284,32,train,2.7988,15984.0,0,0.909,0.1946,0.2119,0.2394,646411214fa39b29aced11de27f2141b678a30b93f93355e7cabfb2c259fbcce
IndustrialHangar/hard/P006/000882,IndustrialHangar,IndustrialHangar,hard,P006,882,32,train,12992.0,16400.0,0,0.9561,0.2148,0.6357,0.204,f145ca24545a190ccaaca33dcf7cb27ff30b18e41609518519d5a8dde5fd1399
JapaneseAlley/easy/P000/000254,JapaneseAlley,Japanese,easy,P000,254,32,train,6.5859,63.34,0,0.9819,0.5241,0.2603,0.3688,b47540bef3257d9e6723c465c8f89424c91a58d13bd3c71fbcfe12425efb660d
JapaneseAlley/easy/P000/000792,JapaneseAlley,Japanese,easy,P000,792,32,train,6.1055,61.64,12,0.9764,0.4328,0.4542,0.2321,069274b7a981ffe600e1ba669a14ce9be5b2d2703b3005af82e983a00666342e
JapaneseAlley/easy/P001/000152,JapaneseAlley,Japanese,easy,P001,152,32,train,1.335,7.13,0,0.9651,0.0204,0.1661,0.1968,38fd8d8cc7d109054bc7c7bbbabebabf81439296dd2d8eb24389d4a52b8b1860
JapaneseAlley/easy/P001/000489,JapaneseAlley,Japanese,easy,P001,489,32,train,5.7344,24.36,0,0.9647,0.5709,0.4354,0.3141,b3f0dc3a232ddf96b43a16b4d2dc3fde1abac4a1328fdb7393406530b766bb0b
JapaneseAlley/easy/P002/000223,JapaneseAlley,Japanese,easy,P002,223,32,train,4.6211,17.69,0,0.9746,0.4481,0.6137,0.1293,8d09992a3c80636151d11a2c6672337b4f1a7ddf46a06897504bbb2f5af4dcda
JapaneseAlley/easy/P002/000701,JapaneseAlley,Japanese,easy,P002,701,32,train,4.3496,17.0,0,0.9931,0.3424,0.4386,0.1233,c6cb487029af5a5465437055bc5e18bf56702a4d592b0a6daeb4c630fe88c1f1
JapaneseAlley/easy/P003/000149,JapaneseAlley,Japanese,easy,P003,149,32,train,2.1953,58.09,102,0.9498,0.2276,0.4647,0.2116,f03d805e410eb9ab6e557e27e686e7fe3b2768ae00a72d2c9781c9b2e3718f32
JapaneseAlley/easy/P003/000478,JapaneseAlley,Japanese,easy,P003,478,32,train,6.8086,56.78,2,0.9838,0.5087,0.4859,0.2165,fdc17450006df7cc6130f46f17b7336d1d3588706eb86a9664444b9f1db80cf6
JapaneseAlley/easy/P004/000167,JapaneseAlley,Japanese,easy,P004,167,32,train,4.4727,91.25,0,0.9867,0.2889,0.4059,0.0722,f7953dc0ffd7e31c26b88963a69b2f23f7d5dabff96339d9744c5cf58b0e6901
JapaneseAlley/easy/P004/000532,JapaneseAlley,Japanese,easy,P004,532,32,train,2.7812,28.94,0,0.9701,0.3265,0.7127,0.1159,58be9589e2a41aa312fdd583a03388821086c7346657c3f26280da4f89c2e317
JapaneseAlley/easy/P005/000210,JapaneseAlley,Japanese,easy,P005,210,32,train,4.0664,8.54,0,0.992,0.1478,0.417,0.1072,5cc255a53174151926d3dcb25a920fabf821710acce33640ba137957c24c5a62
JapaneseAlley/easy/P005/000661,JapaneseAlley,Japanese,easy,P005,661,32,train,5.7578,53.41,0,0.9675,0.3727,0.4532,0.3158,f57cba5f4d297bab83295af3513d19a297f4ce3c989e887fb7eabe46a7a675e5
JapaneseAlley/easy/P006/000172,JapaneseAlley,Japanese,easy,P006,172,32,train,6.4414,14.2,1713,0.9711,0.4442,0.0556,0.1668,d4458aa68a94d14e9de5b2e4093959a1e51caebc0ebeb137a3d1bdc7323f2baa
JapaneseAlley/easy/P006/000549,JapaneseAlley,Japanese,easy,P006,549,32,train,5.6602,56.06,88,0.9815,0.49,0.1918,0.1566,99777225a23d4452481da231e3a392bba19824061b00174f1f4119dee63d05fe
JapaneseAlley/hard/P000/000140,JapaneseAlley,Japanese,hard,P000,140,32,train,6.7461,70.69,93,0.9299,0.422,0.5517,0.24,e08a8a16ad8a78988a1cdc583ed5572e7f5a0d4527bed6caa1bc0dd19ee2e405
JapaneseAlley/hard/P000/000452,JapaneseAlley,Japanese,hard,P000,452,32,train,4.4688,106.81,27,0.871,0.5956,0.6183,0.3762,20eae57daf8f9db6cdb44893ba87facd867b185b5356e4e79c752d5d2a0c5c00
JapaneseAlley/hard/P001/000079,JapaneseAlley,Japanese,hard,P001,79,32,train,3.2559,13.39,0,0.8955,0.2277,0.4894,0.1918,349f681e1e41cb53881b8f839c009a2678853f262d89ada37e22a90f1241accc
JapaneseAlley/hard/P001/000268,JapaneseAlley,Japanese,hard,P001,268,32,train,8.6562,65.09,414,0.8792,0.6461,0.4474,0.7192,ab406d3e692e2e026c58055e690a79fb8751a235171972e4c95d08a1ddfd7e0b
JapaneseAlley/hard/P002/000121,JapaneseAlley,Japanese,hard,P002,121,32,train,5.1445,51.41,175,0.9605,0.4271,0.529,0.3698,f38274a6636770c0dd199f588d17652077a78220280c65ad05998869a6ff392c
JapaneseAlley/hard/P002/000395,JapaneseAlley,Japanese,hard,P002,395,32,train,2.9629,60.66,209,0.938,0.3849,0.4288,0.1704,8512f91773b51d0dd4b1a082fafee10e0cca5ed6ec018d24d861320dfebeabc9
JapaneseAlley/hard/P003/000085,JapaneseAlley,Japanese,hard,P003,85,32,train,6.2656,107.56,58,0.921,0.5879,0.4636,0.1521,82518a73ca0c53e920fe70ba2ec79626d68ee55ad744b731e64bc1c36cfdf4ea
JapaneseAlley/hard/P003/000288,JapaneseAlley,Japanese,hard,P003,288,32,train,6.498,51.81,522,0.9143,0.5472,0.5118,0.3919,1a101c326b5e2d4275af2ef8afd38f974c496e9f4386706a8a6d27e21791f8be
JapaneseAlley/hard/P004/000102,JapaneseAlley,Japanese,hard,P004,102,32,train,3.291,12.74,0,0.9058,0.2233,0.3662,0.3878,982ea11c9a7c7408889ef25336f22afdae2046c52ccb2f407472778156aa3240
JapaneseAlley/hard/P004/000338,JapaneseAlley,Japanese,hard,P004,338,32,train,4.5508,24.25,0,0.9654,0.2441,0.5223,0.1379,084f108b4f9b6b303c16578d0a43d53c8dbbe4f3f327440a3b2b37564cb5a4d5
JapaneseAlley/hard/P005/000122,JapaneseAlley,Japanese,hard,P005,122,32,train,3.6084,13.77,0,0.9437,0.2517,0.3202,0.2675,299fa2375820e65bf33bec48b3ac9cf03ff476499f1f79298c5398e895a6ef41
JapaneseAlley/hard/P005/000396,JapaneseAlley,Japanese,hard,P005,396,32,train,4.7383,20.03,0,0.9102,0.6761,0.3265,0.2069,3f1abcbdf56c0f2866429c84d541d55e081f1068087f176b14ffbe4f91e95d2b
JapaneseAlley/hard/P006/000070,JapaneseAlley,Japanese,hard,P006,70,32,train,6.5684,97.38,2174,0.907,0.5577,0.1208,0.1982,4d609f88ba47b0337a58a3b2f866af597c65b14f13dee686351e4028409d2ee6
JapaneseAlley/hard/P006/000240,JapaneseAlley,Japanese,hard,P006,240,32,train,5.3672,21.3,99,0.9274,0.4739,0.2017,0.4271,c88dea6e7958d630e6c8c695bcdb5c135b4a07c9d11e5e0aa4c6499de17c232f
JapaneseCity/easy/P000/000384,JapaneseCity,Japanese,easy,P000,384,32,train,5.4805,14760.0,0,0.9436,0.4624,0.4441,0.3142,fcf9f50720be58b9e0305d24f273e1de9c0b72aeee4a67eb7880002aae947fea
JapaneseCity/easy/P000/001185,JapaneseCity,Japanese,easy,P000,1185,32,train,1.3184,13440.0,0,0.9904,0.144,0.433,0.0464,3a356e29274bdc6d699fa83d9473a5716c87ee9c1cead2f7651830e9ef3640f5
JapaneseCity/easy/P001/000478,JapaneseCity,Japanese,easy,P001,478,32,train,5.5098,16176.0,0,0.9489,0.456,0.1628,0.1124,1ce7404fa11f6b5bfb6e0c569d4eb939466d7ba163bf5c2260c1cf3ed3a46dbb
JapaneseCity/easy/P001/001465,JapaneseCity,Japanese,easy,P001,1465,32,train,3.7549,14856.0,0,0.9046,0.2783,0.1644,0.2327,63d4ea67b96d78d938da3dd381516d442b89788d41503f565b6817738a27ca34
JapaneseCity/easy/P002/000344,JapaneseCity,Japanese,easy,P002,344,32,train,12.0156,14952.0,0,0.9467,0.3688,0.16,0.338,36f8acf119ccff888fe13ba946171c936edfde687b4811bb1c8b25ca7f91c8c8
JapaneseCity/easy/P002/001064,JapaneseCity,Japanese,easy,P002,1064,32,train,11.3984,13704.0,0,0.9435,0.5481,0.1583,0.1673,5547dffe2d60fc8d3575bf3d3d39c5ba1b09558ac1c831478576f0a6b88d2aa6
JapaneseCity/easy/P003/000218,JapaneseCity,Japanese,easy,P003,218,32,train,4.8555,13272.0,0,0.9804,0.1764,0.396,0.1298,d27a26ddc8d32dac805fd2e0220fd7179247e0a9f57adaf2e6ef21a4278ed7a4
JapaneseCity/easy/P003/000686,JapaneseCity,Japanese,easy,P003,686,32,train,12.0273,15016.0,0,0.9767,0.6227,0.5699,0.1266,e7e9d5883f77ef8f7e4cc595763d5f631ddceac845977c9efeeaa487b634f176
JapaneseCity/easy/P004/000403,JapaneseCity,Japanese,easy,P004,403,32,train,3.8652,16216.0,0,0.9458,0.3153,0.3668,0.2026,f19070230d5255fce495fcbee0b2fa4355d4c07dd91cb33cebf8653a3e672f1b
JapaneseCity/easy/P004/001242,JapaneseCity,Japanese,easy,P004,1242,32,train,3.9102,15656.0,0,0.8908,0.5062,0.3048,0.2363,f613ba2022a48ad3c56e4ed0082d2c0f8cc16596523551a34ce56cc20ef1abcc
JapaneseCity/easy/P005/000428,JapaneseCity,Japanese,easy,P005,428,32,train,10.8984,15576.0,0,0.936,0.623,0.4022,0.2551,2f9e8c39efcf49fddde98e1eb2ed1597141a74987c44d8a26e24d13a2ff68310
JapaneseCity/easy/P005/001314,JapaneseCity,Japanese,easy,P005,1314,32,train,14.7188,15816.0,0,0.9398,0.4236,0.3506,0.2982,beeb0f170f5254999a1a1de28f1d3438d723ecbd60e3b54bd6fd9228001f546a
JapaneseCity/easy/P006/000326,JapaneseCity,Japanese,easy,P006,326,32,train,9.1953,13352.0,0,0.9772,0.5524,0.4949,0.2441,62d003913494069b7be859f1fe73d6ab6b7d0c77efe3415ad8e13f08ee096e72
JapaneseCity/easy/P006/001010,JapaneseCity,Japanese,easy,P006,1010,32,train,4.9688,16.62,0,0.9718,0.5486,0.2768,0.1975,80a6b73d10f17074d7323d894deb8f7d9144fe25ed4ee3e71ff23c6de7dd0fc0
JapaneseCity/easy/P007/000339,JapaneseCity,Japanese,easy,P007,339,32,train,9.5859,15224.0,0,0.9898,0.485,0.4393,0.1046,4e570d1a73d040e831bd408df0bb27012dae76839d5a088a6b0f80c811369379
JapaneseCity/easy/P007/001048,JapaneseCity,Japanese,easy,P007,1048,32,train,10.2812,15640.0,0,0.9889,0.5535,0.3366,0.1192,5bf46a45bf46008a65d046b9d79bca1a0f50bd9c0b11d767241defd8329b29bd
JapaneseCity/easy/P008/000312,JapaneseCity,Japanese,easy,P008,312,32,train,11.707,15656.0,0,0.9332,0.6657,0.3184,0.3448,ad2b6eba8c22b4f58fd34ca986579b813dc39d687dcd84249ed37021add676af
JapaneseCity/easy/P008/000969,JapaneseCity,Japanese,easy,P008,969,32,train,8.75,16320.0,0,0.9764,0.4766,0.2976,0.3495,f8b282d875a1344f81e7baba2e61f8bf94769ce3487463a1b3868e47e1880c8b
JapaneseCity/easy/P009/000222,JapaneseCity,Japanese,easy,P009,222,32,train,8.5312,16088.0,0,0.9587,0.3317,0.3021,0.233,e4c1bfddd2a1c172ad58dd91ab67a7447e2ea5cd4cf29204b4afef7ae225900e
JapaneseCity/easy/P009/000697,JapaneseCity,Japanese,easy,P009,697,32,train,4.8281,15376.0,0,0.9699,0.445,0.3741,0.1284,1abdc3c2220fe056c602da367dc4a907431e27a58e93b5ee25921c61fd520c47
JapaneseCity/easy/P010/000416,JapaneseCity,Japanese,easy,P010,416,32,train,7.7559,15280.0,0,0.9254,0.6642,0.392,0.329,d597fde8b41f8aef7bd888e034b39d11eff6f8b2447a8d5fed014aca29d83035
JapaneseCity/easy/P010/001279,JapaneseCity,Japanese,easy,P010,1279,32,train,3.0986,15792.0,0,0.9877,0.2088,0.1937,0.1356,e4a702a6bed5f222568db4efb8e08b9fdbf0db7fcf3503a9757ad5ea96139e58
JapaneseCity/hard/P000/000229,JapaneseCity,Japanese,hard,P000,229,32,train,8.1328,15880.0,0,0.8863,0.2871,0.2039,0.7706,9d34b872af62c9b74a4e6b40ee4a77d2023e52031c1a2c13ef520c12a539cbe1
JapaneseCity/hard/P000/000720,JapaneseCity,Japanese,hard,P000,720,32,train,13.4883,15984.0,0,0.8331,0.6785,0.3817,0.2451,1bbcf6ac168f4df2bae4a43d9263c49572ba9b26712526f42f97f74747fd7236
JapaneseCity/hard/P001/000270,JapaneseCity,Japanese,hard,P001,270,32,train,4.041,16352.0,0,0.8966,0.3984,0.1635,0.2359,3254d430970efb7c8766e8b70c122aaf22dba86001051109a5bfd545a03643d7
JapaneseCity/hard/P001/000840,JapaneseCity,Japanese,hard,P001,840,32,train,13.75,16296.0,0,0.9725,0.3725,0.2488,0.2381,2dfa1b65127fd171a86e28d977dbec2f2d25633c6391597cdbe3b61ae8ff0a79
JapaneseCity/hard/P002/000169,JapaneseCity,Japanese,hard,P002,169,32,train,3.5723,14960.0,0,0.9204,0.1496,0.1601,0.2971,fd65e02a55ed6c23acd97e7721b48d763e5db339d9ee9e0dfa98872d416f5a56
JapaneseCity/hard/P002/000539,JapaneseCity,Japanese,hard,P002,539,32,train,4.2695,85.38,0,0.9519,0.2545,0.0381,0.3332,6ffb40967d9a788ac20dad1d000b4ae454ffa4eb81554c91a609a613f611d97d
JapaneseCity/hard/P003/000099,JapaneseCity,Japanese,hard,P003,99,32,train,8.7656,15160.0,0,0.948,0.4075,0.3338,0.3854,04be932283cad9b9d0a847f891c50fbc8732bde63cda8c9cb93ea444d03149ef
JapaneseCity/hard/P003/000330,JapaneseCity,Japanese,hard,P003,330,32,train,6.1289,15512.0,0,0.936,0.4023,0.1725,0.4986,e5570d43adbfa3ce8ba02338d545490c7b2409d8d28ff2ec48bc985c2c88780b
JapaneseCity/hard/P004/000236,JapaneseCity,Japanese,hard,P004,236,32,train,2.7783,15632.0,0,0.9578,0.1966,0.4225,0.1733,362b42862bc28087e851cad2899030421e1e1f5b306a1325d3a724088155c463
JapaneseCity/hard/P004/000741,JapaneseCity,Japanese,hard,P004,741,32,train,12.2812,15968.0,0,0.9315,0.3624,0.2972,0.1918,c2c1e33abd85a04e8e9c789a91dd361ec10ca93f0285796aea057207f358ff1f
JapaneseCity/hard/P005/000206,JapaneseCity,Japanese,hard,P005,206,32,train,17.7812,16320.0,0,0.9339,0.5928,0.2698,0.2226,c0acf9d8aa29b1ee8a404fc2c6c2a90d05c68be20ab36ab906b1dbeff2089e4f
JapaneseCity/hard/P005/000650,JapaneseCity,Japanese,hard,P005,650,32,train,4.5391,11920.0,0,0.8638,0.4673,0.451,0.3593,81332eeec3128928c033fbc10c7933f64d668e134ba0c0fa50a8cfaa95635e2e
JapaneseCity/hard/P006/000170,JapaneseCity,Japanese,hard,P006,170,32,train,9.25,15520.0,0,0.8216,0.6999,0.4412,0.8587,90f07a3c24dcadc85424b5afe3366ceaf05441dce29a6102c806923f80cc6c02
JapaneseCity/hard/P006/000543,JapaneseCity,Japanese,hard,P006,543,32,train,13.375,16248.0,0,0.9301,0.6488,0.2855,0.3798,299635116cda4bffee7904a7953f38dc9ad9d5f94713eafab01260f3e75c46a5
JapaneseCity/hard/P007/000169,JapaneseCity,Japanese,hard,P007,169,32,train,4.7461,16360.0,0,0.9374,0.2211,0.248,0.2689,9152d2176fba543440b1d8e108ddc44706a1d8988840ae34e4f8702c5ba2155c
JapaneseCity/hard/P007/000538,JapaneseCity,Japanese,hard,P007,538,32,train,7.707,16000.0,0,0.9185,0.5177,0.3336,0.2041,0f31f1dedef0f21dcc65573f6c4ef352a08bd6c2af63c9fc7040a01181457363
JapaneseCity/hard/P008/000218,JapaneseCity,Japanese,hard,P008,218,32,train,5.6641,19.56,0,0.8757,0.5619,0.3633,0.5773,8aa2a2610d1e4190954b14c6b93d1c8d1b03e3b1ef7418e2ca9fc60788e392a8
JapaneseCity/hard/P008/000684,JapaneseCity,Japanese,hard,P008,684,32,train,4.9531,21.52,0,0.9571,0.3257,0.5791,0.3204,a5e27ed5e9c2e02c7e9564c123fde0273d8334123c6c68ae396555ce979497d2
JapaneseCity/hard/P009/000116,JapaneseCity,Japanese,hard,P009,116,32,train,10.4922,15344.0,0,0.9002,0.6146,0.3391,0.3783,9c4b9b3d60ee8c17201a857230291403452c707304408eb37fce11abd88561b4
JapaneseCity/hard/P009/000382,JapaneseCity,Japanese,hard,P009,382,32,train,2.9492,9.52,0,0.9388,0.3681,0.4229,0.3199,d2249118ecc51d9167ec973f9c8a1a38f61d8eeba8fb019520e38cc11de78765
JapaneseCity/hard/P010/000276,JapaneseCity,Japanese,hard,P010,276,32,train,8.1562,28.61,0,0.9411,0.5853,0.3609,0.3317,57caa339d54dc84ece18e4de3a8041cdd3ed41d3189266386ba587fddcaa11ab
JapaneseCity/hard/P010/000859,JapaneseCity,Japanese,hard,P010,859,32,train,11.7188,16040.0,0,0.8947,0.6643,0.206,0.321,9e56aa46aa5ab1f0007199112c35642ee8c38e524a5259ac132717217f522d59
MiddleEast/easy/P000/000282,MiddleEast,MiddleEast,easy,P000,282,32,validation,5.457,15464.0,0,0.9722,0.4434,0.6562,0.2637,41e5f08448eb9b56a84bc9c16614f20bd4d11aca8487e29c64ae2e5b16b9374d
MiddleEast/easy/P000/000876,MiddleEast,MiddleEast,easy,P000,876,32,validation,2.1074,43.66,0,0.9682,0.2624,0.4774,0.1029,9cb60f3c40c7e387c69a6961fbd8cb9590d0e99d101e1c0ef759420b3fd7cdd4
MiddleEast/easy/P001/000177,MiddleEast,MiddleEast,easy,P001,177,32,validation,3.6797,13480.0,0,0.9848,0.234,0.5256,0.0646,69fb2dbdb6ca26203aac1b68894346fd07c42897a0bcfb76826198327cade220
MiddleEast/easy/P001/000564,MiddleEast,MiddleEast,easy,P001,564,32,validation,4.6406,13968.0,0,0.9773,0.272,0.6698,0.1015,97345eab94a6cf05f802990e673e90a378c82c89260aee73104d35eaa85ea992
MiddleEast/easy/P002/000210,MiddleEast,MiddleEast,easy,P002,210,32,validation,3.7207,16128.0,0,0.935,0.3543,0.6977,0.2074,551abd7f6e6002ae3f72b2a3667a2be62725852b81c8b8d3abb540a144098d7e
MiddleEast/easy/P002/000664,MiddleEast,MiddleEast,easy,P002,664,32,validation,5.7383,15968.0,0,0.989,0.4889,0.6448,0.0904,8f73146a8953242b1e0b28ee66c5eada4ecc842afc3b22687f0e3707beabc9e4
MiddleEast/easy/P003/000214,MiddleEast,MiddleEast,easy,P003,214,32,validation,6.3398,14624.0,0,0.9819,0.4115,0.6079,0.1138,e9096089d62f800cfcd3642c3d3cc07b583d023110e75e9591932b39ed11953f
MiddleEast/easy/P003/000674,MiddleEast,MiddleEast,easy,P003,674,32,validation,7.6211,16056.0,0,0.9079,0.3646,0.6575,0.2605,7870ac868a725025fe0e58395b727e346ac7b6ebe8ac19f3d58602f500c476bc
MiddleEast/easy/P004/000193,MiddleEast,MiddleEast,easy,P004,193,32,validation,3.8184,58.66,116,0.8974,0.3197,0.1452,0.3371,9e9410d8a362e194a8c1b4826b06b1c5b0c23b1967f33368c540d1540c3a7acc
MiddleEast/easy/P004/000611,MiddleEast,MiddleEast,easy,P004,611,32,validation,3.2988,51.28,34,0.932,0.5065,0.0292,0.1508,9aab7cfed25357fcac87c775952cbedd75d0c6e22883c13a08930797e75cad86
MiddleEast/easy/P005/000362,MiddleEast,MiddleEast,easy,P005,362,32,validation,3.6641,69.12,1184,0.9576,0.3245,0.1621,0.294,85b91416127089086c8f03008e9a0fda71c3a1b7678d9b62c744840ce65ee6fe
MiddleEast/easy/P005/001117,MiddleEast,MiddleEast,easy,P005,1117,32,validation,5.6875,48.73,201,0.9835,0.4184,0.0753,0.1193,1a6a2a97ea3608879936da2ee0a88bf32d8603d3ff6fa27352a6adb2039415f3
MiddleEast/easy/P006/000222,MiddleEast,MiddleEast,easy,P006,222,32,validation,3.2949,57.25,1678,0.9285,0.3292,0.1983,0.1229,8b1a0cea6b2766a006448f19bbe727aac8301e8c2399d475a47564d095e8e3de
MiddleEast/easy/P006/000696,MiddleEast,MiddleEast,easy,P006,696,32,validation,7.1602,75.31,3847,0.972,0.4666,0.2946,0.0864,1287b1c5d96f3eb395b66e10844a89d40a5ef5d1b52a368d75ead8117ec35076
MiddleEast/easy/P007/000161,MiddleEast,MiddleEast,easy,P007,161,32,validation,4.6602,26.19,1,0.9561,0.2627,0.085,0.1433,2b6e6bcd4d9131097ee1897f370b40ec3bb1c8ac76f1c4bda8992f7ecc598fe6
MiddleEast/easy/P007/000514,MiddleEast,MiddleEast,easy,P007,514,32,validation,8.9844,58.92,4813,0.963,0.5306,0.3488,0.1788,590a0fdff9efd228595ccedd987774c743680ca4ab2d92ccbaaa8a12be212669
MiddleEast/easy/P008/000241,MiddleEast,MiddleEast,easy,P008,241,32,validation,5.207,36.66,0,0.942,0.4268,0.6511,0.1619,51446379c97a5c48d9679637d681b8266109cc823058e67d1ab67ec5e93f0b5b
MiddleEast/easy/P008/000756,MiddleEast,MiddleEast,easy,P008,756,32,validation,6.1445,49.86,0,0.9027,0.4594,0.3494,0.0937,8bc0f3531fdb38f1b340d91617656c1a4e910e250df349d0385318b7c051e78a
MiddleEast/easy/P009/000308,MiddleEast,MiddleEast,easy,P009,308,32,validation,2.8262,93.03,0,0.9608,0.2881,0.132,0.2104,fd4c9dc5cec437fd437b08533b84d3309b831386ae92dfc10ffed02899045f12
MiddleEast/easy/P009/000954,MiddleEast,MiddleEast,easy,P009,954,32,validation,7.3672,55.72,0,0.8908,0.5598,0.4207,0.1455,b1f0d97e26edf1e0447f4d35a00c0c70d3bcedc989b677ad1c1e561ff7f97e2e
MiddleEast/easy/P010/000192,MiddleEast,MiddleEast,easy,P010,192,32,validation,4.8828,59.34,0,0.8875,0.4802,0.393,0.1262,e779ae66832dca9fbebcbd1d16e47fd9f62ecc6c2d3fdde7d238ac65c9c323f6
MiddleEast/easy/P010/000606,MiddleEast,MiddleEast,easy,P010,606,32,validation,3.2725,23.64,0,0.9682,0.2044,0.5467,0.1178,be0c772a2a2a87f5794d9c36cababed224d1bc22fc30ff9e74e85e5ee6fc8eb4
MiddleEast/easy/P011/000207,MiddleEast,MiddleEast,easy,P011,207,32,validation,6.3271,53.75,0,0.8872,0.4313,0.3841,0.3593,c507c2685962c5d4202b1b1f11917d1c1c7a29d3882fbe55b265e9dc92e1d875
MiddleEast/easy/P011/000652,MiddleEast,MiddleEast,easy,P011,652,32,validation,4.4727,25.48,0,0.9466,0.4854,0.3924,0.0913,814531113ea66c6aec387c17895d0a18221a9e64240f30be66cd8aefa022b34c
MiddleEast/hard/P000/000193,MiddleEast,MiddleEast,hard,P000,193,32,validation,3.8555,14600.0,0,0.8502,0.3358,0.6418,0.2243,ba1af29a8d595032e87dedd3e4ff82c56ed84cc31ce34ce98b97d52030ca6f4c
MiddleEast/hard/P000/000611,MiddleEast,MiddleEast,hard,P000,611,32,validation,10.8828,15816.0,0,0.9448,0.4969,0.6695,0.2282,c6ec1c31a9ed667c49efc82f759fa3d875aa42d5891ccde53444dbf518d804bb
MiddleEast/hard/P001/000110,MiddleEast,MiddleEast,hard,P001,110,32,validation,5.5527,16376.0,0,0.94,0.3086,0.6644,0.2704,657c7b1c0f046e614c61d914659acb8b946a45254c37a4b0bcb4adc637935f3b
MiddleEast/hard/P001/000360,MiddleEast,MiddleEast,hard,P001,360,32,validation,12188.0,16360.0,0,0.9518,0.2867,0.8096,0.3609,604c27113b790c904fce0633afeb9f9e978bb2f5762b6f848919bf42a2290727
MiddleEast/hard/P002/000150,MiddleEast,MiddleEast,hard,P002,150,32,validation,4.9688,16328.0,0,0.9151,0.3815,0.7516,0.1408,b73bfe262efbc9f1d1f90606dffbf1d44c574df4a0325dd50d097faffa338c74
MiddleEast/hard/P002/000481,MiddleEast,MiddleEast,hard,P002,481,32,validation,5.3203,15504.0,0,0.9417,0.4169,0.6733,0.2578,e32c382ffff3db985787cb8a64422bc49bb3e6356068faf8f7d4e6945cd2b0ca
MiddleEast/hard/P003/000122,MiddleEast,MiddleEast,hard,P003,122,32,validation,4.1406,15504.0,0,0.8987,0.3924,0.6415,0.2661,b819172b4799e7c4bc5bcfd1ccc616842d087630ff57e33bc6f6b292694073d2
MiddleEast/hard/P003/000400,MiddleEast,MiddleEast,hard,P003,400,32,validation,1.6333,16328.0,0,0.8679,0.2984,0.5877,0.197,012b26788768e37de4c663b430e1bf1db567e7df6442e54b0c72c143c06da23c
MiddleEast/hard/P004/000134,MiddleEast,MiddleEast,hard,P004,134,32,validation,8.8516,357.0,4439,0.8977,0.5138,0.344,0.3683,1dc1e1bedb44435a751c3c6650ea4bc49318778b6ded03022e328fe04005e649
MiddleEast/hard/P004/000435,MiddleEast,MiddleEast,hard,P004,435,32,validation,5.3711,32.92,37,0.9636,0.3307,0.0628,0.1537,0a58f24ec78ebcd543b654ee84d597d11bbbdf767f70de5fae989127577b9895
MiddleEast/hard/P005/000232,MiddleEast,MiddleEast,hard,P005,232,32,validation,5.2734,69.25,1457,0.9076,0.3592,0.1841,0.4298,6cf29b616cdf1b195b45c03485b96755fd100b2e1f8b14dc9a6d43e2d85de417
MiddleEast/hard/P005/000726,MiddleEast,MiddleEast,hard,P005,726,32,validation,5.0684,78.19,4883,0.9299,0.3373,0.3364,0.2532,190c61ff2c58de589c290c947379cc055e4c776b7bae5eb3e51d69edd2395ac6
MiddleEast/hard/P006/000114,MiddleEast,MiddleEast,hard,P006,114,32,validation,3.6035,57.41,3190,0.8729,0.2971,0.2574,0.3568,36ca759ebbde821c3f62cdc9446dfd711d8f1a839fb2b915d5ead21deadd6e5f
MiddleEast/hard/P006/000375,MiddleEast,MiddleEast,hard,P006,375,32,validation,5.8672,52.41,3099,0.9351,0.3993,0.312,0.3886,4b1bc27779adc0d1e5e1429e84cb359c8a8f3e3aff2aeff8f34b91c06eb7e40a
MiddleEast/hard/P007/000098,MiddleEast,MiddleEast,hard,P007,98,32,validation,3.6973,57.44,42,0.9347,0.3492,0.0831,0.3218,9ec731910b59884a8a7299e8bc908b17ad11d78eb1d5f3af41e13ed7fad02fbc
MiddleEast/hard/P007/000325,MiddleEast,MiddleEast,hard,P007,325,32,validation,8.1328,71.94,5581,0.8982,0.4046,0.41,0.3694,84a599f19cdca3d7911d4e7eff48d21e448b09096f009b80bbde1736c96b77b4
MiddleEast/hard/P008/000126,MiddleEast,MiddleEast,hard,P008,126,32,validation,17.9141,65.81,6,0.7681,0.5486,0.6537,0.2358,a415852cb70f94167d7e9478417c5a3ed81964efe352e6125ea639660cd0e7b4
MiddleEast/hard/P008/000410,MiddleEast,MiddleEast,hard,P008,410,32,validation,2.6484,46.69,0,0.8324,0.138,0.1312,0.283,fc99bf8ebfea750005998e8adb6936cea02497b9aaefd529efbe09280833a9c7
MiddleEast/hard/P009/000166,MiddleEast,MiddleEast,hard,P009,166,32,validation,4.8867,44.34,0,0.9339,0.4701,0.2764,0.2288,853b75e2b71db8daf53b53cec0c876421e76c24fb2eb7881cd310eb58428786d
MiddleEast/hard/P009/000529,MiddleEast,MiddleEast,hard,P009,529,32,validation,4.0625,15.99,0,0.9209,0.349,0.5193,0.3858,7e9a2249180ab9f904512c15ac7f82faa310bb455920f10a66108ce879e4045f
MiddleEast/hard/P010/000115,MiddleEast,MiddleEast,hard,P010,115,32,validation,3.332,50.59,0,0.8002,0.352,0.3886,0.4778,cfb0688ad78c3e294d0486a7f0a70a7c319d2e0697c477778014d05cdea6b72b
MiddleEast/hard/P010/000377,MiddleEast,MiddleEast,hard,P010,377,32,validation,11.0469,58.0,14,0.7578,0.3347,0.5198,0.3385,1d39387c8a47b2eca1dc60d6b3fcbcb5a6bc5bd36f0561cd931ebba103adab39
MiddleEast/hard/P011/000120,MiddleEast,MiddleEast,hard,P011,120,32,validation,4.7422,49.31,1,0.893,0.4334,0.4477,0.2887,dd3e3f32ecca3a659292032702a467d31b85e0e55ac90ec5b5c67ea1b02dae5b
MiddleEast/hard/P011/000394,MiddleEast,MiddleEast,hard,P011,394,32,validation,1.957,76.0,0,0.8253,0.165,0.2289,0.666,336c4a432b117a038afda5f8c50dde6394718b72b678589234fddc0db838b178
ModUrbanCity/easy/P000/000509,ModUrbanCity,ModUrbanCity,easy,P000,509,32,train,9.3672,4016.0,0,0.9332,0.4917,0.7392,0.2662,f017a61a87a011784e8e7210a52ab75aad9bd909eaae294bdb7d79991ed16195
ModUrbanCity/easy/P000/001559,ModUrbanCity,ModUrbanCity,easy,P000,1559,32,train,1.5332,5.53,0,0.9047,0.0774,0.1269,0.1888,809b78fbe5bc6dff482f459cfe18bc6a2bf8a8a68c3523d44438d1cd79779a2b
ModUrbanCity/easy/P001/000399,ModUrbanCity,ModUrbanCity,easy,P001,399,32,train,2.0391,3158.0,0,0.976,0.4821,0.1732,0.2472,dbbd6cf15c6ed60b82cae83371e567d903d53b9ee107f8c3898900b0a4f26d80
ModUrbanCity/easy/P001/001228,ModUrbanCity,ModUrbanCity,easy,P001,1228,32,train,1.7305,19.72,0,0.946,0.3176,0.1534,0.0883,ff7419446ac7f2480f9e02fce4859c4cd1246052371ca5724db6088c27debef9
ModUrbanCity/easy/P002/000242,ModUrbanCity,ModUrbanCity,easy,P002,242,32,train,2.9639,3994.0,0,0.9657,0.4284,0.2451,0.0893,5f123faa3fd6060a6f7b6528565265926e302ff83391f46834bda8810c326936
ModUrbanCity/easy/P002/000757,ModUrbanCity,ModUrbanCity,easy,P002,757,32,train,5.043,4014.0,0,0.9659,0.3068,0.2521,0.1923,9e2ef2c1c99701dfce48ecfd9464993bc577413c0954f83dec45b0a6b1d5c035
ModUrbanCity/easy/P003/000357,ModUrbanCity,ModUrbanCity,easy,P003,357,32,train,4.2227,4082.0,0,0.9814,0.5355,0.3434,0.1384,1e06daaccacd7eb4dac2b78172d2f7a2daa2cd194b6c87cb42a850405eb0d561
ModUrbanCity/easy/P003/001103,ModUrbanCity,ModUrbanCity,easy,P003,1103,32,train,8.7188,4020.0,0,0.9885,0.1948,0.8498,0.2877,a19db5e7ead1288c5368f061014748ad703e3a073724268063f0bca62289adbd
ModUrbanCity/easy/P004/000268,ModUrbanCity,ModUrbanCity,easy,P004,268,32,train,1.5488,20.75,0,0.9746,0.2401,0.3263,0.1576,9d2ecef05f8635c3199b9203b492951642b2da934f19df7e5b91c6ea362fbcbe
ModUrbanCity/easy/P004/000834,ModUrbanCity,ModUrbanCity,easy,P004,834,32,train,2.5303,28.94,0,0.9906,0.399,0.3055,0.1466,9f2b32e58105e40e8e018467b8b4cd3462f6ecebeedb1a0691059120d9405c12
ModUrbanCity/easy/P005/000346,ModUrbanCity,ModUrbanCity,easy,P005,346,32,train,5.3008,36.75,0,0.9889,0.486,0.4597,0.1433,29b4f63bf9ac021ef6baa699ab97209a7f27a5a52a0f57d07c37b7b7fa605873
ModUrbanCity/easy/P005/001070,ModUrbanCity,ModUrbanCity,easy,P005,1070,32,train,4.5703,30.2,0,0.987,0.1426,0.5488,0.2836,7b43aed38505dee515cb35820f54107d55fa34a3245807a223294672066c1e89
ModUrbanCity/easy/P006/000366,ModUrbanCity,ModUrbanCity,easy,P006,366,32,train,1.3828,25.59,0,0.7481,0.2783,0.2728,0.3411,0475a7187cba7bf80ccf89bf42e3b9508eadad2854da3aba63a33799f4a5f204
ModUrbanCity/easy/P006/001128,ModUrbanCity,ModUrbanCity,easy,P006,1128,32,train,2.748,4044.0,0,0.9566,0.2201,0.6128,0.1328,5aed848c98cb9c366233cc54e76eec23e71d7a30fbc05b7ca332ba3f0f66b663
ModUrbanCity/easy/P007/000441,ModUrbanCity,ModUrbanCity,easy,P007,441,32,train,6.5039,3270.0,0,0.9897,0.2566,0.615,0.3164,8bedfb6df482d1047394a245192253afb0b4d4a021ad837cf41125acd3f2c0a1
ModUrbanCity/easy/P007/001354,ModUrbanCity,ModUrbanCity,easy,P007,1354,32,train,2.5996,17.84,0,0.953,0.3056,0.4877,0.2295,645a08c7d473150def70c6896561f3640311c80b3dd8cadc721826f777af0738
ModUrbanCity/easy/P008/000281,ModUrbanCity,ModUrbanCity,easy,P008,281,32,train,5.1484,4104.0,0,0.96,0.3313,0.3356,0.1603,48d63410660f6a1137cd47e5df20d95da41d1ba85b76737ed0e94be2db4b7b3d
ModUrbanCity/easy/P008/000874,ModUrbanCity,ModUrbanCity,easy,P008,874,32,train,4.2031,21.75,0,0.9891,0.5504,0.5278,0.1175,4ebf24bc80fb1c6bc47e9b1655ceb3e47b7573efcad7e4063bffcbb5908f9fd3
ModUrbanCity/easy/P009/000240,ModUrbanCity,ModUrbanCity,easy,P009,240,32,train,2.668,4024.0,0,0.9089,0.3101,0.4244,0.1281,037225786df5c7a86aaf70da0d184acd508739aeeafa4ee497b599b428f9ed51
ModUrbanCity/easy/P009/000751,ModUrbanCity,ModUrbanCity,easy,P009,751,32,train,8.5781,4054.0,0,0.9543,0.4108,0.7508,0.2487,90c62ddf1c429a0c47fc452a53fc70075efcef491a96a7bbc0ce3a3b7632e219
ModUrbanCity/easy/P010/000418,ModUrbanCity,ModUrbanCity,easy,P010,418,32,train,16.9297,4116.0,0,0.981,0.3153,0.6642,0.0656,109197c899abd4bbc573a2ad0d7ac3a50296b13dbc577e00678fa7d84afdb40a
ModUrbanCity/easy/P010/001286,ModUrbanCity,ModUrbanCity,easy,P010,1286,32,train,3.291,3956.0,0,0.906,0.4569,0.367,0.2924,1ba37e754624875b16150d721fc2e7f2f82777c342ebd8d3c5eeacc7492f0e3a
ModUrbanCity/easy/P011/000256,ModUrbanCity,ModUrbanCity,easy,P011,256,32,train,7.6523,3186.0,0,0.9962,0.3006,0.1749,0.1831,1a5cf97f98ae7a858426f43f58b3c5949dc662570f6a7baba3e1f28196065afb
ModUrbanCity/easy/P011/000800,ModUrbanCity,ModUrbanCity,easy,P011,800,32,train,2.0938,3828.0,0,0.9935,0.1836,0.2389,0.1116,58d43e97abf7c40a52c7ff0099fc5da6db32a7b729e44314b385cc26cb47f3fe
ModUrbanCity/hard/P000/000330,ModUrbanCity,ModUrbanCity,hard,P000,330,32,train,8.9688,3206.0,0,0.8762,0.6208,0.4829,0.3029,6a8003d433628643a5c8bb1523f65c360c06c9b9ae50f9c60ab1775fecb1bfba
ModUrbanCity/hard/P000/001021,ModUrbanCity,ModUrbanCity,hard,P000,1021,32,train,2.0244,6.31,0,0.9571,0.11,0.2053,0.1785,961e61e3dd040125be789d9d75833b234f6f4262635753931a86e11d70206a58
ModUrbanCity/hard/P001/000246,ModUrbanCity,ModUrbanCity,hard,P001,246,32,train,1.2891,3676.0,0,0.9104,0.1539,0.0323,0.2692,c780587146a201cdca370ce49d6beab4fd0431177c1ccd17cc1dc657deb39e4e
ModUrbanCity/hard/P001/000768,ModUrbanCity,ModUrbanCity,hard,P001,768,32,train,1.668,22.95,0,0.851,0.4088,0.2886,0.2393,08f7895ea9b59f73ed430dae1fcee148f6fcef64d4ff1b6de365521edbb5f282
ModUrbanCity/hard/P002/000127,ModUrbanCity,ModUrbanCity,hard,P002,127,32,train,2.4004,3532.0,0,0.8978,0.4227,0.1985,0.2879,ee127d2312440b2dd6b769771a143d4722392febf47213a6bf712628919ea2a7
ModUrbanCity/hard/P002/000413,ModUrbanCity,ModUrbanCity,hard,P002,413,32,train,3.0918,3748.0,0,0.7543,0.4875,0.3572,0.6731,37e4ecdfad366392b6000973dc2fd4f8461a64fa37cfe8562329c70ab6868b97
ModUrbanCity/hard/P003/000206,ModUrbanCity,ModUrbanCity,hard,P003,206,32,train,13.2656,4116.0,0,0.873,0.4777,0.6877,0.4223,0cd6bfe85ac2d1569ee1cc6b5515a3486c35f896bfcb557d73b2376f8514e05a
ModUrbanCity/hard/P003/000650,ModUrbanCity,ModUrbanCity,hard,P003,650,32,train,9.8438,4012.0,0,0.9596,0.2957,0.72,0.373,443a9bf42a97fa309b07cabf2bf5510f9b4f8d27c3a970dae5c3d2abf14b7bfe
ModUrbanCity/hard/P004/000143,ModUrbanCity,ModUrbanCity,hard,P004,143,32,train,1.6396,6.34,0,0.9598,0.1101,0.2242,0.1353,0b532546cb8e27377c4f12cb13e71cfb3576cb331fcfc6f869d5d3327068ab6a
ModUrbanCity/hard/P004/000461,ModUrbanCity,ModUrbanCity,hard,P004,461,32,train,3.2383,9.55,0,0.9449,0.4438,0.3809,0.2365,4e2df4ad8cf92aa9ff5b89c3ac39b57521276c6c23f564a88ffcf4b3cb9dbc7b
ModUrbanCity/hard/P005/000181,ModUrbanCity,ModUrbanCity,hard,P005,181,32,train,8.1406,4096.0,0,0.8413,0.5896,0.5961,0.3816,4046a114dd373ba6588e15d31111ed091cd740751bbf4f84fb9d5c05bbaba974
ModUrbanCity/hard/P005/000576,ModUrbanCity,ModUrbanCity,hard,P005,576,32,train,1.623,3608.0,0,0.8412,0.27,0.3089,0.366,1002968115f4ecc1fe87e55bd73739e3eb799db6d2797d3efb813e8908886f81
ModUrbanCity/hard/P006/000210,ModUrbanCity,ModUrbanCity,hard,P006,210,32,train,6.6289,4082.0,0,0.8868,0.4564,0.5769,0.4711,5258b73cae55ed5ae0d614fa3fe95a94e6ce720529b773c6cd367120aa7ed355
ModUrbanCity/hard/P006/000661,ModUrbanCity,ModUrbanCity,hard,P006,661,32,train,3.166,4056.0,0,0.8727,0.3053,0.4807,0.2169,8ccf9389ea18bab3e1eb5bcb7fea88ffa5ca440e6d3d11781d6ce431f65bb8ec
ModUrbanCity/hard/P007/000276,ModUrbanCity,ModUrbanCity,hard,P007,276,32,train,14.2656,4136.0,0,0.9629,0.3202,0.8808,0.2044,732c85d22e262bcb873a644e3b4699bd7d35d75f1cff0c6c3e4b9bbe9b43477b
ModUrbanCity/hard/P007/000858,ModUrbanCity,ModUrbanCity,hard,P007,858,32,train,2.4668,21.12,0,0.9455,0.3133,0.422,0.2368,ecd1c5365c534b8266314a130235765c1c86acee7b8cc132e165dd27e3f2bb30
ModUrbanCity/hard/P008/000128,ModUrbanCity,ModUrbanCity,hard,P008,128,32,train,2.7188,3866.0,0,0.8413,0.4607,0.2828,0.4819,385a37023133f91e3d1a10ade03ace4c1203237c2c35f56971f70882bc580e5b
ModUrbanCity/hard/P008/000414,ModUrbanCity,ModUrbanCity,hard,P008,414,32,train,1.6807,11.12,0,0.8945,0.2218,0.5261,0.2035,9b0513b6fc7c1a745884aaff2bafcfcf794c713097c4899d9c2c142fcb443a28
ModUrbanCity/hard/P009/000156,ModUrbanCity,ModUrbanCity,hard,P009,156,32,train,2.3809,4.46,0,0.8874,0.1314,0.2777,0.3385,144851df20decf2b9d0a125fe2d671850826171490ec2e0090c2f90fc1d95e0f
ModUrbanCity/hard/P009/000498,ModUrbanCity,ModUrbanCity,hard,P009,498,32,train,7.3281,3896.0,0,0.9112,0.379,0.6516,0.3625,57e6cc7d49401582030805e8897002bb9b8f91b54c07b8aaf7a407a92a3d4638
ModUrbanCity/hard/P010/000228,ModUrbanCity,ModUrbanCity,hard,P010,228,32,train,2.1074,3976.0,0,0.8457,0.3724,0.3817,0.1836,ed0e210126e684c74ae738469b48db935e335ef2b68804ddeddbdce1e5a41947
ModUrbanCity/hard/P010/000717,ModUrbanCity,ModUrbanCity,hard,P010,717,32,train,2.1211,7.18,0,0.8943,0.2461,0.4716,0.2485,78d78565e1dcc16cfeffda17750ad97cd0487ea66478178b51574b994d232821
ModUrbanCity/hard/P011/000142,ModUrbanCity,ModUrbanCity,hard,P011,142,32,train,4.5625,2986.0,0,0.9147,0.1191,0.2617,0.5955,040a71c8c538023a2d1513d86c2fee3193fb72819b974b5adcf07e95ac6da8b0
ModUrbanCity/hard/P011/000459,ModUrbanCity,ModUrbanCity,hard,P011,459,32,train,15.4766,4072.0,0,0.9469,0.335,0.8379,0.112,1f2b3d0d408add43b0c3ea0cf2783976717b109e26405da7dd5166059bbbf822
ModernCityDowntown/easy/P000/000307,ModernCityDowntown,ModernCityDowntown,easy,P000,307,32,train,18.6641,16376.0,0,0.992,0.265,0.3321,0.1128,b3b380c636cba88a2d268c52c9e754302790bd8492091fc4e36bcc5681f9b8f5
ModernCityDowntown/easy/P000/000953,ModernCityDowntown,ModernCityDowntown,easy,P000,953,32,train,6.2344,35.44,0,0.911,0.0036,0.2499,0.2939,d702f49ffffaed90b77f5c0e14b3a05f08234dc4d6b7eedd0bd6e2467c5d08d6
ModernCityDowntown/easy/P001/000402,ModernCityDowntown,ModernCityDowntown,easy,P001,402,32,train,4.625,80.31,0,0.9682,0.1879,0.5742,0.2157,0563ba3f2f1c6c2172453050739469521e0e20319e5260afc064f9190cca8b7a
ModernCityDowntown/easy/P001/001237,ModernCityDowntown,ModernCityDowntown,easy,P001,1237,32,train,11.7109,43.81,0,0.9967,0.1722,0.0768,0.0652,4f2ddfca6bd5172b35aaba821530b3569b0c795879adc9548d1c58e1045cb3e7
ModernCityDowntown/easy/P002/000220,ModernCityDowntown,ModernCityDowntown,easy,P002,220,32,train,9.3984,13072.0,0,0.9883,0.1497,0.4618,0.2301,eedeb784562ca8963133d899ff15913c3c2fc8fa800b7142fd6a8bd4351acd65
ModernCityDowntown/easy/P002/000691,ModernCityDowntown,ModernCityDowntown,easy,P002,691,32,train,2.6484,13272.0,0,0.9544,0.2881,0.3279,0.4325,0b45165784de36d9c6568f2469f93c7a19867a49dc350caed335bd1db161542e
ModernCityDowntown/easy/P003/000180,ModernCityDowntown,ModernCityDowntown,easy,P003,180,32,train,11.8789,15464.0,0,0.8831,0.5426,0.3604,0.3881,66b4f95eaeb37b08ec34306c0b3e91c2fb0e3a93e31376ee31e7c722ee418e46
ModernCityDowntown/easy/P003/000574,ModernCityDowntown,ModernCityDowntown,easy,P003,574,32,train,40.2344,16160.0,0,0.9537,0.5207,0.5493,0.1226,b6c4ac5d06bc23f8d58ba57b00bb9a66e8762441823b9ed269e032adcd39de93
ModernCityDowntown/easy/P004/000206,ModernCityDowntown,ModernCityDowntown,easy,P004,206,32,train,1.0635,15544.0,0,0.9208,0.1727,0.2148,0.1203,aaed922155e629a9e1b6f5488cd2f01addcf27179e16f058396fb2083fc3d68a
ModernCityDowntown/easy/P004/000649,ModernCityDowntown,ModernCityDowntown,easy,P004,649,32,train,8.7031,46.0,0,0.9503,0.6951,0.2578,0.1976,97aa3c50dcb6c708a909c5adb23209494873e8574b8f8c30520518025ea8046b
ModernCityDowntown/easy/P005/000446,ModernCityDowntown,ModernCityDowntown,easy,P005,446,32,train,4.3867,36.5,0,0.9655,0.4359,0.0868,0.0695,83194a3b83c82bbedb216e752ca700cf6cb4ec28a45983aaa54a5c18b54112d9
ModernCityDowntown/easy/P005/001372,ModernCityDowntown,ModernCityDowntown,easy,P005,1372,32,train,12.375,14904.0,0,0.9937,0.2317,0.2794,0.1369,957c2353415155000ebd934701c582ef74f176cce9386e0275a9490642f937a0
ModernCityDowntown/easy/P006/000489,ModernCityDowntown,ModernCityDowntown,easy,P006,489,32,train,2.6992,38.66,0,0.9774,0.1465,0.6344,0.148,06ff19a6120590b0ea9d88d915358c9221e4d36a5eaa5be775c71a8be5b1f642
ModernCityDowntown/easy/P006/001500,ModernCityDowntown,ModernCityDowntown,easy,P006,1500,32,train,28.0469,16256.0,0,0.9795,0.3421,0.2608,0.1601,f9a375a27927b0facd492975bb50fcacf423ed3ab115746dcbb096be9fc26767
ModernCityDowntown/easy/P007/000273,ModernCityDowntown,ModernCityDowntown,easy,P007,273,32,train,12.1328,26.98,0,0.9777,0.213,0.2745,0.2489,0fef835eded51e713149f1d72a27b787e555dc68a66d1170a98be4d0fbebce3a
ModernCityDowntown/easy/P007/000850,ModernCityDowntown,ModernCityDowntown,easy,P007,850,32,train,20.9219,16272.0,0,0.9645,0.2719,0.383,0.1645,fcd7075e08487e555a31c38a67c99ed95a7c890e1c3f126c736953055fcc896a
ModernCityDowntown/easy/P008/000328,ModernCityDowntown,ModernCityDowntown,easy,P008,328,32,train,38.5781,16120.0,0,0.9291,0.5065,0.5099,0.2318,3bf364d4faa8d5a9d640f5cf5f283e0534b0ca32efb3038f2829ba223a09d205
ModernCityDowntown/easy/P008/001016,ModernCityDowntown,ModernCityDowntown,easy,P008,1016,32,train,4.3711,49.0,0,0.9809,0.1304,0.1281,0.1182,051973e332105019441eb8c3f11b296a7db09753b33c035769d64d0769fe9ae2
ModernCityDowntown/hard/P000/000169,ModernCityDowntown,ModernCityDowntown,hard,P000,169,32,train,7.6016,14512.0,0,0.9244,0.1927,0.208,0.328,1dbc29d8ceae3c0aac0f178110f853f33d20f864ece5e1464806aa946af9f81c
ModernCityDowntown/hard/P000/000540,ModernCityDowntown,ModernCityDowntown,hard,P000,540,32,train,6.9922,33.88,0,0.8874,0.0074,0.2827,0.32,ba51876871650ecd4622d970792b60d38c5443f9bbe1bd80cb16321dd85df515
ModernCityDowntown/hard/P001/000200,ModernCityDowntown,ModernCityDowntown,hard,P001,200,32,train,24.2812,15856.0,0,0.9628,0.3703,0.4518,0.253,a1444abc7682a036f6259513095e06aead6fc47916043fb38c09fa9c15a28d6c
ModernCityDowntown/hard/P001/000633,ModernCityDowntown,ModernCityDowntown,hard,P001,633,32,train,3.7773,14720.0,0,0.8769,0.3177,0.4616,0.2793,192950a08425333e12bfd0a6c320bb8ca7717b27a217c9367a8a32d2b4c167d8
ModernCityDowntown/hard/P002/000120,ModernCityDowntown,ModernCityDowntown,hard,P002,120,32,train,17.1016,16344.0,0,0.8647,0.3407,0.458,0.5014,dcb0c53f83c224411509b37b195a7c3db7ab8082c342afc0681d79fb5db96e71
ModernCityDowntown/hard/P002/000390,ModernCityDowntown,ModernCityDowntown,hard,P002,390,32,train,2.9434,11656.0,0,0.8633,0.3404,0.3467,0.1988,684e87da00dc5baf48f725ce0989d99c5ec0b086caf5e159000c152e0750e464
ModernCityDowntown/hard/P003/000097,ModernCityDowntown,ModernCityDowntown,hard,P003,97,32,train,4.7344,54.94,0,0.8862,0.3737,0.4071,0.6829,21f84c47388740945ec5c176168e5f1059471a24b2712602d8ee00230b1196f1
ModernCityDowntown/hard/P003/000324,ModernCityDowntown,ModernCityDowntown,hard,P003,324,32,train,3.0459,55.72,0,0.8497,0.1906,0.406,0.5357,44fb54eb3d8360295e8afb10efe32045a21bcff610ff171ba536dac74d5442df
ModernCityDowntown/hard/P004/000130,ModernCityDowntown,ModernCityDowntown,hard,P004,130,32,train,3.0195,16328.0,0,0.9202,0.1599,0.1188,0.2263,b5651d61239e19c3144417775326d12f711e2f823975103ad6643acbefa587b4
ModernCityDowntown/hard/P004/000421,ModernCityDowntown,ModernCityDowntown,hard,P004,421,32,train,9.3438,14224.0,0,0.9228,0.6666,0.26,0.2112,bd370d78d52ba5c8e4bbabf0f57b1f81315f755b1c4bdfa90af2df83a71f2270
ModernCityDowntown/hard/P005/000241,ModernCityDowntown,ModernCityDowntown,hard,P005,241,32,train,56.25,16400.0,0,0.9229,0.4009,0.3335,0.3048,cb46a0f9c2ad4b9d789f6b21d1d0c2f09c7268f42495742e97eed223fb988722
ModernCityDowntown/hard/P005/000754,ModernCityDowntown,ModernCityDowntown,hard,P005,754,32,train,93.25,16400.0,0,0.9462,0.3652,0.3809,0.252,a09274f8db56a7e289dd27f4ffe81c62d8d85b8eb2644e8108a49aed7246a07a
ModernCityDowntown/hard/P006/000261,ModernCityDowntown,ModernCityDowntown,hard,P006,261,32,train,2.0703,27.73,0,0.9439,0.1398,0.6097,0.3309,8be8daf7633c327ff2be603c2341e689030a087a0f8eb95ed3734d086704af3f
ModernCityDowntown/hard/P006/000814,ModernCityDowntown,ModernCityDowntown,hard,P006,814,32,train,5.9609,14568.0,0,0.8619,0.5383,0.4058,0.262,804c9e047eafb52f57b2c2ab1fb8e2556fdc134f5de1812a2b7606144f272edd
ModernCityDowntown/hard/P007/000142,ModernCityDowntown,ModernCityDowntown,hard,P007,142,32,train,19.3281,15960.0,0,0.92,0.3095,0.3439,0.4062,cba11f13ccd0e4f96482aef7093e6e2470eb1c4ee174f0cd6f6fba2e8f26b8af
ModernCityDowntown/hard/P007/000456,ModernCityDowntown,ModernCityDowntown,hard,P007,456,32,train,2.627,12424.0,0,0.9514,0.1422,0.5377,0.1966,55e5dc00cab5102008733a217107b5e3d641cb173d4e557bb5cc3a7495c96545
ModernCityDowntown/hard/P008/000173,ModernCityDowntown,ModernCityDowntown,hard,P008,173,32,train,40.8594,16376.0,0,0.8834,0.5034,0.4493,0.3223,e2f11640bc2f376f757f30c729bca613cd9d08e6bd276fe20d23b83219934152
ModernCityDowntown/hard/P008/000552,ModernCityDowntown,ModernCityDowntown,hard,P008,552,32,train,2.9082,15312.0,0,0.9117,0.2441,0.1664,0.1863,08b39d6307124df56fb7c05d9e78e5d467c99d102642cd5fd7e2677c1fe5f1e4
ModularNeighborhood/easy/P000/000682,ModularNeighborhood,ModularNeighborhood,easy,P000,682,32,train,7.4609,16360.0,0,0.9634,0.4157,0.403,0.2988,25b6d3c979d9408b79d1ed697a52f999b956c8dd6272021327d9c82bd3d55428
ModularNeighborhood/easy/P000/002080,ModularNeighborhood,ModularNeighborhood,easy,P000,2080,32,train,6.5859,16192.0,0,0.941,0.5365,0.3233,0.1007,8910e63813f1035450829f645f622f7bf2a543b0ded0f6d9367d7c1f23d25917
ModularNeighborhood/easy/P001/000857,ModularNeighborhood,ModularNeighborhood,easy,P001,857,32,train,18.9531,16272.0,0,0.9609,0.6139,0.4919,0.1075,40dc4b568f88e77af37b30b54d61b3e1cbf75367eaf4b0800c37a6e9787196e6
ModularNeighborhood/easy/P001/002604,ModularNeighborhood,ModularNeighborhood,easy,P001,2604,32,train,9.8594,16072.0,0,0.947,0.4041,0.3519,0.3877,a90b22cf1233b1c855ec758eca282f2885f805b80d2bf1adb4892e1cc5b5d8ed
ModularNeighborhood/easy/P002/000629,ModularNeighborhood,ModularNeighborhood,easy,P002,629,32,train,2.915,14320.0,0,0.9549,0.8153,0.6835,0.1262,ab288eae87878f09f7343f2e85db1daa871edaa1d670a9c4f51ca84260f80447
ModularNeighborhood/easy/P002/001920,ModularNeighborhood,ModularNeighborhood,easy,P002,1920,32,train,65.6875,16264.0,0,0.9693,0.4502,0.7364,0.0839,0f10cb3cbf1b8ca1b6bae98c06428b383e5400b6a0ff27ef098b874df69e8130
ModularNeighborhood/easy/P003/000656,ModularNeighborhood,ModularNeighborhood,easy,P003,656,32,train,12208.0,16416.0,0,0.9526,0.3847,0.7838,0.2069,b743f9c26f681401b530c410dbf7f90c8af6c11f3cafa7bba1e30f7256bee77d
ModularNeighborhood/easy/P003/002002,ModularNeighborhood,ModularNeighborhood,easy,P003,2002,32,train,50.8906,16368.0,0,0.9472,0.5714,0.6695,0.2889,75ee4deaceaa0471c71c4d26cce9d886e39650b150fe87a25dc2c9c617446833
ModularNeighborhood/easy/P004/000534,ModularNeighborhood,ModularNeighborhood,easy,P004,534,32,train,1.5747,14328.0,0,0.9692,0.1839,0.0882,0.2575,579741d25664a2c123042b72c859b1a52b33e07af599aa96c409d6ce27ebe0ce
ModularNeighborhood/easy/P004/001636,ModularNeighborhood,ModularNeighborhood,easy,P004,1636,32,train,2.1543,13800.0,0,0.9503,0.1299,0.0511,0.1599,d3ed2378fd7322dc216113ea8b0466824cd1db59d2591966c40f3dd2c166b54e
ModularNeighborhood/easy/P005/000671,ModularNeighborhood,ModularNeighborhood,easy,P005,671,32,train,5.0078,15904.0,0,0.9782,0.2404,0.1617,0.0629,237664e6ae674c537dcd8d17ab9e07d3982b74f2cdbed5286c341bf093e0bafb
ModularNeighborhood/easy/P005/002044,ModularNeighborhood,ModularNeighborhood,easy,P005,2044,32,train,5.2812,14312.0,0,0.9651,0.7692,0.3271,0.1869,cd8fa3bf2bff4e75517c70f22c599f15c0a3be49ba401768e6997a3c0cdeae13
ModularNeighborhood/easy/P006/000989,ModularNeighborhood,ModularNeighborhood,easy,P006,989,32,train,2.3916,16216.0,0,0.9846,0.2389,0.0552,0.1052,469be8b34650ea63730b1ffd6f3396ad29a730ad86ee2779497d3581aa9985d3
ModularNeighborhood/easy/P006/002999,ModularNeighborhood,ModularNeighborhood,easy,P006,2999,32,train,13.6172,15160.0,0,0.9504,0.5745,0.6063,0.2456,7b6e73fcc50dc12169a3766107e2555b766cc7d1372e97c8c058909779320d4d
ModularNeighborhood/easy/P007/000857,ModularNeighborhood,ModularNeighborhood,easy,P007,857,32,train,5.4023,12784.0,0,0.9961,0.1565,0.7713,0.0998,f2ebea0ce4280cae9232a9869dcf41b79d3792cb80c0eed2bff3bd789fc9bef3
ModularNeighborhood/easy/P007/002602,ModularNeighborhood,ModularNeighborhood,easy,P007,2602,32,train,2.9863,6.27,0,0.9463,0.2822,0.0257,0.2246,39a6dfc2fd5740ba424321de326d0c591770c5a10b8878d1b9d59227a60dffab
ModularNeighborhood/easy/P008/001046,ModularNeighborhood,ModularNeighborhood,easy,P008,1046,32,train,9.7188,16080.0,0,0.9355,0.4586,0.3448,0.1578,441fd9df1a22f6014bed5054c3e5699720fd71182ec30a1ed7b959086e1ad068
ModularNeighborhood/easy/P008/003170,ModularNeighborhood,ModularNeighborhood,easy,P008,3170,32,train,17.4688,15720.0,0,0.9041,0.5962,0.477,0.2162,7cfcb8e951dce52d1f7509c0a810f0722b1def812cff284ec67022b964af27a4
ModularNeighborhood/easy/P009/000867,ModularNeighborhood,ModularNeighborhood,easy,P009,867,32,train,16.0234,16384.0,0,0.9037,0.3837,0.6606,0.3738,f58eb8e88e270abe9d4596a1c2a938adf324abdd8470c91d95bee6aa71620059
ModularNeighborhood/easy/P009/002633,ModularNeighborhood,ModularNeighborhood,easy,P009,2633,32,train,7.8203,14296.0,0,0.943,0.3756,0.6369,0.3872,81e141af1ca66c1c1dc9bb4e98056836f07fa3795a0a22b2ce264943c8aaa1ec
ModularNeighborhood/easy/P010/000999,ModularNeighborhood,ModularNeighborhood,easy,P010,999,32,train,15.1172,16448.0,0,0.9754,0.3581,0.7912,0.2058,0d024f7963322b8b38a98a0c0146223469936884c68de41090a9649fd371a1dd
ModularNeighborhood/easy/P010/003029,ModularNeighborhood,ModularNeighborhood,easy,P010,3029,32,train,8.3164,15536.0,0,0.95,0.6375,0.5072,0.1423,f5eda1507dd77f5efd1b1b2447f9cac3d23fe88208a4d73aeb264a2a1ce9e72c
ModularNeighborhood/hard/P000/000396,ModularNeighborhood,ModularNeighborhood,hard,P000,396,32,train,6.3477,16184.0,0,0.9239,0.8763,0.3404,0.4877,a8a44f654e8225d5421c408d6cd4481bfa70fccb26526b72b9da3c22ffd88e64
ModularNeighborhood/hard/P000/001218,ModularNeighborhood,ModularNeighborhood,hard,P000,1218,32,train,3.502,36.41,0,0.9394,0.245,0.8208,0.2798,3fd80b14b296949705c343029af25e89aa685c70079677109f9b87a5e00a69bd
ModularNeighborhood/hard/P001/000460,ModularNeighborhood,ModularNeighborhood,hard,P001,460,32,train,5.8242,16312.0,0,0.8978,0.7578,0.4735,0.174,6a00596341984c180323d7f1ea7538b222cded7ec1cb25830b3147dadc37fa1e
ModularNeighborhood/hard/P001/001410,ModularNeighborhood,ModularNeighborhood,hard,P001,1410,32,train,3.3516,14040.0,0,0.9591,0.4158,0.0497,0.4573,e7c0fb24afda0874b808815e46be3403fd270c99bef07a28905712639bbe0d90
ModularNeighborhood/hard/P002/000389,ModularNeighborhood,ModularNeighborhood,hard,P002,389,32,train,18.8828,16224.0,0,0.8857,0.4886,0.6353,0.1488,d1540de3e8ad42ac3ea321f32c299dd4879e916dcb6e26e47a9aceecaff6adf6
ModularNeighborhood/hard/P002/001198,ModularNeighborhood,ModularNeighborhood,hard,P002,1198,32,train,12912.0,16432.0,0,0.9519,0.4197,0.8193,0.1562,801fd3a05188f904ad508f0c4be2bc79ad5a1ef3b4314c7260742ea66b57e09d
ModularNeighborhood/hard/P003/000328,ModularNeighborhood,ModularNeighborhood,hard,P003,328,32,train,31.4844,16448.0,0,0.8435,0.6726,0.5371,0.2412,4c5a8bd53cb6914a00ae9b16a9f7feea4d08b87f35b72391da8a0b1f74ae4a0d
ModularNeighborhood/hard/P003/001017,ModularNeighborhood,ModularNeighborhood,hard,P003,1017,32,train,10.9766,15528.0,0,0.8509,0.5115,0.1145,0.5995,09578b14610a501c0ad611efb78f364cb7f69dcadfe252308e57f31fa1b304b3
ModularNeighborhood/hard/P004/000263,ModularNeighborhood,ModularNeighborhood,hard,P004,263,32,train,23.3438,16376.0,0,0.9169,0.3544,0.5671,0.2392,7b3f159baa9b2deabe3ff26e3fd41b05fdf7be3992af164240b214ef49a2c8d3
ModularNeighborhood/hard/P004/000820,ModularNeighborhood,ModularNeighborhood,hard,P004,820,32,train,5.0273,16376.0,0,0.9035,0.5334,0.0893,0.3028,4e5f97028259771a0c3920acb6cf9e36f3785136e4d07049a81464ae82c88f22
ModularNeighborhood/hard/P005/000395,ModularNeighborhood,ModularNeighborhood,hard,P005,395,32,train,1.8242,14672.0,0,0.7964,0.0833,0.0369,0.5257,1f913903fcc9b06643536e3cd364c2c8a7abc92627b46d78a3110a57071261c3
ModularNeighborhood/hard/P005/001218,ModularNeighborhood,ModularNeighborhood,hard,P005,1218,32,train,2.6699,150.0,0,0.9474,0.6062,0.6773,0.3734,07d6d74a002c2bcd0b13a0fce5474968b558c20e576271ea07648d8c9dd02dde
ModularNeighborhood/hard/P006/000550,ModularNeighborhood,ModularNeighborhood,hard,P006,550,32,train,2.3145,12776.0,0,0.872,0.2349,0.4965,0.4643,e524ea860ebbd7f192d0a3a7f31ac07b497af7080c200322f6b6d1b21ec5be22
ModularNeighborhood/hard/P006/001681,ModularNeighborhood,ModularNeighborhood,hard,P006,1681,32,train,2.1602,14760.0,0,0.8319,0.3109,0.0439,0.4176,833ddfd0423c8f203e23a650186b7d41b73adf75181ce954c5a252cffe3e76ef
ModularNeighborhood/hard/P007/000477,ModularNeighborhood,ModularNeighborhood,hard,P007,477,32,train,12760.0,16304.0,0,0.9035,0.5715,0.7971,0.4404,f16054c4118a5584b569d58e272cc3c587818e4a775bea490036933c5a29e168
ModularNeighborhood/hard/P007/001463,ModularNeighborhood,ModularNeighborhood,hard,P007,1463,32,train,2.6953,10.56,0,0.906,0.1232,0.0355,0.2643,c2e0af38e67f2bfe0bbe08d595871f64340dd127a654d0422ab6d70d3bcc891e
ModularNeighborhood/hard/P008/000539,ModularNeighborhood,ModularNeighborhood,hard,P008,539,32,train,6.7305,13872.0,0,0.9323,0.3454,0.3962,0.5795,53a226abc1bf463a7543c88f9acfbb472040f809e0b8a6dd159f93c44f561305
ModularNeighborhood/hard/P008/001650,ModularNeighborhood,ModularNeighborhood,hard,P008,1650,32,train,11720.0,16328.0,0,0.8105,0.6227,0.6876,0.5905,10fd36d5bdcee587fd1e8ffd8f4155fd0b395d6ef48b32fca6c308241d5ce964
ModularNeighborhood/hard/P009/000480,ModularNeighborhood,ModularNeighborhood,hard,P009,480,32,train,8.6562,16416.0,0,0.9134,0.3199,0.308,0.3045,ff84a1ebbf406790764ca1d4b2f478c31ba1270e07893d8ba5b9bf434b0d9af0
ModularNeighborhood/hard/P009/001473,ModularNeighborhood,ModularNeighborhood,hard,P009,1473,32,train,12704.0,16296.0,0,0.9431,0.3952,0.737,0.2214,778ae85bb392bb52e817629d751b61fca0acacc69644bd147089b612bb48f316
ModularNeighborhood/hard/P010/000556,ModularNeighborhood,ModularNeighborhood,hard,P010,556,32,train,5.75,13368.0,0,0.9291,0.5318,0.5857,0.1833,547b94ee5e8208a3b98db8ec2d0a34623a58ecbb23c198788ed43b5640c6a616
ModularNeighborhood/hard/P010/001700,ModularNeighborhood,ModularNeighborhood,hard,P010,1700,32,train,11.3906,16432.0,0,0.9128,0.4776,0.5551,0.2517,a90b89dd8fcf5d5e81d8524ada9b9f31fdce03d04cf88a5181b0ba7d3a385307
ModularNeighborhoodIntExt/easy/P000/000524,ModularNeighborhoodIntExt,ModularNeighborhood,easy,P000,524,32,train,2.0859,36.06,0,0.9641,0.3724,0.1083,0.1292,559ffc5320c0dc660da960916b2eb77276323a1bd6568f20faba65a1dacb5e6d
ModularNeighborhoodIntExt/easy/P000/001606,ModularNeighborhoodIntExt,ModularNeighborhood,easy,P000,1606,32,train,14.5234,16352.0,0,0.8755,0.7844,0.5804,0.1603,9d808318456ae49cc0046c00a8fcd9651dfd41992dcbdd05efba82582bb438ef
ModularNeighborhoodIntExt/easy/P001/000600,ModularNeighborhoodIntExt,ModularNeighborhood,easy,P001,600,32,train,18.9531,16344.0,0,0.8512,0.776,0.4157,0.2837,216cf34d8447af37e2440fbfdf37901f3c314e81f941fe50fd31fa9078169c4d
ModularNeighborhoodIntExt/easy/P001/001832,ModularNeighborhoodIntExt,ModularNeighborhood,easy,P001,1832,32,train,14.7617,16296.0,0,0.8731,0.7905,0.3101,0.2285,0c399c9bd7874aaf26a5efd7073554707979fe0d8bcb4b024c7e36b9221927cc
ModularNeighborhoodIntExt/easy/P002/000346,ModularNeighborhoodIntExt,ModularNeighborhood,easy,P002,346,32,train,11.5586,15968.0,0,0.89,0.7623,0.1814,0.1166,eb534bf318d9439ca14da109df95c16b5099d98105e393595421bab766700c38
ModularNeighborhoodIntExt/easy/P002/001070,ModularNeighborhoodIntExt,ModularNeighborhood,easy,P002,1070,32,train,22.3438,16352.0,0,0.9122,0.8396,0.6886,0.0518,9569b92b83e803a88789f7a347929ff7fcb2038e8dfb797b51fc948ac66fb20a
ModularNeighborhoodIntExt/easy/P003/000422,ModularNeighborhoodIntExt,ModularNeighborhood,easy,P003,422,32,train,13.457,16376.0,0,0.7485,0.8803,0.2749,0.2976,44e98c69193e646cbc338f0944b9f47194f4ac673e8a986c598843219d2f65bd
ModularNeighborhoodIntExt/easy/P003/001296,ModularNeighborhoodIntExt,ModularNeighborhood,easy,P003,1296,32,train,2.3926,79.69,0,0.9538,0.2617,0.1435,0.1744,ec948caa625f54cb6df68c6668a38fc507d61af4d7eac31b93ba240266d3569e
ModularNeighborhoodIntExt/easy/P004/000361,ModularNeighborhoodIntExt,ModularNeighborhood,easy,P004,361,32,train,30.5938,16352.0,0,0.9338,0.6122,0.72,0.1588,e8f3437c084d9e384554279156c6fd0fc4a2903f98a3cab7d7a28206131c2994
ModularNeighborhoodIntExt/easy/P004/001116,ModularNeighborhoodIntExt,ModularNeighborhood,easy,P004,1116,32,train,4.918,46.66,0,0.9544,0.5657,0.2334,0.2482,6470253b4709da0de14a1c7635131d929b6a0631d539691db6db90e92db0f21c
ModularNeighborhoodIntExt/easy/P005/000435,ModularNeighborhoodIntExt,ModularNeighborhood,easy,P005,435,32,train,15.8125,16328.0,0,0.7864,0.8277,0.3462,0.2974,5cd8952db79726090b9d78fe3842fc41f7852632aa5903ef9e66ba2de309b599
ModularNeighborhoodIntExt/easy/P005/001336,ModularNeighborhoodIntExt,ModularNeighborhood,easy,P005,1336,32,train,5.8652,16128.0,0,0.8629,0.908,0.3085,0.2095,d4813532d1880f4a60a69969e4f936bf33272643dac60ce2bf85617819f31474
ModularNeighborhoodIntExt/easy/P007/000456,ModularNeighborhoodIntExt,ModularNeighborhood,easy,P007,456,32,train,25.7266,16376.0,0,0.9073,0.7229,0.4392,0.1376,943b9acba2c6e7690a4a8ecfe6fae9443e9e87f266b4da46cc6b203b5e41e0e4
ModularNeighborhoodIntExt/easy/P007/001401,ModularNeighborhoodIntExt,ModularNeighborhood,easy,P007,1401,32,train,13.3789,16376.0,0,0.7588,0.8791,0.3361,0.4038,a17e4853d5aa8e09689d7b6498dc3c589e84596e68afded9d663bf27e7ace957
ModularNeighborhoodIntExt/easy/P008/000174,ModularNeighborhoodIntExt,ModularNeighborhood,easy,P008,174,32,train,5.1523,14768.0,0,0.9325,0.5125,0.3825,0.2199,872e8574d593cda8e349e56710393609e4b9b3ec6b7e376625722f582411e2a0
ModularNeighborhoodIntExt/easy/P008/000556,ModularNeighborhoodIntExt,ModularNeighborhood,easy,P008,556,32,train,7.2344,16160.0,0,0.9618,0.5019,0.396,0.2631,10af1e92f4df933bf2c1e2500a42865e6fd6eb9ab725b2e53d49bb476d301fc0
ModularNeighborhoodIntExt/hard/P000/000331,ModularNeighborhoodIntExt,ModularNeighborhood,hard,P000,331,32,train,1.6426,16352.0,0,0.8456,0.3466,0.2795,0.3906,2ebd1b21786a4dba8c072bc9b87f0b6abfba4e9460dcfa855d6142f6165a2dd7
ModularNeighborhoodIntExt/hard/P000/001026,ModularNeighborhoodIntExt,ModularNeighborhood,hard,P000,1026,32,train,17.6562,16384.0,0,0.7322,0.8187,0.3889,0.5467,dda6009d7251b0e4e4c953f507ed468e881a25702057494236b0a0f7ff80879f
ModularNeighborhoodIntExt/hard/P001/000305,ModularNeighborhoodIntExt,ModularNeighborhood,hard,P001,305,32,train,6.0664,16256.0,0,0.8804,0.3142,0.4295,0.3432,7c98e7415d55b4d369a20cc0350134dea013f45d3fff6a9286887a331a2635ac
ModularNeighborhoodIntExt/hard/P001/000947,ModularNeighborhoodIntExt,ModularNeighborhood,hard,P001,947,32,train,10.8281,15888.0,0,0.8643,0.7723,0.3258,0.1909,ef3e75e5dfcefec0fb4c4acb80c9d40998a812cc537402b88458890285a29f0b
ModularNeighborhoodIntExt/hard/P002/000197,ModularNeighborhoodIntExt,ModularNeighborhood,hard,P002,197,32,train,6.6797,15120.0,0,0.9345,0.4286,0.124,0.2343,77250affef65dafa2b041fbbcdcd188d13745ac453a1561c93816baa9dc80af9
ModularNeighborhoodIntExt/hard/P002/000622,ModularNeighborhoodIntExt,ModularNeighborhood,hard,P002,622,32,train,6.707,13488.0,0,0.9249,0.6897,0.3849,0.2353,87a461f62aa7cbf8643c97de196e34212c1c865151085e3e27eef7914a98c0b7
ModularNeighborhoodIntExt/hard/P003/000220,ModularNeighborhoodIntExt,ModularNeighborhood,hard,P003,220,32,train,10.2734,16256.0,0,0.8378,0.738,0.2505,0.2606,8e5e72e4123b6b3ca286dc711daaba9e2a4ecbbfdb86733e1cb1095fd307bb6b
ModularNeighborhoodIntExt/hard/P003/000693,ModularNeighborhoodIntExt,ModularNeighborhood,hard,P003,693,32,train,2.4102,15952.0,0,0.8533,0.3965,0.3527,0.3899,7dc410034c032bb18686f7c38043a06061d8b00d1a5bd97c0418b7fc58943413
ModularNeighborhoodIntExt/hard/P004/000214,ModularNeighborhoodIntExt,ModularNeighborhood,hard,P004,214,32,train,12.7852,16320.0,0,0.8285,0.8754,0.5018,0.1392,f4ca9d2788069c03ccfcdebadbd76acba887e2d7a4134d429ba39d5b53fa1428
ModularNeighborhoodIntExt/hard/P004/000672,ModularNeighborhoodIntExt,ModularNeighborhood,hard,P004,672,32,train,21.8047,16360.0,0,0.8216,0.8426,0.4873,0.2386,73e81ea43bc6a865d7a8985c3fa31e45a6df34a58e54380b45334e0c93cd740d
ModularNeighborhoodIntExt/hard/P005/000220,ModularNeighborhoodIntExt,ModularNeighborhood,hard,P005,220,32,train,9.1016,16320.0,0,0.8807,0.7598,0.2209,0.2897,b7369b2805df6949c5ae3d9679767399d0fbb594f39a91b42234790600b895b7
ModularNeighborhoodIntExt/hard/P005/000691,ModularNeighborhoodIntExt,ModularNeighborhood,hard,P005,691,32,train,15.0352,16304.0,0,0.716,0.7745,0.4437,0.5528,f5db08f7034412160aebc49eaff9f53af002f4d43e47fa29bfee58fff8a7cc37
ModularNeighborhoodIntExt/hard/P007/000278,ModularNeighborhoodIntExt,ModularNeighborhood,hard,P007,278,32,train,18.6719,16344.0,0,0.7507,0.9147,0.3133,0.5013,9eb8dbec4558bfdf165c0ca30c941e736d2ee0c16fcd85d148d932c9bfd52121
ModularNeighborhoodIntExt/hard/P007/000867,ModularNeighborhoodIntExt,ModularNeighborhood,hard,P007,867,32,train,14.5703,16384.0,0,0.7454,0.8792,0.4485,0.3943,2ab5c0fbb447bb84e11814586a9904860cc257e98bbb018290812e5edd888514
ModularNeighborhoodIntExt/hard/P008/000112,ModularNeighborhoodIntExt,ModularNeighborhood,hard,P008,112,32,train,9.9844,16288.0,0,0.8474,0.7425,0.2733,0.5541,9854399c896775c70e7fd41803ff656ef963025252c32fb476eab365c92bd64d
ModularNeighborhoodIntExt/hard/P008/000369,ModularNeighborhoodIntExt,ModularNeighborhood,hard,P008,369,32,train,5.5273,14152.0,0,0.8496,0.5868,0.2743,0.6176,4f163c8dfdbe205b567aef0fb10bf4d6511f2e4b2c6524496c34e8653c579760
NordicHarbor/easy/P000/000690,NordicHarbor,NordicHarbor,easy,P000,690,32,train,4.9961,14632.0,0,0.9692,0.198,0.2751,0.2406,049e6fa9fe917056e651a5f47f8ad82180efe54b69d575c0d9514ae00bdedb5e
NordicHarbor/easy/P000/002103,NordicHarbor,NordicHarbor,easy,P000,2103,32,train,7.0156,13864.0,0,0.9401,0.0945,0.5084,0.3125,d8ced70053df1d8a0dc882c11a36520d398b0bb69e51e77ea01a4f957e5dced9
NordicHarbor/easy/P001/000394,NordicHarbor,NordicHarbor,easy,P001,394,32,train,4.0469,13384.0,0,0.8861,0.2469,0.6201,0.3799,ccc938f65d02c11bed0fd832b5948316c5fc473013660f2937d523d80fa35a4a
NordicHarbor/easy/P001/001214,NordicHarbor,NordicHarbor,easy,P001,1214,32,train,4.8867,14968.0,0,0.9273,0.3082,0.6084,0.2272,37da0dd882cf1ef81891c217b2edb1aee5783ae88c5d77bc25c4848e23019ee9
NordicHarbor/easy/P002/000560,NordicHarbor,NordicHarbor,easy,P002,560,32,train,15.0,14736.0,0,0.9887,0.341,0.4699,0.0557,a72eca157148ca9400fffa519918fd058de80cc5a0e791de7a56eaee2366bf02
NordicHarbor/easy/P002/001714,NordicHarbor,NordicHarbor,easy,P002,1714,32,train,9.7734,14720.0,0,0.9655,0.371,0.4432,0.3109,bae9691ed6ca22f3071d35300363acd483e65110a6d0d2b4cfc0805590b10b34
NordicHarbor/easy/P003/000544,NordicHarbor,NordicHarbor,easy,P003,544,32,train,36.7812,16344.0,0,0.9307,0.4552,0.6023,0.3748,b9db620b78c11da58d552430910bb012da71ac75b53201edb42b1ec4735e40fc
NordicHarbor/easy/P003/001664,NordicHarbor,NordicHarbor,easy,P003,1664,32,train,11.8125,15472.0,0,0.9764,0.2975,0.5099,0.1028,7d326c7fa942302ea9dd8ba4890c5c94754c9e28955dfedff0dc8e42a7057db3
NordicHarbor/easy/P004/000408,NordicHarbor,NordicHarbor,easy,P004,408,32,train,5.5312,15032.0,0,0.9307,0.519,0.3981,0.1354,72bdbf452bcf4c88c18d6dd891d3ec10196ea4e472b4947966ddfa4df9ae80c9
NordicHarbor/easy/P004/001258,NordicHarbor,NordicHarbor,easy,P004,1258,32,train,5.9102,59.0,0,0.9786,0.2471,0.3232,0.42,b594d6b9bbda52ae533fa104c80fc645562f20a5bc300d6ec17100d1acb97ff9
NordicHarbor/easy/P005/000453,NordicHarbor,NordicHarbor,easy,P005,453,32,train,7.2578,16128.0,0,0.9711,0.1411,0.6943,0.0815,a7fa9b895e235d978cf7c5ef8d28d04e349078a45ff1ecd0a54242cb0d6263dd
NordicHarbor/easy/P005/001392,NordicHarbor,NordicHarbor,easy,P005,1392,32,train,4.418,13640.0,0,0.9124,0.0767,0.6772,0.3933,62c34ba83c8b4e419f57a190d6912f23d8af614c935d0b6f026f3adbf6fe238f
NordicHarbor/easy/P006/001128,NordicHarbor,NordicHarbor,easy,P006,1128,32,train,2.002,12496.0,0,0.9597,0.034,0.2995,0.1015,39a3897e7294b5a7b99a5e03fd3334f34967a184948328ce978de3e5c9685e5e
NordicHarbor/easy/P006/003414,NordicHarbor,NordicHarbor,easy,P006,3414,32,train,27.8672,16400.0,0,0.8804,0.4214,0.5316,0.2837,6f0f55583aaf7798e971ba81a80349fa9c0134f799d10da4f4bd466d27970a26
NordicHarbor/easy/P007/000879,NordicHarbor,NordicHarbor,easy,P007,879,32,train,9.8984,14984.0,0,0.9667,0.2651,0.623,0.2861,410025c3ee186a8cd1dbfcb43fcb8884dcb05e6efa8fc97de5c47fa5cce3a694
NordicHarbor/easy/P007/002669,NordicHarbor,NordicHarbor,easy,P007,2669,32,train,2.8281,465.0,0,0.9844,0.196,0.5399,0.1629,090735aea0bb098d67b17cc930fe75195c869bed033d940511bf9e5eaafb6a8e
NordicHarbor/hard/P000/000400,NordicHarbor,NordicHarbor,hard,P000,400,32,train,3.8828,15768.0,0,0.8905,0.0804,0.3167,0.49,b96d644786b9c6635a70d944e18ed66dd17e3875244e720ff3a3c08e002f6884
NordicHarbor/hard/P000/001231,NordicHarbor,NordicHarbor,hard,P000,1231,32,train,13.5469,16336.0,0,0.9029,0.33,0.4954,0.2666,b1e6fc77de48abfc3166dc7f61e820b24d614616408165b693788d6217b9ea76
NordicHarbor/hard/P001/000226,NordicHarbor,NordicHarbor,hard,P001,226,32,train,4.293,15344.0,0,0.8911,0.0822,0.6236,0.3435,bc7892ccc82932ac5ebef7b2d9aed96d52ddd5e4cba16aa2eca154e8321e66e6
NordicHarbor/hard/P001/000710,NordicHarbor,NordicHarbor,hard,P001,710,32,train,6.1367,13992.0,0,0.9502,0.3423,0.5511,0.4972,b0ac84bdb751373cbc21be940f0d3c0e571b54b96e069d7f27d724e022438780
NordicHarbor/hard/P002/000323,NordicHarbor,NordicHarbor,hard,P002,323,32,train,14.5898,15800.0,0,0.9538,0.3275,0.4103,0.3617,58b4e4de8b177a45abd257508bfb2cf1f13e605c07a937470453614048a0ff32
NordicHarbor/hard/P002/001000,NordicHarbor,NordicHarbor,hard,P002,1000,32,train,7.1211,15032.0,0,0.9597,0.2539,0.4451,0.1506,5ef1ed53514feba600da0d968e1a459c8ee3070f110c3a776983a0d3ae6adde7
NordicHarbor/hard/P003/000315,NordicHarbor,NordicHarbor,hard,P003,315,32,train,8.8984,16368.0,0,0.9133,0.3115,0.6321,0.3553,59ab74076ec5a7819b65bfe8914f1c600d2154bf4b16392fa0a3713bfa4034a8
NordicHarbor/hard/P003/000977,NordicHarbor,NordicHarbor,hard,P003,977,32,train,6.2344,12416.0,0,0.9043,0.2738,0.5186,0.286,8701ea3ecc0cd24b1112ddb340abc93d594575cce8352ebc6ebe1c2450b1488e
NordicHarbor/hard/P004/000222,NordicHarbor,NordicHarbor,hard,P004,222,32,train,11.6016,16360.0,0,0.8369,0.4337,0.5329,0.3951,9f8dc47dc1ce36d030ccf7b4bd92d9876f49f78d1c30c6dcd0f20eeb04467405
NordicHarbor/hard/P004/000696,NordicHarbor,NordicHarbor,hard,P004,696,32,train,5.2695,15936.0,0,0.8601,0.1378,0.4168,0.5651,c22e419e308206ed4d8996916b5ac365ee7a4bc1bc9e2a96c43ca1aa11c28ce9
NordicHarbor/hard/P005/000285,NordicHarbor,NordicHarbor,hard,P005,285,32,train,11.9531,16360.0,0,0.8574,0.5303,0.4931,0.2917,9d0db2ea355eed30eccebaf77f9567d678ba51e261f0969947cf4d742bec891a
NordicHarbor/hard/P005/000888,NordicHarbor,NordicHarbor,hard,P005,888,32,train,15.2852,16360.0,0,0.8406,0.505,0.5396,0.4315,f42768b6cc05340996631b5142dd4635de48a1391b233c956cc71ff2cc99bf1e
NordicHarbor/hard/P006/000676,NordicHarbor,NordicHarbor,hard,P006,676,32,train,1.9414,22.16,0,0.9169,0.0931,0.26,0.2093,11a84a79c53d83c9609f19a66a022679e097b43f51ed6f9c7aebdc2ff7ff3e90
NordicHarbor/hard/P006/002058,NordicHarbor,NordicHarbor,hard,P006,2058,32,train,3.9053,34.38,0,0.9261,0.3124,0.4569,0.3769,33390fffd06b187076cfe2152ce0228e1610516e60515e84f3cdfe1d34aae328
NordicHarbor/hard/P007/000502,NordicHarbor,NordicHarbor,hard,P007,502,32,train,19.4844,16368.0,0,0.8942,0.4359,0.5385,0.2668,6593e50178c9d1338d4ac678a5621a420139ff6da21f0dfbd1a4e8923b32f8e6
NordicHarbor/hard/P007/001539,NordicHarbor,NordicHarbor,hard,P007,1539,32,train,10.4844,15928.0,0,0.9459,0.1449,0.6135,0.238,28caf753f0969a3eb4d29a9a20f7b4e4cd7409184b65b52e93fca29f31a2d227
Ocean/easy/P000/000310,Ocean,Ocean,easy,P000,310,32,train,12.8984,16088.0,0,0.9346,0.4608,0.6127,0.2995,d66bf345d0ab39943907128b6c750ae4bf11967617e706947ba14592c980a1c5
Ocean/easy/P000/000960,Ocean,Ocean,easy,P000,960,32,train,14.9609,16232.0,0,0.9659,0.2975,0.6188,0.257,2839a4967530d66aacc470510adadc17b2605a15a64775cde5fddc2420f7f91a
Ocean/easy/P001/000359,Ocean,Ocean,easy,P001,359,32,train,14.9883,14632.0,0,0.9361,0.3363,0.5991,0.2692,259151def021770c27a7ed5612455038d44fdd1cc1968358a98350ff4c01b33f
Ocean/easy/P001/001110,Ocean,Ocean,easy,P001,1110,32,train,8.5391,15496.0,0,0.9322,0.44,0.5093,0.0699,8d436ccfae78faa512d595cde7a56bd62ed6c41fe5e1bebb7efe5298b9b4212d
Ocean/easy/P002/000309,Ocean,Ocean,easy,P002,309,32,train,10.75,13928.0,0,0.9126,0.5576,0.5431,0.2729,1d32c48451d19faf21656bd8ecb883104544a63bb1c3e854641d560d02343e82
Ocean/easy/P002/000959,Ocean,Ocean,easy,P002,959,32,train,6.3613,13728.0,0,0.9745,0.5497,0.4438,0.1383,df55ba5ae3f8a3e4efdb2138236f872821cacbb34893ee61b6ae766e10e8ffd4
Ocean/easy/P003/000254,Ocean,Ocean,easy,P003,254,32,train,13.2891,16176.0,0,0.9131,0.4435,0.5893,0.3195,6f6ef05570800349bb8c46131f8834f416ea553211b5eb17ce566161721a639e
Ocean/easy/P003/000793,Ocean,Ocean,easy,P003,793,32,train,13.25,16056.0,0,0.9413,0.4415,0.5396,0.1502,5d3ce78d0738565050de048bc57b00f4285c6a5cf6c75c5cf5153848a140aeb3
Ocean/easy/P004/000149,Ocean,Ocean,easy,P004,149,32,train,14.5469,15456.0,0,0.9313,0.4932,0.5806,0.2731,7b6b64dfc64f9179f98b4fb61cc12eaae3adf076f1fd800b449badbb448ae85d
Ocean/easy/P004/000480,Ocean,Ocean,easy,P004,480,32,train,15.1406,15960.0,0,0.931,0.3206,0.6134,0.0916,a4ae0c55016d9efc0a8c02bfde26f872c37afd232667d47e09bddf8bb348764b
Ocean/easy/P005/000236,Ocean,Ocean,easy,P005,236,32,train,12.4688,16280.0,0,0.94,0.385,0.6009,0.2261,42bb9c434523dee4215ec1de025cfc19ee0524a131b67c61a77eb34a2472bea4
Ocean/easy/P005/000739,Ocean,Ocean,easy,P005,739,32,train,16.375,16168.0,0,0.9234,0.4107,0.6037,0.1931,aaa2f692dea463de819d5549a86c8a1920c47260247382a15e0e6523ce19db3d
Ocean/easy/P006/000379,Ocean,Ocean,easy,P006,379,32,train,4.5664,13160.0,0,0.9688,0.0812,0.3768,0.3016,2270c64779bdae2552d9b1543dc2edfe60278f4eac79e518cfc9aba5c7c7c781
Ocean/easy/P006/001169,Ocean,Ocean,easy,P006,1169,32,train,4.7031,15432.0,0,0.9095,0.5179,0.3813,0.252,276ef53dc7e2170dfe4680e1467bb0df8e87f096cb4948c00ff5e4d5f5af40ad
Ocean/easy/P007/000328,Ocean,Ocean,easy,P007,328,32,train,14.5,14928.0,0,0.9203,0.5994,0.5579,0.2025,6bbe3dd6956f3384ab5975550d5f1270983e213d78ef41fa9f9d85fb3366d7e4
Ocean/easy/P007/001014,Ocean,Ocean,easy,P007,1014,32,train,9.0,15280.0,0,0.9256,0.4513,0.4751,0.1833,073eae084885025196a2b2b0e2536cc9be825ce47056d4128e82af81bb0e77ec
Ocean/hard/P000/000153,Ocean,Ocean,hard,P000,153,32,train,4.0977,13976.0,0,0.8966,0.2114,0.3174,0.61,1a98c4beed1fcf0750eb12b14a62953ed8c0c3aa4e5d96a9bf45512357933945
Ocean/hard/P000/000492,Ocean,Ocean,hard,P000,492,32,train,5.6113,12600.0,0,0.9054,0.6273,0.408,0.3037,be69f6293ac994287f88316ea4d8aaf9092f6dcbaf6364879eaa0ccc474e3c2e
Ocean/hard/P001/000236,Ocean,Ocean,hard,P001,236,32,train,15.3516,16360.0,0,0.9042,0.3548,0.5851,0.2914,02582f32468d1cf3aedd7a7d68b4d2234d1646a90a7f1dc84c371363d6065d81
Ocean/hard/P001/000741,Ocean,Ocean,hard,P001,741,32,train,11.5078,15184.0,0,0.9364,0.1059,0.5148,0.2601,217163d19976c1bfab239453f97070223c61e480ced0b50aa4d41f10d5af950e
Ocean/hard/P002/000145,Ocean,Ocean,hard,P002,145,32,train,8.4375,15760.0,0,0.8951,0.604,0.483,0.2486,fe43a8df4909c51a324dc777688e3f6dd0c20d3c770187508977cd80fdd02303
Ocean/hard/P002/000466,Ocean,Ocean,hard,P002,466,32,train,6.8281,15168.0,0,0.8799,0.1351,0.4316,0.3713,3933b2e684564d0ae42aa8b2fb94df205950f76bdb085921ce6f499a743dcde7
Ocean/hard/P003/000112,Ocean,Ocean,hard,P003,112,32,train,10.7344,15584.0,0,0.895,0.5347,0.5057,0.5848,6f1ce40cc35cd65df0caf0e734b1a6ce373520e6212eb712c7205cdc520b2ab6
Ocean/hard/P003/000369,Ocean,Ocean,hard,P003,369,32,train,15.082,16272.0,0,0.9084,0.3025,0.606,0.3576,9dba96cfd24a3a15afcf626dd852d0e92d9223376d164ddf9b0c7c1deb930447
Ocean/hard/P004/000087,Ocean,Ocean,hard,P004,87,32,train,5.8789,12888.0,0,0.9413,0.3747,0.5603,0.2998,e9b6a6a9dd19c8d4aa2dba173a000de495710d70f858c24dfa41f2f7e014eb04
Ocean/hard/P004/000292,Ocean,Ocean,hard,P004,292,32,train,7.7656,15432.0,0,0.9423,0.5859,0.477,0.1804,0b3abd0a6c2fc7db45ae8ea677dda55227c82adbc672f3625aee43dedf7f3e9c
Ocean/hard/P005/000117,Ocean,Ocean,hard,P005,117,32,train,7.3516,14464.0,0,0.8386,0.2981,0.4429,0.5701,ad7f275fdb52b38200d7ad09ba8edc3c37cad86b201a1b5c102470d269cd7242
Ocean/hard/P005/000384,Ocean,Ocean,hard,P005,384,32,train,11.2812,15296.0,0,0.9222,0.2977,0.5174,0.3025,70ae136affb868e0888f51fd1e4446b5959b73e82cb0afedb5423fde4b51bd3b
Ocean/hard/P006/000228,Ocean,Ocean,hard,P006,228,32,train,4.6406,151.25,0,0.9282,0.4158,0.402,0.3947,6152cdc41bb3cd699234eacd4002862f7175cf67399853dc3633386cc6cdbad3
Ocean/hard/P006/000717,Ocean,Ocean,hard,P006,717,32,train,11.7109,16128.0,0,0.9243,0.3465,0.5663,0.3533,82590c15c9efeafa037a509870313d17b5b2681ba2254a92b5de718c2050df81
Ocean/hard/P007/000190,Ocean,Ocean,hard,P007,190,32,train,10.8672,15872.0,0,0.8575,0.4338,0.4621,0.2746,31a0362482e5787d8f78c50402c03fc199595015501afc17a7ad9455b07e9e44
Ocean/hard/P007/000601,Ocean,Ocean,hard,P007,601,32,train,12.8789,15608.0,0,0.8975,0.5295,0.5134,0.1987,633ec1e66294f2241fe64fa69e31608a89b4e96d32c2804b06f569cb6a6ec633
Office/easy/P000/000218,Office,Office,easy,P000,218,32,test,2.4775,369.75,0,0.9858,0.2004,0.7542,0.1244,e635832b99e77232d95b2badce537afed2e24ed623868f9ef637afa45264d978
Office/easy/P000/000685,Office,Office,easy,P000,685,32,test,2.9355,16096.0,0,0.9295,0.2669,0.6949,0.3073,9b8e22313ccbdbefb03bde30cb6e9e7c47bd83eb3b0c500295e9f7f139058151
Office/easy/P001/000129,Office,Office,easy,P001,129,32,test,3.5234,12560.0,0,0.9968,0.215,0.3407,0.0688,aa9a53a4b91e7cf9a7ba1b5cc6e8eb3658fd0cec6d8632a2ca93c90a0996aec3
Office/easy/P001/000420,Office,Office,easy,P001,420,32,test,3.5635,256.0,0,0.9495,0.2712,0.8451,0.1533,e54595cb3051052d1d493bece528102c4466fe7525f516f08c64e2d94a5ced50
Office/easy/P002/000172,Office,Office,easy,P002,172,32,test,3.2617,14208.0,0,0.9816,0.3212,0.6615,0.2327,c432047b47cace44f0f3d4f236334757adc4a88b1167ae4556e9525653ea858c
Office/easy/P002/000549,Office,Office,easy,P002,549,32,test,3.8701,13488.0,0,0.9641,0.3359,0.7416,0.2268,09f81f40604be479e2d6bc5a1afcda5d8125373aaa18fd04da63ef2fa2ca66ae
Office/easy/P003/000152,Office,Office,easy,P003,152,32,test,1.291,3.57,0,0.9423,0.3973,0.0513,0.1276,96c4fb5e2eb0ed1136830b0e3de4c3ebb40c1390cfc2b00d277224d527964b79
Office/easy/P003/000488,Office,Office,easy,P003,488,32,test,2.0215,15008.0,0,0.9962,0.1553,0.327,0.1439,13f821c2089c733cbabfa76237ff714f614bb83e5e8515795aec6fa3f6c381fe
Office/easy/P004/000289,Office,Office,easy,P004,289,32,test,1.6641,13.35,0,0.9188,0.4274,0.4284,0.1341,dcf8456141df01351259de5580aee3d88ea1f69cf84d20e06e18f3706d24bc8f
Office/easy/P004/000899,Office,Office,easy,P004,899,32,test,1.5029,3.18,0,0.9902,0.1377,0.0843,0.0326,5d5b8d700dd9e0a6c288d3f04747e656ef96c71e33f6386589aef47f0a1f8d02
Office/easy/P005/000263,Office,Office,easy,P005,263,32,test,2.6641,16032.0,0,0.9322,0.2909,0.6561,0.1616,2a65ba7e02cb74268c547843f4650a6018691992089f59f7e6244701fd801de3
Office/easy/P005/000821,Office,Office,easy,P005,821,32,test,2.4609,14864.0,0,0.9841,0.3468,0.6408,0.1084,112a1dc202e714e57c520d3c50c5bdc095402f3f47a3afab247570f775356d0b
Office/easy/P006/000248,Office,Office,easy,P006,248,32,test,3.0596,15288.0,0,0.9466,0.2184,0.5982,0.29,b95a5e8a8df2bfc29cbf6bddce78305b53567cdc6629e2bd948887e6fa63c559
Office/easy/P006/000778,Office,Office,easy,P006,778,32,test,2.2695,11.12,0,0.9693,0.2742,0.1544,0.1737,36c09e653bd87edad5a091ea91ec9e9614642838584fbee1b139a3003a89a171
Office/hard/P000/000130,Office,Office,hard,P000,130,32,test,3.7471,16024.0,0,0.9475,0.2527,0.7016,0.1776,fd167f3e6e950302f1be0b5853f3b528fcf65b414027ed592f9d14be23bffc3a
Office/hard/P000/000423,Office,Office,hard,P000,423,32,test,2.2129,14.98,0,0.9053,0.1896,0.4573,0.3216,a88747af39584a12cf680cc211f56955a09e3fd5a6bff33aa9a4c8a4383deade
Office/hard/P001/000077,Office,Office,hard,P001,77,32,test,1.8545,14272.0,0,0.8706,0.1837,0.3683,0.2255,4f9b1d4fe88882779362f39e135ff320da9c09a036ce3dea1670127861090935
Office/hard/P001/000263,Office,Office,hard,P001,263,32,test,2.084,16352.0,0,0.9042,0.1797,0.5762,0.2012,5cb9c860eca8cc8a80eef39d91a75488a3cae57a260cd7682e0b75d453b35177
Office/hard/P002/000112,Office,Office,hard,P002,112,32,test,3.2646,16328.0,0,0.9236,0.3573,0.5568,0.1768,f19621746c64453254f6e6587ee8c4ba9ab6586f91854756fb06a976db0536b6
Office/hard/P002/000366,Office,Office,hard,P002,366,32,test,3.6641,13528.0,0,0.8285,0.3854,0.6152,0.5912,8c3efeec9f5d63911de790311b5bdffe196e8735df21fa6f4b6e668f3222ecef
Office/hard/P003/000082,Office,Office,hard,P003,82,32,test,2.0332,35.44,0,0.8791,0.393,0.1295,0.2727,27d35dfdb8be00f9a6c5143e14c14e3dfd131d2ceed3d9cfb6f72d515fc6d757
Office/hard/P003/000277,Office,Office,hard,P003,277,32,test,3.0508,12720.0,0,0.9414,0.2236,0.3267,0.1343,d0d3345d8cd2200527afd67f5679630dd859661a5ec0a678276f1da227843e41
Office/hard/P004/000188,Office,Office,hard,P004,188,32,test,1.8857,12872.0,0,0.9224,0.3443,0.6036,0.3222,0184d76d38a8263819ff5c5ea68c6ae5168a3ac4a8ee541caa8b95f41961ae87
Office/hard/P004/000597,Office,Office,hard,P004,597,32,test,2.3262,16200.0,0,0.9496,0.1839,0.4736,0.2224,202d9c7f2040eee2153a9fb1f6eba99714481a2f4da3103571ec86cef6ab5e45
Office/hard/P005/000143,Office,Office,hard,P005,143,32,test,3.6328,15664.0,0,0.9328,0.3417,0.6942,0.1581,b0982d651defed61e3e6a05fcd75362b968790630af9c08159d5d3e468e7d7af
Office/hard/P005/000461,Office,Office,hard,P005,461,32,test,2.6973,323.25,0,0.8543,0.294,0.6592,0.4567,bb1a0dca675dfa7b6a955ded4cc366d567fa31d0d6486835706b2d392b6eb04a
Office/hard/P006/000145,Office,Office,hard,P006,145,32,test,1.7617,13088.0,0,0.8778,0.1667,0.4994,0.3787,64d2f354f129c528cb8105cf4854c11a1813b88198bc590e07036814ec7e5f78
Office/hard/P006/000467,Office,Office,hard,P006,467,32,test,1.4644,7.36,0,0.8641,0.4891,0.0474,0.2588,5db73691f1276187bd6c8b7eaaf230ad665eea22e16109c31e3c5fd94bd8d4ba
OldBrickHouseDay/easy/P001/000084,OldBrickHouseDay,OldBrickHouse,easy,P001,84,32,train,2.2969,4.92,0,0.9605,0.1004,0.6006,0.1528,f5bfee69d795f1b761a7d21ca7a536639a64c0238ac27bc6965448477b2d3d1d
OldBrickHouseDay/easy/P001/000283,OldBrickHouseDay,OldBrickHouse,easy,P001,283,32,train,2.4785,76.0,0,0.9478,0.2341,0.7795,0.1158,a2e0c68693601e0510408c2ab650130340082a5295ba6cfc1d635cbea0b9edb8
OldBrickHouseDay/easy/P002/000228,OldBrickHouseDay,OldBrickHouse,easy,P002,228,32,train,1.5762,7.05,0,0.9502,0.1139,0.8065,0.0874,71b6aa828e27766cafbeb8a8134f9d23e6af4da08e53f10d90b99a0f0f6b2b36
OldBrickHouseDay/easy/P002/000717,OldBrickHouseDay,OldBrickHouse,easy,P002,717,32,train,2.1289,74.56,0,0.9207,0.1752,0.5153,0.1533,d91aaefa7602ff9f7e0d778590984510b4c9079034a6d344695261e3aebab369
OldBrickHouseDay/easy/P003/000119,OldBrickHouseDay,OldBrickHouse,easy,P003,119,32,train,1.9844,72.5,0,0.9693,0.2841,0.5245,0.1034,1199c2a12379763fa4ebfd3043ac9aa2507ed390b274d8a5aecce4f2d01d5929
OldBrickHouseDay/easy/P003/000389,OldBrickHouseDay,OldBrickHouse,easy,P003,389,32,train,59.1875,72.19,0,0.965,0.2168,0.7793,0.2049,8e85ef4e5b197879c6f90071b036725ae72016727d932858c4747ab76721ec34
OldBrickHouseDay/easy/P004/000291,OldBrickHouseDay,OldBrickHouse,easy,P004,291,32,train,1.4517,12.8,0,0.9949,0.1223,0.1011,0.076,702f500e78c7b800ec87677a3475bcda041531f0d369462d5cec6930aa615bda
OldBrickHouseDay/easy/P004/000905,OldBrickHouseDay,OldBrickHouse,easy,P004,905,32,train,2.4199,67.81,0,0.9676,0.2695,0.2131,0.1489,8216e5d3c5398609e2fae84e5235e32c010d9a9e33b2f16454f8ecc6748d324b
OldBrickHouseDay/easy/P005/000279,OldBrickHouseDay,OldBrickHouse,easy,P005,279,32,train,1.7666,78.5,0,0.8919,0.2236,0.6481,0.1504,92029621898404de89e96ba8b78ba1543578eb523068a67ea1e5aa46ba6a688e
OldBrickHouseDay/easy/P005/000869,OldBrickHouseDay,OldBrickHouse,easy,P005,869,32,train,1.7974,75.88,0,0.909,0.2133,0.6011,0.2157,5b01011ca5258cfbf16acf744e7fd37c7f3e2460154584f2d87522b7312e11eb
OldBrickHouseDay/easy/P006/000102,OldBrickHouseDay,OldBrickHouse,easy,P006,102,32,train,1.9502,73.19,0,0.948,0.1581,0.8232,0.1349,929c04bc4faddbfc68fc5e7a5032099434f56ddd7a86d71062193737e1a69b57
OldBrickHouseDay/easy/P006/000337,OldBrickHouseDay,OldBrickHouse,easy,P006,337,32,train,2.0527,76.19,0,0.9567,0.196,0.7019,0.1883,92d94cde66e9d53c5e9a82590ebb6ed3025e9192e30dfacd1dbcc80fda998c1c
OldBrickHouseDay/easy/P007/000137,OldBrickHouseDay,OldBrickHouse,easy,P007,137,32,train,1.8809,8.06,0,0.9915,0.2167,0.1058,0.0964,e85f4af4608d7aadb794cc630b88c08b801bbef1c8e20f5dfc66ffd170d1b653
OldBrickHouseDay/easy/P007/000442,OldBrickHouseDay,OldBrickHouse,easy,P007,442,32,train,2.0918,60.28,0,0.9561,0.2373,0.1499,0.1955,94ae4c1b384b28e2472b774e9f8e8abcaaa372a37926879742e6bc1ec48866e4
OldBrickHouseDay/hard/P001/000042,OldBrickHouseDay,OldBrickHouse,hard,P001,42,32,train,1.6299,9.56,0,0.9031,0.1756,0.5922,0.1443,8a35cbfd7b0ccc8041cc3e86ae27c04512df808b2cef76f9d645924fba3959de
OldBrickHouseDay/hard/P001/000160,OldBrickHouseDay,OldBrickHouse,hard,P001,160,32,train,2.0488,71.94,0,0.8714,0.1573,0.7131,0.2981,00d6b3a0f3a90191504f0e8aad8ad6eed79b9bf309af395f803f04428be6adc8
OldBrickHouseDay/hard/P002/000124,OldBrickHouseDay,OldBrickHouse,hard,P002,124,32,train,2.6445,63.44,0,0.9278,0.1616,0.7823,0.2013,2d4297d25403ca60a49e1cc576b6f93497a26f1cd7267da053757b00dc5c8a95
OldBrickHouseDay/hard/P002/000406,OldBrickHouseDay,OldBrickHouse,hard,P002,406,32,train,1.8652,63.34,0,0.8297,0.1831,0.6515,0.1624,f1d6eb5ea32dbc91bf9ad18c4b4554de0838c36eb361e3b7f8d2a9d61c27b3d9
OldBrickHouseDay/hard/P003/000058,OldBrickHouseDay,OldBrickHouse,hard,P003,58,32,train,4.5859,70.44,0,0.8811,0.5727,0.6514,0.2467,918a5ff9664ae0cab3162a854f8487a0c1f1cfd31b675a61e29d2b65fcb370e8
OldBrickHouseDay/hard/P003/000204,OldBrickHouseDay,OldBrickHouse,hard,P003,204,32,train,2.877,81.38,0,0.7852,0.2524,0.7689,0.4016,2133014690ade2bf171c8e7943de6233f3ccf0642dd37d3f2000082d42af0b05
OldBrickHouseDay/hard/P004/000203,OldBrickHouseDay,OldBrickHouse,hard,P004,203,32,train,2.6641,10.45,0,0.8521,0.1626,0.1032,0.2021,a0342b6358d86d781c3581af24673aa3fefdf8d181fa215ddd193b376cd4e20a
OldBrickHouseDay/hard/P004/000640,OldBrickHouseDay,OldBrickHouse,hard,P004,640,32,train,2.3164,83.19,0,0.916,0.2298,0.4636,0.2485,7eb739a1eca606b60e49642c3f55be44bea8f7657cce354ba9ab8925fe397f5d
OldBrickHouseDay/hard/P005/000146,OldBrickHouseDay,OldBrickHouse,hard,P005,146,32,train,1.8174,72.81,0,0.8083,0.2477,0.7094,0.2953,adbe1ec879c4250b7540f85690a2eca08bc1a87310ae766f496555648d1b7454
OldBrickHouseDay/hard/P005/000471,OldBrickHouseDay,OldBrickHouse,hard,P005,471,32,train,2.3047,55.81,0,0.8139,0.1842,0.5074,0.3763,47866417b3268bffb0868d3493e2a6c604ceb6ff18e6249d1d8f101fb0f92f3c
OldBrickHouseDay/hard/P006/000062,OldBrickHouseDay,OldBrickHouse,hard,P006,62,32,train,2.5078,12.15,0,0.9251,0.1873,0.6888,0.2226,63bb5ece38150994f57e4c66b891a2ac306f43b0194dd4d7e00d9ca1dd1609aa
OldBrickHouseDay/hard/P006/000217,OldBrickHouseDay,OldBrickHouse,hard,P006,217,32,train,1.9756,8.6,0,0.9131,0.1334,0.7161,0.3309,72b7965b8f13f6409317c02b30a935eac99e2d4969b3efaf60a5702cc1d5a7be
OldBrickHouseDay/hard/P007/000083,OldBrickHouseDay,OldBrickHouse,hard,P007,83,32,train,1.3555,68.62,0,0.7897,0.1371,0.171,0.2472,15389ed1691617e2fe077451d8e3a841064a2a1b638d82207c277c2e873e1ebe
OldBrickHouseDay/hard/P007/000281,OldBrickHouseDay,OldBrickHouse,hard,P007,281,32,train,1.521,66.75,0,0.9392,0.0586,0.1214,0.1431,4b4576670751a633239f12824dd956a03a2b7043c16fa7dad58f27678932f9d8
OldBrickHouseNight/easy/P001/000084,OldBrickHouseNight,OldBrickHouse,easy,P001,84,32,train,2.2969,4.92,0,0.9605,0.1004,0.1867,0.1528,82ceee6b842519e2c71a22c7f44376bd0a4717a0cc41f71ba27516e21937f05d
OldBrickHouseNight/easy/P001/000283,OldBrickHouseNight,OldBrickHouse,easy,P001,283,32,train,2.4707,45.06,26,0.9476,0.2328,0.2954,0.1158,43786a13cae43e906ad67f3fb41c3446b3e900949fb040e4ba6172f8356a93fa
OldBrickHouseNight/easy/P002/000228,OldBrickHouseNight,OldBrickHouse,easy,P002,228,32,train,1.5762,7.05,0,0.9502,0.1139,0.7264,0.0874,f0048728a4935b838325c1b6e20729327253e3b03c82182a2a1c5ecd7d80b968
OldBrickHouseNight/easy/P002/000717,OldBrickHouseNight,OldBrickHouse,easy,P002,717,32,train,2.1289,29.72,0,0.9207,0.1751,0.3337,0.1533,56d3fc1721d2b0869705ca9ffdc225e22196a660afa2d15b49b34fab24b40368
OldBrickHouseNight/easy/P004/000291,OldBrickHouseNight,OldBrickHouse,easy,P004,291,32,train,1.4517,12.8,0,0.9949,0.1215,0.3538,0.076,b05f3724fa1e99bbbce2bfedee4798eb275ed60e69779b79c37a6d1ff23994f9
OldBrickHouseNight/easy/P004/000905,OldBrickHouseNight,OldBrickHouse,easy,P004,905,32,train,2.4199,47.08,11,0.9675,0.2691,0.5225,0.1489,b032c17a4b58cb9f6fbbc2f55618237b1d0d7611a57da4c3b21158b0d691db05
OldBrickHouseNight/easy/P005/000279,OldBrickHouseNight,OldBrickHouse,easy,P005,279,32,train,1.752,8.44,60,0.8918,0.2237,0.1082,0.1504,ba250c5c03a01024f94231b531b519aad1578d19ffaf7d8123abb3ff824ecaab
OldBrickHouseNight/easy/P005/000869,OldBrickHouseNight,OldBrickHouse,easy,P005,869,32,train,1.7979,23.47,0,0.9085,0.2157,0.512,0.2157,a87dd9b2f18c7fb5d848592d3ad06dfe3ddfdb8c8debc0372a1890170ad1c816
OldBrickHouseNight/easy/P006/000102,OldBrickHouseNight,OldBrickHouse,easy,P006,102,32,train,1.9414,62.83,73,0.9478,0.1577,0.128,0.1349,ff39ce56d2e750aa24a81d9679e8d4a2450e2baafac54cdd3d91ecbc0e07923d
OldBrickHouseNight/easy/P006/000337,OldBrickHouseNight,OldBrickHouse,easy,P006,337,32,train,2.0469,11.11,9,0.9566,0.196,0.0766,0.1883,af75777be80eb35fc4203988ae8063310f3986d64e9b2720a6609262a960bda3
OldBrickHouseNight/easy/P007/000137,OldBrickHouseNight,OldBrickHouse,easy,P007,137,32,train,1.8809,8.06,0,0.9915,0.2167,0.4049,0.0964,c56d36a9f898845145e318df858e8aa67dfef1623383ea4b1446dfede1cdf26e
OldBrickHouseNight/easy/P007/000442,OldBrickHouseNight,OldBrickHouse,easy,P007,442,32,train,2.0918,24.48,2,0.956,0.2373,0.242,0.1955,7a752f616647579be3225ed2896b81323c2f18e39545461a42371a3f7d3a8f91
OldBrickHouseNight/hard/P001/000042,OldBrickHouseNight,OldBrickHouse,hard,P001,42,32,train,1.6299,9.56,0,0.9031,0.1756,0.4997,0.1443,3f4e51ee6b23c9fb912656efbb376d3f797e8727a1f206a68593e612e1ae7e82
OldBrickHouseNight/hard/P001/000160,OldBrickHouseNight,OldBrickHouse,hard,P001,160,32,train,2.0469,12.36,5,0.8714,0.1573,0.3564,0.2981,59d8129744a5de5a271162e2c46acf8beba0fc2bfa211bde46ceb2d447158bd7
OldBrickHouseNight/hard/P002/000124,OldBrickHouseNight,OldBrickHouse,hard,P002,124,32,train,2.6445,10.07,0,0.9278,0.1615,0.6835,0.2013,8a4be8771cc6f7dfad28ee77b235ae14d54399a4dc930cb7edd2abed08472389
OldBrickHouseNight/hard/P002/000406,OldBrickHouseNight,OldBrickHouse,hard,P002,406,32,train,1.8643,37.34,7,0.8297,0.1829,0.4254,0.1624,94d0fca087e0550b42f13a9f129300bfd6f5654017f2f5de3a52c02b880a1f14
OldBrickHouseNight/hard/P004/000203,OldBrickHouseNight,OldBrickHouse,hard,P004,203,32,train,2.6641,10.45,0,0.852,0.1624,0.284,0.2021,f12cfe7fad3e108d1a902c840cc42073c6e5837c634949057dc9f324bd8265ec
OldBrickHouseNight/hard/P004/000640,OldBrickHouseNight,OldBrickHouse,hard,P004,640,32,train,2.2656,64.25,1057,0.9158,0.2299,0.3719,0.2485,f3f581fe94c49f61e255fe05beb6cb9bde3d9fc5928eb40e56f89ec7c859a89e
OldBrickHouseNight/hard/P005/000146,OldBrickHouseNight,OldBrickHouse,hard,P005,146,32,train,1.8071,50.16,136,0.8084,0.2476,0.4478,0.2953,66db1338227e1647142ce2a4fe59d98d55f9cc700a8a18446a140f51dc78408f
OldBrickHouseNight/hard/P005/000471,OldBrickHouseNight,OldBrickHouse,hard,P005,471,32,train,2.3047,25.59,0,0.8139,0.1859,0.3848,0.3763,89161fc45b83003e894f558ce38b073c364129d8afb639917b36d3378e491a3a
OldBrickHouseNight/hard/P006/000062,OldBrickHouseNight,OldBrickHouse,hard,P006,62,32,train,2.5078,12.15,0,0.9251,0.1876,0.2186,0.2226,8bd3ea0a68280d3685ee1f9ec69f293c0a7d380b8512552b442ce21e32afaf1b
OldBrickHouseNight/hard/P006/000217,OldBrickHouseNight,OldBrickHouse,hard,P006,217,32,train,1.9756,8.6,0,0.9131,0.1334,0.2272,0.3309,b65c8b86443324553a3ba3a888e23395f8cb2455b6dc84fdae30195e677ebacc
OldBrickHouseNight/hard/P007/000083,OldBrickHouseNight,OldBrickHouse,hard,P007,83,32,train,1.353,33.33,12,0.7894,0.1371,0.355,0.2472,76ed94e53a327472f0cb6a7049045484b4de96de139a43d9a70912017c27ea4e
OldBrickHouseNight/hard/P007/000281,OldBrickHouseNight,OldBrickHouse,hard,P007,281,32,train,1.5205,31.69,19,0.939,0.0586,0.4943,0.1431,fe7494028d53f4f7c4794225adc69e9c5af69b89d0f8017e57237a71e15e94aa
OldIndustrialCity/easy/P000/000578,OldIndustrialCity,OldIndustrialCity,easy,P000,578,32,train,18.5,16152.0,0,0.9958,0.5206,0.5078,0.0749,cd074180339e67c2422937e02f21edddda42f40615bd83ef80a9be3f7f7bc1c4
OldIndustrialCity/easy/P000/001765,OldIndustrialCity,OldIndustrialCity,easy,P000,1765,32,train,4.6719,51.06,0,0.9519,0.3821,0.5515,0.2956,3ae5b4226e1235862bde8cde1cb0561974088f32c9de9d51b2b307ba00b84614
OldIndustrialCity/easy/P001/000126,OldIndustrialCity,OldIndustrialCity,easy,P001,126,32,train,8.3594,15008.0,0,0.9742,0.3919,0.2219,0.1029,e8a53801d4e3b32f145bc6e44bbf41388f2950577fd182cc4685dde8246d7f42
OldIndustrialCity/easy/P001/000411,OldIndustrialCity,OldIndustrialCity,easy,P001,411,32,train,19.625,15448.0,0,0.9838,0.7155,0.3899,0.1569,7ac6aff41cf6bce1246876f4d51baebeb23a5f6878356ef251d872d25554b70c
OldIndustrialCity/easy/P002/000112,OldIndustrialCity,OldIndustrialCity,easy,P002,112,32,train,23.7578,16240.0,0,0.918,0.4126,0.4685,0.2979,2f090424ab65b8c1ea81234219ddad90ca001adfc1deb85c48ea5a4095d46c4c
OldIndustrialCity/easy/P002/000370,OldIndustrialCity,OldIndustrialCity,easy,P002,370,32,train,10.8672,14496.0,0,0.9455,0.3979,0.2803,0.2417,95c431dc98a0a5be5217f185465e9f548da9b998e1da8f5d4d5691499d3ae9b0
OldIndustrialCity/easy/P003/000610,OldIndustrialCity,OldIndustrialCity,easy,P003,610,32,train,12704.0,16328.0,0,0.9826,0.3991,0.6742,0.2731,c5a4631a62d6db41748d393a0d355d28314f2970fa0c633c5070a568d0fd1966
OldIndustrialCity/easy/P003/001864,OldIndustrialCity,OldIndustrialCity,easy,P003,1864,32,train,26.5703,16432.0,0,0.9915,0.3821,0.5365,0.1566,4ca946d0bda8c56fa694ba4c58a4d34555d87b34eb48ed0d66f5ee146707dbb4
OldIndustrialCity/easy/P004/000490,OldIndustrialCity,OldIndustrialCity,easy,P004,490,32,train,13.3945,16400.0,0,0.9854,0.4946,0.531,0.0689,97222b80b58a574d47a172b6a73b0281db8e73a9b9dd0c901be7546ac8c54460
OldIndustrialCity/easy/P004/001502,OldIndustrialCity,OldIndustrialCity,easy,P004,1502,32,train,7.8184,11816.0,0,0.993,0.4551,0.0978,0.0799,c8c9903dee0a1461907416e36bc66d2a092015361ef6dc064dcef0adc1031905
OldIndustrialCity/easy/P005/000445,OldIndustrialCity,OldIndustrialCity,easy,P005,445,32,train,9.7422,15640.0,0,0.9843,0.2408,0.2871,0.3991,2cadcfcc3bbf94ad6b47755ff399ac2c247d350d5f1786ef390342c03d36167b
OldIndustrialCity/easy/P005/001368,OldIndustrialCity,OldIndustrialCity,easy,P005,1368,32,train,17.8125,15920.0,0,0.9421,0.6952,0.3941,0.3597,0719c4a5b443e5e55e8e6122da65fb0f0218fd5cd5dbebc2af15fd3e19aba70c
OldIndustrialCity/easy/P006/000541,OldIndustrialCity,OldIndustrialCity,easy,P006,541,32,train,6.4785,15688.0,0,0.9687,0.4335,0.5086,0.1206,1bf660c948cd860850eaa6ba0425497996fbd2a75e0949f04aab8900308a57b8
OldIndustrialCity/easy/P006/001655,OldIndustrialCity,OldIndustrialCity,easy,P006,1655,32,train,87.6875,16320.0,0,0.9861,0.4951,0.5829,0.0912,c18e30d00d3bb15051830bc0376b56a14baa37b6f2466d8b38cea612afbc474f
OldIndustrialCity/easy/P007/000404,OldIndustrialCity,OldIndustrialCity,easy,P007,404,32,train,15.2656,14976.0,0,0.978,0.5992,0.3624,0.087,6865de023e6945c9b42604be069edd960c81886b674c8511c8cee99c28c754ad
OldIndustrialCity/easy/P007/001242,OldIndustrialCity,OldIndustrialCity,easy,P007,1242,32,train,12.8516,14456.0,0,0.9767,0.5752,0.2943,0.4023,e145f1ba5b69f0479743d4a5a7f7bd93517f40f414d4bd850ed84f1712b970ff
OldIndustrialCity/easy/P008/000902,OldIndustrialCity,OldIndustrialCity,easy,P008,902,32,train,27.0781,16104.0,0,0.9833,0.6028,0.4888,0.2837,3d79c8613d2b24b17fabbb3fe00b8326b810f8d14120a7070bf0df5057bfe468
OldIndustrialCity/easy/P008/002736,OldIndustrialCity,OldIndustrialCity,easy,P008,2736,32,train,11.0469,13264.0,0,0.9881,0.6638,0.3294,0.1392,b41c2b5100fe89f5d6edbdc3a6c62fafe5f6dfc97cea8b8c1500e2b77c50dc3b
OldIndustrialCity/easy/P009/000202,OldIndustrialCity,OldIndustrialCity,easy,P009,202,32,train,13.8203,95.19,0,0.985,0.475,0.3856,0.375,b272b5b1f3dcbeedcb29bfd8f2bd41037bd06ff3fa55c8972f4526f0c6fbd9d8
OldIndustrialCity/easy/P009/000639,OldIndustrialCity,OldIndustrialCity,easy,P009,639,32,train,4.5664,16192.0,0,0.962,0.2537,0.576,0.0848,04e6fe80217a59970f498be9b12c39dc11949802f5d89e0279953791f0753a06
OldIndustrialCity/hard/P000/000346,OldIndustrialCity,OldIndustrialCity,hard,P000,346,32,train,20.2266,16352.0,0,0.9329,0.389,0.5582,0.6122,971dd514f4a5de5bc0554bd50082dd0bd6e706622617fbe621124eedfefddda3
OldIndustrialCity/hard/P000/001071,OldIndustrialCity,OldIndustrialCity,hard,P000,1071,32,train,1.2949,16176.0,0,0.8651,0.0453,0.7374,0.3492,f030fd792f39c5ac86a72ce1f0830908812c00f2405036ba92bf94adecdecfff
OldIndustrialCity/hard/P001/000075,OldIndustrialCity,OldIndustrialCity,hard,P001,75,32,train,7.3828,13904.0,0,0.9214,0.4319,0.1712,0.2669,3d44eab64aa35e4cd95c0ff47b3506186cacd47c15c5a72ed08b224bf331868c
OldIndustrialCity/hard/P001/000256,OldIndustrialCity,OldIndustrialCity,hard,P001,256,32,train,13.5195,16496.0,0,0.9591,0.5324,0.339,0.2873,221213c3c0170190c1c23ebdc95c3ace4456351119da0dcca634d33eb890cebc
OldIndustrialCity/hard/P002/000073,OldIndustrialCity,OldIndustrialCity,hard,P002,73,32,train,10.2773,16368.0,0,0.881,0.3464,0.4765,0.4145,a0c10fcad19472bf223b1f42926144195654424fdef30f0cd8f24f815de5e80f
OldIndustrialCity/hard/P002/000250,OldIndustrialCity,OldIndustrialCity,hard,P002,250,32,train,17.2188,16224.0,0,0.9262,0.3456,0.2261,0.3686,f08191238460b41cb62619941d4a88d11e38f2387647dad72ece2e7545f66a7f
OldIndustrialCity/hard/P003/000370,OldIndustrialCity,OldIndustrialCity,hard,P003,370,32,train,65.125,16312.0,0,0.8921,0.5116,0.5694,0.8017,c6eb3cba44b9b8da63c12e445ad5feb7300d679918840f437b52f50d65975aa7
OldIndustrialCity/hard/P003/001141,OldIndustrialCity,OldIndustrialCity,hard,P003,1141,32,train,7.1797,16288.0,0,0.9155,0.3244,0.5952,0.4728,a9f3722f6d835f62a6000cad2c3bda09dec72d63db524d0a9f295e8579c9904b
OldIndustrialCity/hard/P004/000290,OldIndustrialCity,OldIndustrialCity,hard,P004,290,32,train,9.1094,80.94,0,0.9571,0.1358,0.1333,0.6754,c7355c2ea2e67e5c7a493bb1612c502c4e0654e4e388203adbaeeb54648e7863
OldIndustrialCity/hard/P004/000904,OldIndustrialCity,OldIndustrialCity,hard,P004,904,32,train,13.4297,16280.0,0,0.952,0.2022,0.7157,0.4767,e9a32b5b5fda06bd743ef9e19ed07b7908a2e80224a0cff6ae9bc24e8ffb1ef3
OldIndustrialCity/hard/P005/000240,OldIndustrialCity,OldIndustrialCity,hard,P005,240,32,train,11.2344,14160.0,0,0.9657,0.3416,0.2038,0.3336,7dcfeb288faefeb8fee0d3a8ede442177304bc9321200fc756979e761ad734d8
OldIndustrialCity/hard/P005/000753,OldIndustrialCity,OldIndustrialCity,hard,P005,753,32,train,15.4531,15904.0,0,0.9135,0.573,0.3844,0.7726,8fd306876ff9569fce3f0275f2752484666563a4533958b064102767d11f5365
OldIndustrialCity/hard/P006/000312,OldIndustrialCity,OldIndustrialCity,hard,P006,312,32,train,15.8672,16184.0,0,0.8504,0.4762,0.4601,0.5801,5916516d2688a592d7a220a84369a69c59a4ce1edbdcf4c53cc08e31177a7a8a
OldIndustrialCity/hard/P006/000968,OldIndustrialCity,OldIndustrialCity,hard,P006,968,32,train,12296.0,16352.0,0,0.9255,0.3161,0.7763,0.2088,bf16fd52dd0083473a04aa09e08d45570091625d87300f8c7f8ca336d25f1113
OldIndustrialCity/hard/P007/000232,OldIndustrialCity,OldIndustrialCity,hard,P007,232,32,train,69.3125,16296.0,0,0.9379,0.466,0.5587,0.303,4790a5d7525b1d5d920e118d5babb110c3bdaec5d4cbb0715308c6f20720ab73
OldIndustrialCity/hard/P007/000726,OldIndustrialCity,OldIndustrialCity,hard,P007,726,32,train,12568.0,16320.0,0,0.9406,0.3571,0.6929,0.4395,afa00fc47065041d048fcb87823954f6f92f5db98f05fc0b0249765b052b3c41
OldIndustrialCity/hard/P008/000506,OldIndustrialCity,OldIndustrialCity,hard,P008,506,32,train,14.2578,14088.0,0,0.8975,0.6654,0.2695,0.1816,9ded808b781d86e03c6ca495ce89da181b17b88880947118786d4e2994d32708
OldIndustrialCity/hard/P008/001552,OldIndustrialCity,OldIndustrialCity,hard,P008,1552,32,train,16.1172,15888.0,0,0.9431,0.549,0.4781,0.4558,885ee9e3fe265e48dac44c9eb75f272fc189838869b62e58e4ba0609d90892a4
OldIndustrialCity/hard/P009/000140,OldIndustrialCity,OldIndustrialCity,hard,P009,140,32,train,12528.0,16360.0,0,0.9862,0.2721,0.6915,0.2315,dc88ee983030210283e12cabf455983a239f58dc1cc2ac1f9b65ec528580387c
OldIndustrialCity/hard/P009/000450,OldIndustrialCity,OldIndustrialCity,hard,P009,450,32,train,20.0781,16312.0,0,0.9768,0.1447,0.5743,0.2989,a787b1f9b9c1cfb264cb62f3f1753ead7373d0841af2c487f1c727bdf1ccb24e
OldScandinavia/easy/P000/000381,OldScandinavia,OldScandinavia,easy,P000,381,32,calibration,18.25,15584.0,0,0.9737,0.4741,0.0696,0.1031,69238a6a91914e7f6b51f573b91981f23f00da76a9f7fb78f9315e2d4b071c83
OldScandinavia/easy/P000/001174,OldScandinavia,OldScandinavia,easy,P000,1174,32,calibration,20.3438,16048.0,0,0.9279,0.5434,0.0152,0.0917,fb6c054b9b061b7a77b1fcf4f06cb3ca116ae5730430d3c89b4a7dc3b6c60fc5
OldScandinavia/easy/P001/000528,OldScandinavia,OldScandinavia,easy,P001,528,32,calibration,22.5625,16144.0,0,0.8875,0.6575,0.2049,0.1347,1b7b2415901d137b8eac642a12cfbd8b325200a2716c57f70bcad90f151e3dfd
OldScandinavia/easy/P001/001615,OldScandinavia,OldScandinavia,easy,P001,1615,32,calibration,25.6953,15152.0,0,0.9774,0.3141,0.049,0.1203,d0ffc7b69757e6aaeececbbe8357444a16a81bfb8a72a33dcb3e7432bd4039be
OldScandinavia/easy/P002/000705,OldScandinavia,OldScandinavia,easy,P002,705,32,calibration,16.1094,14832.0,0,0.9831,0.2691,0.2716,0.1821,b7e6c722ff69785bf456cede38fc009fe38f80d82acfdf1a20d3cf56f2ee5c12
OldScandinavia/easy/P002/002147,OldScandinavia,OldScandinavia,easy,P002,2147,32,calibration,22.9219,16224.0,0,0.9412,0.4308,0.092,0.2295,41135e829fc25df7c85b063b3dd4706b187c494e076503a5b35e3837d8337035
OldScandinavia/easy/P003/000664,OldScandinavia,OldScandinavia,easy,P003,664,32,calibration,34.25,16400.0,0,0.8968,0.4839,0.1737,0.2187,fd6d533c088caa857a36d59b5c4675e7baceea90aaa6dcb45b88da44e2d37c4c
OldScandinavia/easy/P003/002026,OldScandinavia,OldScandinavia,easy,P003,2026,32,calibration,4.4805,14192.0,0,0.9661,0.3426,0.0067,0.0952,bddb7ee828da728a670f528dcabfe03578aa0234676af29a525a6a851c45bd6d
OldScandinavia/easy/P004/000675,OldScandinavia,OldScandinavia,easy,P004,675,32,calibration,9.7109,15752.0,0,0.924,0.3372,0.1092,0.2654,3f8880e3e9a2d762b525fc47d6a9f00d26d9aec797e69e18cdd293af8344932e
OldScandinavia/easy/P004/002057,OldScandinavia,OldScandinavia,easy,P004,2057,32,calibration,10.7109,12456.0,0,0.9803,0.1669,0.0164,0.1946,4a5a63d075bb5e5af2f28ca033e6685ef2b01f992b6c3944d2f85f7d3bd2de5e
OldScandinavia/easy/P005/000716,OldScandinavia,OldScandinavia,easy,P005,716,32,calibration,38.0,15960.0,0,0.9735,0.4506,0.0445,0.4018,4ff534e3da3c00827772e23bb2fad6a33296d8451bc973f4b64506908415c518
OldScandinavia/easy/P005/002180,OldScandinavia,OldScandinavia,easy,P005,2180,32,calibration,18.8203,16384.0,0,0.8814,0.6537,0.1211,0.0866,b0501263a55c5fec19dad49292d2a1c6da96edd977d58c04b28cb444b3afab1e
OldScandinavia/easy/P006/000607,OldScandinavia,OldScandinavia,easy,P006,607,32,calibration,36.1875,15672.0,0,0.9738,0.4274,0.0294,0.2283,14740d972be559ba38bd17e26ace0566c5e77e548985673404f80b095a0d47af
OldScandinavia/easy/P006/001852,OldScandinavia,OldScandinavia,easy,P006,1852,32,calibration,21.1016,16032.0,0,0.8282,0.6042,0.3261,0.3692,f319f07f2c7301711da0ec778a98ad72e2f720f5561a04436bc16750ff016fde
OldScandinavia/hard/P000/000192,OldScandinavia,OldScandinavia,hard,P000,192,32,calibration,106.6875,16352.0,0,0.906,0.4287,0.0471,0.2887,c09cdfed9bb042562ea7031945742d81aeeaff233af4788b9e6c1980fe99d967
OldScandinavia/hard/P000/000608,OldScandinavia,OldScandinavia,hard,P000,608,32,calibration,40.1875,16296.0,0,0.8604,0.6239,0.1164,0.2606,c2024e9a632aa5fbcd75ec8f7e4ceae971f6fd0af7ba1538a38be849f86c6272
OldScandinavia/hard/P001/000294,OldScandinavia,OldScandinavia,hard,P001,294,32,calibration,7.3086,185.88,0,0.8773,0.3771,0.0488,0.1942,ccf9f8b00837c76b8a3b0331b7c890d3b29df751c760bc51c39f5ce73553e4d1
OldScandinavia/hard/P001/000913,OldScandinavia,OldScandinavia,hard,P001,913,32,calibration,27.3125,16280.0,0,0.936,0.4085,0.5946,0.4867,5a4f6c70e74102ece81706e761eb134416b0e9ee8abae8942e4ecdb17631d87f
OldScandinavia/hard/P002/000440,OldScandinavia,OldScandinavia,hard,P002,440,32,calibration,25.4844,16352.0,0,0.8977,0.3393,0.631,0.2619,dcb3502c1514a54a8b1f5629403338dbed28903ee47401bea69b32fc8c028d52
OldScandinavia/hard/P002/001350,OldScandinavia,OldScandinavia,hard,P002,1350,32,calibration,9.0078,16088.0,0,0.8744,0.4293,0.099,0.4255,6bad54a8fbdcfc616ea808e1b93c4bc177473512efe2ba3db0f8d63549e01fba
OldScandinavia/hard/P003/000357,OldScandinavia,OldScandinavia,hard,P003,357,32,calibration,11.4727,14696.0,0,0.9632,0.2762,0.6916,0.1679,cfe79b00cb6813580800de129badba50ded4b41ce92605a96dd4fd39258e8a51
OldScandinavia/hard/P003/001104,OldScandinavia,OldScandinavia,hard,P003,1104,32,calibration,6.166,15312.0,0,0.8807,0.4554,0.0687,0.495,cae0423c41d670943f956bb06298f4333389b14d981ceaa2e55e89c1ff55ee83
OldScandinavia/hard/P004/000404,OldScandinavia,OldScandinavia,hard,P004,404,32,calibration,73.0,16336.0,0,0.8475,0.3617,0.0327,0.5519,1c642872cee957d2c86038a900747873efe9326eaa1cad8300cff41ab824e06e
OldScandinavia/hard/P004/001243,OldScandinavia,OldScandinavia,hard,P004,1243,32,calibration,44.0,16280.0,0,0.9316,0.446,0.333,0.3127,1955473bdd596bd4b17848737353462c713761d2c32cc531f04204d649b95568
OldScandinavia/hard/P005/000425,OldScandinavia,OldScandinavia,hard,P005,425,32,calibration,22.8984,15608.0,0,0.9267,0.3069,0.0244,0.6846,b3b683746c791df6a1d486b89491e0760146432496e5111bb87a9a4cd8aad74b
OldScandinavia/hard/P005/001306,OldScandinavia,OldScandinavia,hard,P005,1306,32,calibration,3.1406,14416.0,0,0.9221,0.0869,0.5162,0.2926,8167fafd8ad4430fc031928350f770998212e5ed7afe069fbceda3e602ca9da1
OldScandinavia/hard/P006/000402,OldScandinavia,OldScandinavia,hard,P006,402,32,calibration,13024.0,16352.0,0,0.9405,0.3083,0.1227,0.3457,b83980c23acc4e69ff053c8eb4a4725fed3069f202f448e41e4fad91d390b621
OldScandinavia/hard/P006/001240,OldScandinavia,OldScandinavia,hard,P006,1240,32,calibration,21.9688,14984.0,0,0.9195,0.4468,0.1475,0.1229,048c98184094dc1eccffbeecd4a1198ae0e6fcee0630d48e86d7cea80fae9da0
OldTownFall/easy/P000/000143,OldTownFall,OldTown,easy,P000,143,32,train,9.2812,47.91,1288,0.9698,0.2947,0.3179,0.2632,d6892935ce167fe5a90fa10b8183bc222add2a7dd489385ec8fd246b1ee6fae5
OldTownFall/easy/P000/000461,OldTownFall,OldTown,easy,P000,461,32,train,3.7305,44.03,586,0.9834,0.2377,0.6745,0.1594,563b0f76bae59ace99cc7b2219cd8c17726588359d7bc4b510aad062f1ad64b9
OldTownFall/easy/P001/000249,OldTownFall,OldTown,easy,P001,249,32,train,5.0703,46.02,122,0.9598,0.4172,0.0405,0.1701,4088083d77dbbb3d9c6207052adb0317878146a5736e9cab79d4dfee57ee96ce
OldTownFall/easy/P001/000779,OldTownFall,OldTown,easy,P001,779,32,train,8.625,44.56,458,0.9556,0.5233,0.3072,0.2174,0a8ceb722aa27cc65f19e2ad901aeb393c959b24195391ed88d6b2dcff6ff9cf
OldTownFall/easy/P002/000130,OldTownFall,OldTown,easy,P002,130,32,train,11.5781,61.7,2708,0.9388,0.656,0.3544,0.1545,59db67a709acfa8559dc011df19c16de0f5147b8cb2e3606b99d271aa822b699
OldTownFall/easy/P002/000424,OldTownFall,OldTown,easy,P002,424,32,train,13.6016,42.16,5814,0.9578,0.5814,0.3827,0.1657,4e20c7c11b8fbb364a24ebdd793c96131fd818ed93009512d8e0fa2df0d77d8b
OldTownFall/hard/P000/000076,OldTownFall,OldTown,hard,P000,76,32,train,13.0547,40.44,10383,0.8975,0.4684,0.4115,0.2918,d1d91f9fd6d0ff341ef59ef700e99902bf2df8ced30bc043dcd847fb52b65f95
OldTownFall/hard/P000/000258,OldTownFall,OldTown,hard,P000,258,32,train,3.25,48.38,6086,0.9481,0.1758,0.3616,0.241,dfe0cea38caeefe5d06666a6336a0348ae75a3d7c091133687380ef21445a5a8
OldTownFall/hard/P001/000144,OldTownFall,OldTown,hard,P001,144,32,train,11.5,37.22,2894,0.915,0.4792,0.3078,0.4563,1a38d175f87c1c9aaba6364d24f8b82bc1f4c6ad47464e23398b8cd0e2c401b6
OldTownFall/hard/P001/000462,OldTownFall,OldTown,hard,P001,462,32,train,3.5449,35.44,4,0.888,0.3985,0.3677,0.325,aa49837994129a9c8c1a935f6257d9405d4a994dab57b32913d2002cfa96b92f
OldTownFall/hard/P002/000085,OldTownFall,OldTown,hard,P002,85,32,train,12.7891,58.39,4370,0.9327,0.5029,0.3272,0.2136,4d22f545d634d5110642b605955e1ae87e85b018e3992a3fece7ff9a7658bee5
OldTownFall/hard/P002/000288,OldTownFall,OldTown,hard,P002,288,32,train,6.1641,40.44,0,0.9481,0.3282,0.2015,0.2556,7ebcf1fa82b13e8e0eff7aea232f556a898b765814b58411e07a05999b9ca1b2
OldTownNight/easy/P000/000182,OldTownNight,OldTown,easy,P000,182,32,train,4.3477,14.15,0,0.9853,0.1357,0.0299,0.2576,c50a0999dad9ca30453c03eea5cb779cd0df3d0642af1a9011c7aa38475b60f8
OldTownNight/easy/P000/000578,OldTownNight,OldTown,easy,P000,578,32,train,127.6875,203.62,0,0.9671,0.3331,0.369,0.3948,972d194315521bad5fa09f62b30a58c8b381ee45840ecc09313094716d8148d2
OldTownNight/easy/P001/000207,OldTownNight,OldTown,easy,P001,207,32,train,18.625,236.12,0,0.9727,0.5804,0.2771,0.0849,08537e2e630c0282c9f31c784bbdd99a07dea6192f09046e40134d70287c858c
OldTownNight/easy/P001/000652,OldTownNight,OldTown,easy,P001,652,32,train,6.4453,129.25,0,0.9848,0.1334,0.0347,0.0847,dcd7a11f5bcbbdc1ebf9f396aebfd08311cf5ba619df9d20eab816b147392802
OldTownNight/easy/P002/000302,OldTownNight,OldTown,easy,P002,302,32,train,9.043,122.94,0,0.9562,0.5628,0.1617,0.1317,1dce1cffdb50813ff1c70d8294d9281f43cab6e8f29f381d7f66c8b0dfdee3dd
OldTownNight/easy/P002/000940,OldTownNight,OldTown,easy,P002,940,32,train,17.8594,95.38,0,0.9919,0.2019,0.254,0.135,788a9525e6668092fd4a5ff2c84bb16ea243701583ccd9e5bb31d8feea599aaa
OldTownNight/hard/P000/000102,OldTownNight,OldTown,hard,P000,102,32,train,7.332,136.5,0,0.9263,0.485,0.1423,0.3305,bf2010b36307489f703e3c2437e9add72ffabbedb06c5ac7df01debaa9311e28
OldTownNight/hard/P000/000340,OldTownNight,OldTown,hard,P000,340,32,train,9.4648,128.25,0,0.8752,0.6116,0.1475,0.4116,24c84b3de665e35d37a96e0d5f8a51ecd76a5856e1a3850f895b9ae2710df036
OldTownNight/hard/P001/000113,OldTownNight,OldTown,hard,P001,113,32,train,3.7617,23.62,0,0.915,0.0946,0.0945,0.3094,cef8ba6f420a466bef1f2d90c1a3b95aead280780f6da79ecd9c462f3ac8698e
OldTownNight/hard/P001/000371,OldTownNight,OldTown,hard,P001,371,32,train,70.9375,118.94,0,0.9252,0.4054,0.2414,0.1515,bed572c16ec0fa6feaa2ce714d3aa873ec8791d36b15052cc495243aec705bcc
OldTownNight/hard/P002/000166,OldTownNight,OldTown,hard,P002,166,32,train,4.3828,116.19,0,0.9197,0.3649,0.1102,0.3136,da4a27eb8c2ef9afe61e6cdd9d8d295faf9bbb47e496d4b6ae7eff9bb4663cf7
OldTownNight/hard/P002/000530,OldTownNight,OldTown,hard,P002,530,32,train,11.1719,190.62,0,0.9566,0.2516,0.1298,0.2718,3b7192c6b5f6888bd332d7079501a6ffd2661c37be7f6de318a540821fde8064
OldTownSummer/easy/P000/000296,OldTownSummer,OldTown,easy,P000,296,32,train,4.25,26.39,0,0.9927,0.2065,0.0995,0.1442,22daed019ea1cf3ef7b7ede84a4dec7e68cb86b2d444e63da3307e70cffdb4c2
OldTownSummer/easy/P000/000919,OldTownSummer,OldTown,easy,P000,919,32,train,6.9219,40.75,918,0.8941,0.4918,0.3524,0.2497,fbce3d5136b19d716f74ba04430c271afaf223ecbe34de016aba8eea466328a0
OldTownSummer/easy/P001/000123,OldTownSummer,OldTown,easy,P001,123,32,train,12.1953,31.15,5040,0.9571,0.4821,0.3365,0.2753,93b4eb39c298a28303fe11b28459c27093ed1fbb1cc3557d27aa58b91ed5b818
OldTownSummer/easy/P001/000400,OldTownSummer,OldTown,easy,P001,400,32,train,3.375,26.8,0,0.9672,0.2433,0.0682,0.2534,f1e7db1ecb154eeabc5d16271e35e757ea2b53b894bf0e625656caeef466a102
OldTownSummer/easy/P002/000289,OldTownSummer,OldTown,easy,P002,289,32,train,9.9844,59.97,2571,0.9675,0.2961,0.1882,0.4414,ef38707dc42b8d0f5ddcd1b2e235be02309d118f634b667aabcb16115f07a103
OldTownSummer/easy/P002/000900,OldTownSummer,OldTown,easy,P002,900,32,train,12.2969,56.47,4278,0.9462,0.5338,0.4071,0.395,03d734da73d1e829a831e9d32da776f3692225ecb7e0affcbcb0362afcae079c
OldTownSummer/hard/P000/000148,OldTownSummer,OldTown,hard,P000,148,32,train,8.1328,25.89,327,0.9449,0.4734,0.0813,0.1122,cec602ed0654d2dbeda33e95f5714646461e6842990c51a9733cb40c0ba3c268
OldTownSummer/hard/P000/000477,OldTownSummer,OldTown,hard,P000,477,32,train,5.7148,38.16,2878,0.8477,0.5307,0.1942,0.2695,072525c1646a9db9d94d88675bc8e1fd1f3dcbe9f565b89824c9a735498581d7
OldTownSummer/hard/P001/000073,OldTownSummer,OldTown,hard,P001,73,32,train,11.6328,23.06,2083,0.9183,0.4993,0.1721,0.3534,650abd9196dbbf9f448c697953d5e29ad12ef0904ac364b1ea08d486fbd59ad0
OldTownSummer/hard/P001/000250,OldTownSummer,OldTown,hard,P001,250,32,train,4.4883,48.44,4,0.9174,0.2566,0.2364,0.3083,7477a35f80dd805f6daf05d8f49ab17ba9ea27a5241e76aa359d99aee3ee24b1
OldTownSummer/hard/P002/000191,OldTownSummer,OldTown,hard,P002,191,32,train,12.5391,53.5,3924,0.9384,0.53,0.3945,0.272,015c5ef0daab1bb35d2cd4a55ab028df54754ce8c062615db59aa6ac5930620a
OldTownSummer/hard/P002/000604,OldTownSummer,OldTown,hard,P002,604,32,train,12.5234,40.62,1724,0.9366,0.2967,0.303,0.2594,843f21eb1ec4043ccdd2fef76bacaab6a56cd064aef4b486492e3a40c48c6c90
OldTownWinter/easy/P000/000276,OldTownWinter,OldTown,easy,P000,276,32,train,7.3652,42.31,0,0.9771,0.349,0.397,0.1853,a355cdbe3538e6b4b604524f336ec1e3a8848de55614fb9ee15d3b1977a41e69
OldTownWinter/easy/P000/000859,OldTownWinter,OldTown,easy,P000,859,32,train,12.4922,63.97,2872,0.9909,0.2093,0.4186,0.1365,0bd96b6e8dbc40eedef67a632c52c6ab86051ca793fd698dcbb92649e068fad4
OldTownWinter/easy/P001/000329,OldTownWinter,OldTown,easy,P001,329,32,train,3.5859,9.95,0,0.9851,0.1023,0.4249,0.1289,b06b0cc5ca2fe2a5a87d9c51690a696d3a517584019236b4703abf255f04b07c
OldTownWinter/easy/P001/001019,OldTownWinter,OldTown,easy,P001,1019,32,train,5.3086,49.31,10,0.9837,0.3104,0.4081,0.1626,6e446db3db1b0ade8633ae36088c3ebbd98fc7d8ad4d9a150bb4f94481770814
OldTownWinter/easy/P002/000144,OldTownWinter,OldTown,easy,P002,144,32,train,9.1797,24.56,123,0.9841,0.1624,0.3488,0.1212,ae2ae4bd82d248b82a91604caf7452024fb72330811fbaf59b0182a2507f0729
OldTownWinter/easy/P002/000465,OldTownWinter,OldTown,easy,P002,465,32,train,9.4766,40.75,130,0.9285,0.5488,0.3569,0.2576,53fa6701f3d2081d9c2adde0467c5431574cdba1a46afb143a4dc8b27da1eb53
OldTownWinter/hard/P000/000168,OldTownWinter,OldTown,hard,P000,168,32,train,5.7793,48.5,0,0.918,0.2889,0.3387,0.2908,3c403c2ab789307de19c44b9064e8cf5469966c7f282a039e9c25eab36e4eda1
OldTownWinter/hard/P000/000538,OldTownWinter,OldTown,hard,P000,538,32,train,9.7578,62.56,425,0.9646,0.196,0.3723,0.3772,66cde08f1d5c5c033aa1f57d301b911221932a5c9bfbc64352a3eda647fa7161
OldTownWinter/hard/P001/000226,OldTownWinter,OldTown,hard,P001,226,32,train,12.043,64.19,5374,0.9188,0.4969,0.5042,0.179,5f784234417d595305e3c06ccab5a4bb881f817f1d942a8357ed79836bc11004
OldTownWinter/hard/P001/000709,OldTownWinter,OldTown,hard,P001,709,32,train,14.3359,26.89,5835,0.9788,0.1478,0.1916,0.2354,db6b1cc0a0f4e4344c1878fadabbc750c593c6fbfddc4eae175f7adff83eaf4c
OldTownWinter/hard/P002/000111,OldTownWinter,OldTown,hard,P002,111,32,train,4.168,25.75,10,0.9403,0.1084,0.5828,0.188,17ac62f98aa906be6b08b237296e9c93e8a421b7901a0e8633c4cb4443e668c1
OldTownWinter/hard/P002/000366,OldTownWinter,OldTown,hard,P002,366,32,train,18.7344,48.39,12765,0.9056,0.3958,0.5892,0.2819,22181b28b6f15ff9e34d782bf4cfdb3285b1b3b1eac647e5459b533ed59c44aa
PolarSciFi/easy/P000/000225,PolarSciFi,PolarSciFi,easy,P000,225,32,train,11.9258,16352.0,0,0.9156,0.2844,0.5822,0.3133,5eb8209347674aa8ea892a512f6e1a616db9283e9efdd7e0d760247b18f8d3b4
PolarSciFi/easy/P000/000707,PolarSciFi,PolarSciFi,easy,P000,707,32,train,12236.0,16360.0,0,0.9914,0.1488,0.783,0.0992,b92052914e4a291325504974cba242a84a926dd598498335160fc7454dd2d3b9
PolarSciFi/easy/P001/000177,PolarSciFi,PolarSciFi,easy,P001,177,32,train,3.3789,15192.0,0,0.986,0.3361,0.0802,0.1806,122dc04fc8f7ee92d88c5b09dfcd50b5dcb37df0d50ab4ed17554d5548098523
PolarSciFi/easy/P001/000564,PolarSciFi,PolarSciFi,easy,P001,564,32,train,5.1836,15104.0,0,0.9723,0.4768,0.1289,0.0883,92032af46f0e87e90b7327f30db4d8489cbfbdb9c409e1cb7f282140183b48d7
PolarSciFi/easy/P002/000133,PolarSciFi,PolarSciFi,easy,P002,133,32,train,14.1484,16368.0,0,0.9849,0.1018,0.7245,0.3255,6cfcb63fdeda02e010c933441075b4185ad5ea9a7d7abaedeb882a39b065e271
PolarSciFi/easy/P002/000430,PolarSciFi,PolarSciFi,easy,P002,430,32,train,12224.0,16376.0,0,0.9833,0.1937,0.7373,0.0755,4daab36344698c047b24351954ee05f8785a4fb16e8e8e7c0e2b4b0648655ea1
PolarSciFi/easy/P003/000096,PolarSciFi,PolarSciFi,easy,P003,96,32,train,0.9277,6.68,0,0.9528,0.1933,0.2943,0.1107,e1cac949b6b2a177f679dc8d2cafb495f7a9a99648cf1d37313c9fe12f3e7ffd
PolarSciFi/easy/P003/000321,PolarSciFi,PolarSciFi,easy,P003,321,32,train,11.9141,16048.0,0,0.9954,0.2176,0.7024,0.2003,9556d2bbdabb293b1d5d61b5b37be45b0532306edf81b196d3e4b8a9ddd0682c
PolarSciFi/easy/P004/000117,PolarSciFi,PolarSciFi,easy,P004,117,32,train,6.0762,14032.0,0,0.9749,0.2756,0.0811,0.1549,a962d84389834842d1fd5c0ca0afd70a729e7befcd2757c293f0f311ce6083ee
PolarSciFi/easy/P004/000383,PolarSciFi,PolarSciFi,easy,P004,383,32,train,3.5762,13632.0,0,0.9873,0.3719,0.0817,0.0792,9ca4cf8f770f8e3b5b46ad3669c754aa7d1abb79aad610627b313cc6a117e219
PolarSciFi/easy/P005/000206,PolarSciFi,PolarSciFi,easy,P005,206,32,train,5.3047,12.36,0,0.9864,0.3181,0.061,0.1959,7409be9149255e7b15302c0a9ea0a74d5ce62403921f7a188a394f3581766659
PolarSciFi/easy/P005/000651,PolarSciFi,PolarSciFi,easy,P005,651,32,train,6.668,16400.0,0,0.9837,0.1026,0.7606,0.1659,30c9fa607d933cfd819b4044fdb7d7285bd3e414022cb92f3b42d0880ce4a9cb
PolarSciFi/easy/P006/000226,PolarSciFi,PolarSciFi,easy,P006,226,32,train,5.8281,14088.0,0,0.9974,0.3026,0.5817,0.0845,c89cf434cdb213e8f89d5d55dbbf6824e00bc0f34df9fff06b55e3e04b90ceca
PolarSciFi/easy/P006/000710,PolarSciFi,PolarSciFi,easy,P006,710,32,train,2.7812,17.42,0,0.9915,0.056,0.6516,0.0762,b34f0cfe09d1b200a9ed4255eae4b5a33ea77ac117fb1f660f3e52096ef91db0
PolarSciFi/easy/P007/000221,PolarSciFi,PolarSciFi,easy,P007,221,32,train,12784.0,16368.0,0,0.995,0.2159,0.7603,0.1153,bf64448d27e14b28f66922d19294abddce9012d2f89f98dbac4d5189203369cf
PolarSciFi/easy/P007/000695,PolarSciFi,PolarSciFi,easy,P007,695,32,train,2.291,19.02,0,0.974,0.276,0.6195,0.144,7cab767682fd5249ecf8a92e8b774083c4727b2e32d1936b99472196b9b3b37e
PolarSciFi/easy/P008/000175,PolarSciFi,PolarSciFi,easy,P008,175,32,train,12944.0,16384.0,0,0.9966,0.1983,0.8354,0.2017,58b7a05cf02316d29808c1cb52b1725225869535f96fab75788e0e06cabd9187
PolarSciFi/easy/P008/000556,PolarSciFi,PolarSciFi,easy,P008,556,32,train,7.6484,16304.0,0,0.9484,0.3172,0.6277,0.33,840af65492ccc14d7c4ae51e32bde8c59d57b0b1e64c6c016aef9572cd9c80f7
PolarSciFi/hard/P000/000130,PolarSciFi,PolarSciFi,hard,P000,130,32,train,2.5352,12568.0,0,0.9278,0.3129,0.3334,0.2811,010d822b2e12a7797d665920d6b1eede7e17042850a0aa57690f5466cbdddfe8
PolarSciFi/hard/P000/000421,PolarSciFi,PolarSciFi,hard,P000,421,32,train,13.3555,16352.0,0,0.9259,0.1973,0.532,0.1984,6151731d10cf96877520cd8e515083513234b0e0e36f220287c83b442cd73725
PolarSciFi/hard/P001/000085,PolarSciFi,PolarSciFi,hard,P001,85,32,train,4.5508,18.58,0,0.955,0.3352,0.1072,0.3823,fd086d041a155c2164a9fe1162d21e94c98e96f8b58240db2bb8f67093b22309
PolarSciFi/hard/P001/000288,PolarSciFi,PolarSciFi,hard,P001,288,32,train,3.6836,14984.0,0,0.9201,0.3498,0.1273,0.2136,bb310b1e8b9b1f40f8c6717b301b6cb9ee725e0c679b4698d2d59ab97ef4cb5e
PolarSciFi/hard/P002/000079,PolarSciFi,PolarSciFi,hard,P002,79,32,train,10.3203,15744.0,0,0.9762,0.0931,0.5862,0.3812,71be4e5665d28c79856b41b39de7367fa6f782188901a037eb41b1406a47e99c
PolarSciFi/hard/P002/000268,PolarSciFi,PolarSciFi,hard,P002,268,32,train,1.5225,14856.0,0,0.85,0.1981,0.5792,0.1654,b88b86f19fd53418135a3adadfcf604e89974e845a9e564f9dfd61aead41dc01
PolarSciFi/hard/P003/000052,PolarSciFi,PolarSciFi,hard,P003,52,32,train,3.2578,14184.0,0,0.87,0.3676,0.1453,0.3622,452c9f4d9cd30d1833bb05577e927b634e73d4a563f8e5bf1d79abbfaf1c02b9
PolarSciFi/hard/P003/000188,PolarSciFi,PolarSciFi,hard,P003,188,32,train,4.9141,13184.0,0,0.9806,0.1134,0.4566,0.5167,4129256ff55de03a4173dd378947739b452333c2ea4b7e1cdb8c4109533cfb3f
PolarSciFi/hard/P004/000048,PolarSciFi,PolarSciFi,hard,P004,48,32,train,2.5908,15920.0,0,0.9252,0.3701,0.1268,0.1394,a29c6ec20414ec65af4aad2c87d0fdea8bfa07760fbb13c34fa3172e3caaea7d
PolarSciFi/hard/P004/000177,PolarSciFi,PolarSciFi,hard,P004,177,32,train,2.6699,16352.0,0,0.9033,0.2807,0.3298,0.285,06dc5958a353d5c6f50f020077a1134ec292ff847bebe931eddbb13b39b912f4
PolarSciFi/hard/P005/000119,PolarSciFi,PolarSciFi,hard,P005,119,32,train,4.2676,13136.0,0,0.9508,0.2475,0.0795,0.3568,774dbbffb57c0ab37783f804ea648bd83a277733cadd10afad053e25ad3eab47
PolarSciFi/hard/P005/000390,PolarSciFi,PolarSciFi,hard,P005,390,32,train,2.0264,13224.0,0,0.8808,0.052,0.5226,0.2432,bfc7e5b8f5c0df0e2209d10e2fd835d4b1a8ced1628a26110bdeaab9e53512ad
PolarSciFi/hard/P006/000118,PolarSciFi,PolarSciFi,hard,P006,118,32,train,12496.0,16352.0,0,0.945,0.125,0.7923,0.5268,c3ed2a0798d15dabcf96c3f5978ff544423f0406474ac7900a75b9d0f743847e
PolarSciFi/hard/P006/000388,PolarSciFi,PolarSciFi,hard,P006,388,32,train,6.2539,15752.0,0,0.9673,0.2633,0.5972,0.4004,4680e834e14a93bbd20e64f11383c45c767347bc9e685ac7855824128437ce71
PolarSciFi/hard/P007/000142,PolarSciFi,PolarSciFi,hard,P007,142,32,train,4.0625,16352.0,0,0.9488,0.4305,0.1591,0.4019,d29783df9921cf41de16580c185f8a76294b96409388fbd86143272fb42b3735
PolarSciFi/hard/P007/000457,PolarSciFi,PolarSciFi,hard,P007,457,32,train,3.0801,16208.0,0,0.9116,0.3883,0.0968,0.2978,da5957435a04d1692191528721fadf3e95ae9837726ceb03977c1704caf6d499
PolarSciFi/hard/P008/000078,PolarSciFi,PolarSciFi,hard,P008,78,32,train,12640.0,16368.0,0,0.9802,0.1659,0.7671,0.4541,843b34ef8e8cd78fb55cdf233b89b3ae33f7b1a8e236223489e52f8e4b1ed3c0
PolarSciFi/hard/P008/000266,PolarSciFi,PolarSciFi,hard,P008,266,32,train,9.7578,16368.0,0,0.8803,0.2566,0.5218,0.5761,4eacddaf1b1992b184fee1573623639f2931caaea62467928215edd7119fb2ef
Prison/easy/P000/000211,Prison,Prison,easy,P000,211,32,train,110.75,152.88,0,0.9087,0.5545,0.7681,0.2272,e85411257775c8c538d43ad4dbb685af7ccc6499e7cee965ecae7821b0228798
Prison/easy/P000/000664,Prison,Prison,easy,P000,664,32,train,3.1641,72.81,0,0.8488,0.6092,0.3303,0.238,22c4a08519773609f2d402f260f18977906198e77b2d4a5787afaba5b8feddbe
Prison/easy/P001/000339,Prison,Prison,easy,P001,339,32,train,5.043,98.75,0,0.9903,0.1119,0.6525,0.2812,29a27d88b3ab0cfa0f49786133c484f1cc589aa218cc944975a3255d8cb9563d
Prison/easy/P001/001048,Prison,Prison,easy,P001,1048,32,train,4.3086,42.81,0,0.9949,0.2813,0.5406,0.0416,392372340a1ff849844fe79b6dad320fd929346bfdada768f4deb364d0c4bb2f
Prison/easy/P002/000354,Prison,Prison,easy,P002,354,32,train,91.625,117.88,0,0.9692,0.3657,0.7479,0.2337,179146023ea1774bbe7012226b63fc3d8c519e32b168861e4852efd9341cddc8
Prison/easy/P002/001093,Prison,Prison,easy,P002,1093,32,train,20.0469,117.5,0,0.9561,0.5677,0.621,0.1602,20c25e70b059bd86780cfd2c161be2c490b9cbe88c669afb9425321b258b40ec
Prison/easy/P003/000190,Prison,Prison,easy,P003,190,32,train,16.8438,121.5,0,0.9561,0.4083,0.6149,0.189,df0b9204e545316d3225bb1f75b74dee6bd02dfeefa54338384ae914a8b867fe
Prison/easy/P003/000602,Prison,Prison,easy,P003,602,32,train,7.0547,95.81,0,0.8678,0.636,0.4674,0.1486,66374c6eeb428b69efa95b42227b9d2cd4f9ade48da6f6b3e3b104b8a7c80daf
Prison/easy/P004/000288,Prison,Prison,easy,P004,288,32,train,2.1172,137.0,0,0.8549,0.3688,0.4063,0.2632,0c401df4edac4ffca79af077946b3a808d054aec1d0ab2fd46d8f92325d0681e
Prison/easy/P004/000895,Prison,Prison,easy,P004,895,32,train,78.1875,132.75,0,0.9841,0.3025,0.6974,0.2998,70c42616c6cc72e7f2d3c7d338879bb8dcdc516942e444ea42514aa288ffe912
Prison/easy/P005/000288,Prison,Prison,easy,P005,288,32,train,1.3662,108.12,0,0.9616,0.0893,0.1558,0.0895,c384acaed04035582c8bf6e25eca00c34e3a406ff579e34bd3ccc36391f7099b
Prison/easy/P005/000897,Prison,Prison,easy,P005,897,32,train,2.0312,10.77,0,0.8629,0.5425,0.1721,0.1683,807f6b1cde6441e1cd6f232033f8318793706edfe7ad61b2b9db296af47259b7
Prison/easy/P006/000664,Prison,Prison,easy,P006,664,32,train,16.6641,104.56,0,0.8729,0.6755,0.5147,0.3931,70068a93bf0e23bfd8d0669c91a5095f15f8faa9d2db299d3d65613bc97662f1
Prison/easy/P006/002023,Prison,Prison,easy,P006,2023,32,train,36.5625,123.5,0,0.9606,0.507,0.7109,0.2286,bbc6a94e0aa18bfaa496919ac8c6bf541a91a559993aaf54e82205dd658a43fe
Prison/easy/P007/000182,Prison,Prison,easy,P007,182,32,train,12.3906,176.38,0,0.9332,0.199,0.742,0.2275,113aa2544066b646046f00a9c25431684db1cc3c4ec938a07eb61a55bc624149
Prison/easy/P007/000578,Prison,Prison,easy,P007,578,32,train,3.1289,148.62,0,0.7783,0.6948,0.4925,0.2305,4333191a6412e20d5bc52dbc5355e2bab5c7bb45a48e96163b0d12fe6cd20baa
Prison/easy/P008/000216,Prison,Prison,easy,P008,216,32,train,9.1172,108.5,0,0.9199,0.4409,0.5833,0.294,513e9a9c2a3810148717194c6c5aaaa22832554b36fcb4dc513228330252f436
Prison/easy/P008/000680,Prison,Prison,easy,P008,680,32,train,8.4062,107.31,0,0.9799,0.3018,0.5463,0.1534,0902ea4018d01aa97b1cd830a3d174adbb70aba14450baa31666ea50fbe222a6
Prison/easy/P009/000374,Prison,Prison,easy,P009,374,32,train,5.8906,161.62,0,0.8392,0.6592,0.4974,0.2638,390878328a63106727c00a983fb3dd2ab304ad11ae7a697e4dd8323ad5dd7df0
Prison/easy/P009/001153,Prison,Prison,easy,P009,1153,32,train,13.5977,172.88,0,0.958,0.2753,0.595,0.24,eb1f7254c67dc405013c892b6a9a2bfa945548a2826f1795541e918c69c81282
Prison/easy/P010/000418,Prison,Prison,easy,P010,418,32,train,3.3027,152.25,0,0.8315,0.6201,0.4174,0.1322,0dd6b2107dce4fea6d4c6ec6aeee47868c45cc99a099d67a39ff4c7ee2e1c4f0
Prison/easy/P010/001287,Prison,Prison,easy,P010,1287,32,train,16.4375,190.38,0,0.9566,0.6328,0.5848,0.0965,202b44bd72c5bcb32fcdc30a66cf92872dc2c3ae2a211822d4623318c3d848c8
Prison/easy/P011/000235,Prison,Prison,easy,P011,235,32,train,31.375,144.88,0,0.8511,0.6355,0.5973,0.2455,da5224e78efd003dab3899fa2fcac7e6ca730d36d66271c700d361d09592c32e
Prison/easy/P011/000736,Prison,Prison,easy,P011,736,32,train,111.75,162.12,0,0.9718,0.3708,0.8955,0.1631,1e09ab11645528b6a43555d1f373b6fc80c9f81396988af08053f395c8a3f1cd
Prison/hard/P000/000128,Prison,Prison,hard,P000,128,32,train,2.5664,140.25,0,0.7734,0.4473,0.3455,0.2948,306da3d00abe9bfb2a13f275d71cac6a7733f1335f8691ed041ee7af7b657c4c
Prison/hard/P000/000414,Prison,Prison,hard,P000,414,32,train,4.5605,88.25,0,0.9397,0.1755,0.2411,0.2028,22552572be5ef19507bb0abe6fc688e64f04d14c4fe8a6d02d4349c88a882d67
Prison/hard/P001/000206,Prison,Prison,hard,P001,206,32,train,6.7305,112.31,0,0.9583,0.133,0.6164,0.1541,9e6df8df06ed598fea5ae474d7c60dbd172f746fd2d5ae81c04d4bfa07fc8bce
Prison/hard/P001/000648,Prison,Prison,hard,P001,648,32,train,8.0312,121.94,0,0.9342,0.4075,0.5318,0.2952,7ab250b3a72e48f84cc8ce0f9586387fdb6c5993da5498fcda38d791a8edcc57
Prison/hard/P002/000202,Prison,Prison,hard,P002,202,32,train,11.8594,152.25,0,0.9439,0.3975,0.6599,0.5975,6884a489fe65634d05227c8bd93cbddc3cd159a1ae8b3b801d06270e67f82b77
Prison/hard/P002/000638,Prison,Prison,hard,P002,638,32,train,87.25,127.44,0,0.9469,0.3066,0.7861,0.5762,0cd2290c39524813f5c1c192304bdc6e14c8440d555078b7ba1e9cf85689044a
Prison/hard/P003/000104,Prison,Prison,hard,P003,104,32,train,2.582,152.38,0,0.7754,0.558,0.2766,0.325,32f6b334297ba716af99edf2d8dcd5f9f29ba5febaaf9fb4402bb1f3589b5355
Prison/hard/P003/000345,Prison,Prison,hard,P003,345,32,train,117.9375,161.12,0,0.9708,0.2613,0.8019,0.3238,4837d726c8170e0b2d155d0b53eb681a3eb6dfd877d307643d8619d4580c2440
Prison/hard/P004/000184,Prison,Prison,hard,P004,184,32,train,1.9717,131.0,0,0.8954,0.352,0.3242,0.2521,6be96202d3a6b5b2549dea71b8b1ff8d2fdf19e60e0301b3fcdf805113079e79
Prison/hard/P004/000584,Prison,Prison,hard,P004,584,32,train,1.8301,9.55,0,0.9241,0.3297,0.4219,0.3055,c1ebe9cb32292c1a1b6f3e8917cc176d19f3a8e1970218014450ff73580b4782
Prison/hard/P005/000152,Prison,Prison,hard,P005,152,32,train,6.3008,120.81,0,0.8776,0.5716,0.1927,0.1697,535110f0c3b079ddd441e7517b9512d4504f92b24c97b18e6d2a517413419e9a
Prison/hard/P005/000488,Prison,Prison,hard,P005,488,32,train,4.8359,107.0,0,0.9092,0.4138,0.1537,0.2698,680a6b70ef7dc79eb1d480482ca1dad2e24e4c053b75d507423eebaf1129fd38
Prison/hard/P006/000422,Prison,Prison,hard,P006,422,32,train,83.4375,128.25,0,0.904,0.5113,0.71,0.2263,ca1786fcaa2fbf8fe90fdcbcac8bde0b1f71c3d0e8b1275423ebc0723682db1b
Prison/hard/P006/001296,Prison,Prison,hard,P006,1296,32,train,1.6426,35.69,0,0.7932,0.3598,0.2504,0.4717,7c2cbff082eb163e5aa99b525b1dd1b269531a096420f2d63be717a13e661cbd
Prison/hard/P007/000112,Prison,Prison,hard,P007,112,32,train,2.9062,135.62,0,0.8867,0.2174,0.6549,0.182,640421a0d687299f92551efc9473498177a9a01d29f52af30e35e776dfda506f
Prison/hard/P007/000368,Prison,Prison,hard,P007,368,32,train,2.0723,106.88,0,0.9495,0.2857,0.4054,0.1502,158a7e3d2c1486cf0df268614d5e193ac187655433128b26fc3db75f1e0e3492
Prison/hard/P008/000129,Prison,Prison,hard,P008,129,32,train,12.5508,171.62,0,0.9236,0.3771,0.7437,0.3926,d9e864f4f64158e830d16f9d39ba813c676157b1eb14013db5e982f4bc0e6586
Prison/hard/P008/000418,Prison,Prison,hard,P008,418,32,train,7.4277,145.12,0,0.8504,0.5632,0.511,0.4351,89f1f0b2311c728bdb1122ec13f0e24ac10450fc7a0d2c26e8c51f63015862c8
Prison/hard/P009/000244,Prison,Prison,hard,P009,244,32,train,5.2227,147.62,0,0.9385,0.3428,0.403,0.5244,2eea5b477be202e0b8e9e778bc33545c99e903cc4f85dd8b96221213619cce47
Prison/hard/P009/000762,Prison,Prison,hard,P009,762,32,train,6.8438,180.88,0,0.8381,0.5882,0.4898,0.2653,11fd264358db3372346fc924cbd291a793a33e7228a271c1726904118e5ce508
Prison/hard/P010/000225,Prison,Prison,hard,P010,225,32,train,98.1875,136.12,0,0.878,0.4154,0.7798,0.272,8e0ad925b9a954662d9381f392d3a1374a751b75430575c9b3c87bbe6093d1aa
Prison/hard/P010/000708,Prison,Prison,hard,P010,708,32,train,6.4766,44.03,0,0.9374,0.2805,0.4295,0.259,0f78e4a89dca902ad6771b0d6e328471fb6d9aad7abe75a0a486db892589e380
Prison/hard/P011/000129,Prison,Prison,hard,P011,129,32,train,17.7188,193.88,0,0.8344,0.701,0.5857,0.5343,ecd5fcd3d081c168be2dd469700cf95ba1dbd926869cb2cff32b021f1a1ba578
Prison/hard/P011/000419,Prison,Prison,hard,P011,419,32,train,7.1094,161.12,0,0.8904,0.7341,0.6065,0.37,43ff71ef872c9479f662a9d0c51ce42842fccfb58fa015f035ccac2259d41f31
Restaurant/easy/P000/000067,Restaurant,Restaurant,easy,P000,67,32,train,4.6367,42.5,0,0.9657,0.6032,0.2586,0.1002,aba1ce91b0f36845accfef0e75b0288da3cb2419dd36a9a8fdf801fc3a14ead7
Restaurant/easy/P000/000234,Restaurant,Restaurant,easy,P000,234,32,train,2.9434,34.09,0,0.9337,0.3778,0.3364,0.117,14217ed2f36575716f70811808a4c18ab68091db541e96a71444d1028d4a23a3
Restaurant/easy/P001/000107,Restaurant,Restaurant,easy,P001,107,32,train,2.3926,11.23,0,0.9146,0.4809,0.2651,0.0867,b97280c2ee44e68b0d40fa7a8b838bfa1faf988df17ba4cd018acaf8a22b41e2
Restaurant/easy/P001/000353,Restaurant,Restaurant,easy,P001,353,32,train,3.2676,31.08,0,0.9416,0.3307,0.2332,0.2145,9bc796e2edcd5d37858cd5aa03aef32805048572fea07892fc1277dd0073d2b6
Restaurant/easy/P002/000109,Restaurant,Restaurant,easy,P002,109,32,train,5.8281,47.56,0,0.9681,0.6329,0.3077,0.1242,baedcd767aeb926f8c898327e3c492360f82ae05a4a8a77fe05da787c4e0ae6f
Restaurant/easy/P002/000360,Restaurant,Restaurant,easy,P002,360,32,train,2.625,28.48,0,0.923,0.3506,0.2722,0.1739,9bab234fc86f0319f255c7d822beab87f9f26c8934b40242610099a7424facd2
Restaurant/easy/P003/000164,Restaurant,Restaurant,easy,P003,164,32,train,5.0469,13896.0,0,0.9839,0.4297,0.2462,0.1325,6b64f2106562839710783c02f0ed1c6959f75e32b81be5dbcd58e32a84ad5194
Restaurant/easy/P003/000523,Restaurant,Restaurant,easy,P003,523,32,train,5.5312,14856.0,0,0.8906,0.6006,0.2735,0.3688,a1df986060660efddc0c56168fd12b092f4ad1a22b7544c60fb5e5bf738a56a0
Restaurant/easy/P004/000112,Restaurant,Restaurant,easy,P004,112,32,train,2.0664,26.64,0,0.9232,0.2954,0.2879,0.1412,926984cc2a2a6c984955fc7daec8e7fbbbe3299b8bf8b598821c571271b07859
Restaurant/easy/P004/000367,Restaurant,Restaurant,easy,P004,367,32,train,3.792,52.56,0,0.9464,0.4917,0.245,0.1781,8d5a8fb3d382c801d8f0b1c60790327687f329f5c991eef821eea818f0b94ea5
Restaurant/easy/P005/000151,Restaurant,Restaurant,easy,P005,151,32,train,3.4941,15992.0,0,0.8919,0.4521,0.252,0.1422,b839d879de8811b8bc1a46d5fe554bbb1d20ca3832b9981df40b9da199b71b55
Restaurant/easy/P005/000484,Restaurant,Restaurant,easy,P005,484,32,train,8.2109,12448.0,0,0.9422,0.6462,0.2414,0.1331,5ba1332e6b94a35e22c6dfb29806e9e1bd0dd439730d7c440047fec118ed246b
Restaurant/easy/P006/000136,Restaurant,Restaurant,easy,P006,136,32,train,6.8086,14640.0,0,0.9484,0.5213,0.3263,0.0951,72ffbdfff27d89b3e4f8d531a6e070d56ee5d1e2b5d78b6aad25a4e41902b72e
Restaurant/easy/P006/000442,Restaurant,Restaurant,easy,P006,442,32,train,3.4521,67.75,0,0.9631,0.3956,0.3206,0.1877,5f6589c5aa17dd864286992e63e78f6e18e76ea0736f4364695a80fd1317e37d
Restaurant/easy/P007/000147,Restaurant,Restaurant,easy,P007,147,32,train,2.6191,6.7,0,0.9751,0.3484,0.3426,0.0915,338cf15a61efa1fb0e4d5d87463bf8ab7d9c012354bc5e202a15f0f4026f3c91
Restaurant/easy/P007/000473,Restaurant,Restaurant,easy,P007,473,32,train,6.6426,15968.0,0,0.9442,0.7044,0.2201,0.2501,9ee6df40f92dc7a57a17f307420e6d86dee3228d77dc54a5a3094545c4c680fd
Restaurant/easy/P008/000242,Restaurant,Restaurant,easy,P008,242,32,train,3.3008,13936.0,0,0.9336,0.469,0.2067,0.1033,eb3e239d69f5723dfb9426196449a454e8b1b867881296e79d2d34418f41f7a6
Restaurant/easy/P008/000758,Restaurant,Restaurant,easy,P008,758,32,train,5.4609,59.59,0,0.9771,0.5646,0.2578,0.0886,7e5af2f66a316962f7b52328a887ed0cfd6d856f9449b69cb1dd447a99e0c0aa
Restaurant/hard/P000/000029,Restaurant,Restaurant,hard,P000,29,32,train,4.1211,37.56,0,0.8355,0.5127,0.2843,0.3169,740607495d000af0b577c3a80de51ec21034fcac206cc6ea4f6f3865e351f74c
Restaurant/hard/P000/000120,Restaurant,Restaurant,hard,P000,120,32,train,5.5391,15992.0,0,0.866,0.4655,0.2738,0.5008,3a2d9502ca89d9aabcfc0f162bc9ce5fbf8538c99d9065d42ee2ba47d7636988
Restaurant/hard/P001/000082,Restaurant,Restaurant,hard,P001,82,32,train,1.958,14776.0,0,0.7857,0.5714,0.2415,0.2245,a2b32efe5ec1bd6231a62d9acbd9c89b890101084ce0857b0efdd2795a055b18
Restaurant/hard/P001/000278,Restaurant,Restaurant,hard,P001,278,32,train,3.9355,15216.0,0,0.8389,0.5267,0.2574,0.2865,49ff6b9221ac42b88806493b333300d0ed5f8d0ec0477a0c288e0fa82b00c7ca
Restaurant/hard/P002/000064,Restaurant,Restaurant,hard,P002,64,32,train,5.1133,58.12,0,0.9167,0.5673,0.2583,0.1844,071ef3f61e59975bd0d1ace2f5f41fd2756b4775799b96e9c4dbf160e46e4437
Restaurant/hard/P002/000223,Restaurant,Restaurant,hard,P002,223,32,train,4.748,12344.0,0,0.915,0.3405,0.2497,0.1467,e8d1682738014991f2517259c5d2d5e48b08fd64adf0cf26e4887dcd554408ac
Restaurant/hard/P003/000088,Restaurant,Restaurant,hard,P003,88,32,train,4.875,14576.0,0,0.8926,0.5007,0.2342,0.5148,8a16ff701703d68acc3f71945f394cba5ba89b6246e129315cb6694c5c95feb7
Restaurant/hard/P003/000297,Restaurant,Restaurant,hard,P003,297,32,train,3.4238,53.97,0,0.8861,0.5481,0.3124,0.1419,a7830f150d6738d3f9a4951c571fd812a34bbac42fdba27499bc107c84fc4a57
Restaurant/hard/P004/000055,Restaurant,Restaurant,hard,P004,55,32,train,3.0234,12088.0,0,0.9226,0.4106,0.257,0.1711,ad4712e4e7c964bbbc453b3de323900924a238b21cd6ecdbbab69d227a74a53d
Restaurant/hard/P004/000198,Restaurant,Restaurant,hard,P004,198,32,train,4.7578,60.84,0,0.939,0.4867,0.2376,0.1101,aa5b1145c5dfa7b71a2f5b40aa600aa47495bc01875a7edbc96b7be912980105
Restaurant/hard/P005/000093,Restaurant,Restaurant,hard,P005,93,32,train,2.0098,52.47,0,0.8612,0.4708,0.3028,0.2335,96e92890f90f33880d6a2b8dc44008527fffed6adbe327856d48b210ef814d5e
Restaurant/hard/P005/000311,Restaurant,Restaurant,hard,P005,311,32,train,2.6816,12576.0,0,0.9092,0.4443,0.2859,0.2469,da32141c429ba488f8ef8db8ba0e2c1da6803f2dd7ba59e49e68cec78737f0fa
Restaurant/hard/P006/000073,Restaurant,Restaurant,hard,P006,73,32,train,3.7285,35.0,0,0.8861,0.4139,0.1789,0.2408,cfeba76eca284f443d8df98e888bc4c970fabaa5bd69a4ff148b527e637b9322
Restaurant/hard/P006/000251,Restaurant,Restaurant,hard,P006,251,32,train,2.6035,30.0,0,0.8369,0.4614,0.323,0.4245,8cfdc2fe63d14d5cf7dab533d0cdf0cc0a1dcf487fea28846136583078816b7a
Restaurant/hard/P007/000094,Restaurant,Restaurant,hard,P007,94,32,train,6.7969,14824.0,0,0.8785,0.7862,0.2247,0.1203,6d20944ab4e677d360b8b0742a7fa4a0fa7a681ce0f7ead23081732fcf6d9789
Restaurant/hard/P007/000313,Restaurant,Restaurant,hard,P007,313,32,train,6.9531,15496.0,0,0.8672,0.6721,0.2506,0.1615,dc056d564883244d0ebbc0c6d690c633c66dec74b9565209d5a66f7bfce43cf8
Restaurant/hard/P008/000118,Restaurant,Restaurant,hard,P008,118,32,train,3.5879,12480.0,0,0.8644,0.4645,0.2372,0.3095,ddbbce6095f52c0b1e84ecbb5fc50d7f8dde796a7b0123eff320139652951fe9
Restaurant/hard/P008/000387,Restaurant,Restaurant,hard,P008,387,32,train,4.7461,46.91,0,0.9396,0.5718,0.2826,0.2041,919e0cd0bf14422d06e11264268faa94078472e9172f7162b4fb0d504e7ea07d
RetroOffice/easy/P000/000016,RetroOffice,RetroOffice,easy,P000,16,32,validation,1.1489,7.43,0,0.9547,0.2567,0.179,0.1171,81d6fe1ecaa4978d1c6249e9e430edbe03e288da673ca4e8c7d40fc27af4ffa4
RetroOffice/easy/P000/000081,RetroOffice,RetroOffice,easy,P000,81,32,validation,2.0449,6.8,0,0.981,0.3881,0.1473,0.131,0fbfb1b4c42f2e0ecfbf0f1da4a5e6f760b6a74358d74be47a9f9628c4c45525
RetroOffice/easy/P001/000023,RetroOffice,RetroOffice,easy,P001,23,32,validation,2.3652,5.28,0,0.9484,0.5431,0.3235,0.0971,54d4dfe44c4bdeccbe508ad7236f123715214e51c67262a9988f052a19328326
RetroOffice/easy/P001/000100,RetroOffice,RetroOffice,easy,P001,100,32,validation,1.5332,3.37,0,0.9767,0.4483,0.5333,0.0941,96f8a08ff6e77cbbe98e02e1edbfd0b68030ab9cbf6e0f88690c25afb8708f0b
RetroOffice/easy/P002/000034,RetroOffice,RetroOffice,easy,P002,34,32,validation,1.6182,6.31,0,0.9719,0.3786,0.3194,0.1137,7869cfcb7425c3eb58ee69f1c025959dfc3c33ab5c9efb68a694802465b574d0
RetroOffice/easy/P002/000136,RetroOffice,RetroOffice,easy,P002,136,32,validation,2.4648,7.33,0,0.9544,0.4475,0.2129,0.084,67c9f12d243acbe22d5d15cea7f6ba33c410c3951d5ddd50af59b450d16f8f8c
RetroOffice/easy/P003/000030,RetroOffice,RetroOffice,easy,P003,30,32,validation,1.6865,3.9,0,0.9348,0.4824,0.3688,0.1171,3a5c2f2305a1d19da7614d3944dda3c0a2a654f2fe9bb47447e4ac3eb9d94887
RetroOffice/easy/P003/000121,RetroOffice,RetroOffice,easy,P003,121,32,validation,2.2598,4.3,0,0.9802,0.4665,0.312,0.1105,4a057729ebd0f09cdc0e3060ec91c067005806fd243624f276d3952e76309552
RetroOffice/easy/P004/000006,RetroOffice,RetroOffice,easy,P004,6,32,validation,2.6719,6.4,0,0.9545,0.6387,0.4138,0.108,e06de514cbbb058dfdf6770e5036f075109e684c83aaedf3cb16f9c7c11770b2
RetroOffice/easy/P004/000050,RetroOffice,RetroOffice,easy,P004,50,32,validation,1.582,157.88,0,0.9365,0.5608,0.3091,0.1452,958fb16312216ba75bb046021216d90a41491f4355077358e4343212b80077d4
RetroOffice/easy/P005/000017,RetroOffice,RetroOffice,easy,P005,17,32,validation,1.7715,8.21,0,0.936,0.3373,0.1656,0.1698,92cfb935fae3bf352ceca4728cc7d558b4c5b34f158c9ad934c6ffd3e08f3a62
RetroOffice/easy/P005/000083,RetroOffice,RetroOffice,easy,P005,83,32,validation,2.3184,5.97,0,0.9639,0.4375,0.2959,0.0979,a094b025181e19c659fd10b2ed5323a309a98d5a659bfb773fe8cac8b9ee90a2
RetroOffice/hard/P000/000003,RetroOffice,RetroOffice,hard,P000,3,32,validation,2.7188,8.59,0,0.9101,0.5107,0.2483,0.2084,26a2cdeff6cd33b088ea56b78f92f6e430070c4a46adc6bf386385179162fa4b
RetroOffice/hard/P000/000041,RetroOffice,RetroOffice,hard,P000,41,32,validation,1.7627,165.88,0,0.9435,0.4154,0.2791,0.1321,2b5071cce9ba5173e6f14ba88aaa591dcd421fac919b5d24d090951d74e2f680
RetroOffice/hard/P001/000004,RetroOffice,RetroOffice,hard,P001,4,32,validation,2.0977,6.07,0,0.885,0.3328,0.1582,0.2278,2de51018f3c66729c67ba3b29f93cb1081c614eb48d7373c6b3ec427442f6dd5
RetroOffice/hard/P001/000046,RetroOffice,RetroOffice,hard,P001,46,32,validation,2.5078,8.51,0,0.8845,0.4456,0.2026,0.1424,43ea8a8cc9341287644596282bff00b962dbdbe2d9b9dc8fa7ad65e322f97cd8
RetroOffice/hard/P002/000015,RetroOffice,RetroOffice,hard,P002,15,32,validation,2.8281,196.62,0,0.8926,0.6016,0.3759,0.1847,d9330a509a6f3e00a372f7f3b035e8f634c41be7ad44e633c002be5e462e8846
RetroOffice/hard/P002/000077,RetroOffice,RetroOffice,hard,P002,77,32,validation,1.8535,187.0,0,0.8929,0.5488,0.4749,0.1963,3531dee63fa1e07a6f3ba19577e7f13c450705ed3ef4bd828a98f6ae74590e49
RetroOffice/hard/P003/000006,RetroOffice,RetroOffice,hard,P003,6,32,validation,2.498,10.95,0,0.8801,0.4321,0.2831,0.1745,76fc89e4b28e9efe3a315e2cbe3bf6ac76e332ef3f0f680d554a0e4ff254535c
RetroOffice/hard/P003/000049,RetroOffice,RetroOffice,hard,P003,49,32,validation,2.1426,8.31,0,0.874,0.3866,0.2312,0.2405,e0fd31087c13a83227158b8d0c2d4e776e786421f638c5ddb2a9a9a81fd68aee
RetroOffice/hard/P004/000001,RetroOffice,RetroOffice,hard,P004,1,32,validation,1.4287,5.39,0,0.918,0.3454,0.2435,0.1505,3558f315fbb88fef723b0026c1552c370742aa99e2aa10a612fbd44ff41d0611
RetroOffice/hard/P004/000034,RetroOffice,RetroOffice,hard,P004,34,32,validation,1.7065,4.26,0,0.9108,0.33,0.2998,0.191,5a4ca4d0a270aff8caca0c8a292aeb62afadc1943e9da3eca702412cce81aad3
RetroOffice/hard/P005/000010,RetroOffice,RetroOffice,hard,P005,10,32,validation,2.2676,10.03,0,0.8739,0.3896,0.1895,0.2058,bb282db9fdd0f9e804a3fb09d40f47cb23faac67080b60226d36fc803aaad8cf
RetroOffice/hard/P005/000063,RetroOffice,RetroOffice,hard,P005,63,32,validation,3.002,7.43,0,0.9123,0.5027,0.2513,0.0978,80e4018130c13e06ad3cd3bfdcec87e006fc1790cd133984683fac58628c6c82
Rome/easy/P000/000338,Rome,Rome,easy,P000,338,32,validation,9.6484,16344.0,0,0.9738,0.2691,0.5313,0.3461,d5fae98c897683265145a5865a7320c90ee6a5aa9553f582e86e91775d9e2915
Rome/easy/P000/001044,Rome,Rome,easy,P000,1044,32,validation,4.1875,14920.0,0,0.9673,0.2604,0.2245,0.2253,6839a58b6c3368d6e2e14b760b7df833d3cbc92515293f09db978abbda761639
Rome/easy/P001/000287,Rome,Rome,easy,P001,287,32,validation,7.043,13744.0,0,0.9513,0.474,0.3408,0.0727,901907d62f07bd412549436208ca4ab0e79a218e938109a64c53734cae896d45
Rome/easy/P001/000894,Rome,Rome,easy,P001,894,32,validation,6.8281,16384.0,0,0.9644,0.2026,0.4807,0.2446,f20fa681bbd1f764c55b2bf874ae6dc85e3994eb6e9555b2cfac7fe3200dceb4
Rome/easy/P002/000244,Rome,Rome,easy,P002,244,32,validation,4.6055,16240.0,0,0.9789,0.4287,0.3649,0.1071,e8da628687bbd1ca2c1494534f094102e91377ac64bfaa05985cc5d1fc1fa4ad
Rome/easy/P002/000762,Rome,Rome,easy,P002,762,32,validation,1.4561,26.77,0,0.9669,0.1786,0.051,0.1145,0c8a485b1baddb8f5ba28a3c64e2a932f1d98eeeb588f1ff4dd05a59651e38ec
Rome/easy/P003/000244,Rome,Rome,easy,P003,244,32,validation,3.3438,13824.0,0,0.946,0.1465,0.2472,0.2465,7263f3ff0d422b4358aa5224661f9191545e35f2c5d8c7fd7c9d9f05c4b46be4
Rome/easy/P003/000766,Rome,Rome,easy,P003,766,32,validation,1.8037,12944.0,0,0.9736,0.0478,0.2453,0.0928,0c15e5173666518289494514b00a65d1f587e0e69ee727da4fae702cd0bdf44b
Rome/easy/P004/000328,Rome,Rome,easy,P004,328,32,validation,3.7949,12248.0,0,0.9893,0.3748,0.4403,0.1006,aa877a3e94bf201d20d229dec5d410d3fdf4b819a8dd2bf3685188e5df48ba05
Rome/easy/P004/001016,Rome,Rome,easy,P004,1016,32,validation,4.7891,16312.0,0,0.9837,0.4238,0.3809,0.1055,92b93fea7f8902aa390c53bc6d5e314f4c05da5e5d7295087d522fd2653261d6
Rome/easy/P005/000254,Rome,Rome,easy,P005,254,32,validation,2.1035,8.42,0,0.984,0.5353,0.24,0.1115,d8c3b4a2c155aff186d0641d5d0358360567f78264919cad68d1c8be7875bc05
Rome/easy/P005/000795,Rome,Rome,easy,P005,795,32,validation,5.8027,31.56,0,0.9682,0.5811,0.2724,0.2177,774820c51aab6f3e42a45345d8c8541c7cd1c72d69d5cc52d20eabae180d7ed6
Rome/easy/P006/000276,Rome,Rome,easy,P006,276,32,validation,2.1387,12008.0,0,0.9668,0.3304,0.1627,0.12,8a7871220940dbe0395f14da9a889d67b8419f7e8c4f3257127c11034f531d85
Rome/easy/P006/000861,Rome,Rome,easy,P006,861,32,validation,5.3828,12392.0,0,0.9895,0.5192,0.4095,0.2121,316b84d268b484cd0233241171fe5b3a77373d33a07c67871be649076924eccc
Rome/hard/P000/000228,Rome,Rome,hard,P000,228,32,validation,5.9688,15496.0,0,0.899,0.5775,0.3526,0.6332,f24365a1dcd4ef237ad235cf2ab50909992792dea6b94df8225c517f5b578de9
Rome/hard/P000/000715,Rome,Rome,hard,P000,715,32,validation,3.8926,14192.0,0,0.9557,0.3236,0.2279,0.3325,b9d3489957d03b047ffef2bdf032485e500be907f26a44089d4f49ae649ab70a
Rome/hard/P001/000151,Rome,Rome,hard,P001,151,32,validation,5.375,15760.0,0,0.8799,0.5046,0.3038,0.3212,f54f61f6f01c7e4c31876e10ebbfdd14830dff9ff53a1f5fd34e31910cee55fd
Rome/hard/P001/000486,Rome,Rome,hard,P001,486,32,validation,3.0,10.62,0,0.9235,0.4187,0.2623,0.364,9615cd462cc2d5a353097e3fa4b0a30f5d1614e7f83d5724b2ee238cab53399b
Rome/hard/P002/000176,Rome,Rome,hard,P002,176,32,validation,4.8008,16336.0,0,0.9521,0.3014,0.433,0.5037,57e51a639e9dab522ec18801d7417b2d5919409cdf5c1c88a69d346a769052f8
Rome/hard/P002/000558,Rome,Rome,hard,P002,558,32,validation,1.1611,6.62,0,0.9459,0.1311,0.0451,0.1971,e49a0e09c89241ea20bdc1e48ed589775f549ec52c04bd665b11e900b4d59564
Rome/hard/P003/000168,Rome,Rome,hard,P003,168,32,validation,2.7998,28.66,0,0.8987,0.2934,0.1847,0.3181,08519506110161814245099f9007be69c588a55d0fbd4b51719d34fbf86a61d0
Rome/hard/P003/000536,Rome,Rome,hard,P003,536,32,validation,1.8022,8.74,0,0.9192,0.0795,0.1397,0.2071,a574803d4ae1b4b7948cad1cdcb98009059d5dde98c827a7b0bc8bb56033cc30
Rome/hard/P004/000199,Rome,Rome,hard,P004,199,32,validation,4.8809,16080.0,0,0.9258,0.3925,0.3476,0.3591,f086b10b6ec78aac0f68a312d5e0d669515b94388808b67ab99f8154ca615c64
Rome/hard/P004/000630,Rome,Rome,hard,P004,630,32,validation,4.373,16328.0,0,0.898,0.3656,0.4477,0.4109,e757057df2517bb5a1385ecaaed66ff40dd770c9706019d720862cf18e1f6b0b
Rome/hard/P005/000118,Rome,Rome,hard,P005,118,32,validation,4.9082,16328.0,0,0.9126,0.3004,0.3712,0.4029,2205273424c2ca4e1255f19425e13c4658e5f3620da16775cd33db1ca9315367
Rome/hard/P005/000384,Rome,Rome,hard,P005,384,32,validation,6.0352,12928.0,0,0.9585,0.4224,0.2356,0.2055,c552f5666d78b63125b0b0c7d71f3391caf8fd5dc98bd99b2256c8ba4bc26d66
Rome/hard/P006/000174,Rome,Rome,hard,P006,174,32,validation,3.0156,13064.0,0,0.9553,0.3243,0.2402,0.3611,3dbac86175376ab291040ad5801838cb62dd2ea8622d0eaf8b5252d6d3fe4711
Rome/hard/P006/000556,Rome,Rome,hard,P006,556,32,validation,10.6641,16368.0,0,0.9424,0.3435,0.5627,0.1821,849c219834a644ca4af98d32a5ef0f1a2c518719d093ea30220f452dffd3a490
Ruins/easy/P000/000992,Ruins,Ruins,easy,P000,992,32,train,17.0781,2750.0,0,0.9327,0.3207,0.5207,0.2959,13e401555c3ca85bac557f010ee3d8558d56ab0d92f6f7568692d8279eaf8449
Ruins/easy/P000/003010,Ruins,Ruins,easy,P000,3010,32,train,1734.0,2562.0,0,0.9619,0.3369,0.692,0.287,c62e66873520153eaeda538595f4fbd6a15fa1a8df6fabfd447707f5f17fd3db
Ruins/easy/P001/000517,Ruins,Ruins,easy,P001,517,32,train,15.7734,2654.0,0,0.8971,0.4138,0.5867,0.3661,573cfdb8840e396bd7c8e9a947b3d9ed223d0f0c13fda3eb00c8e3022a8234c6
Ruins/easy/P001/001582,Ruins,Ruins,easy,P001,1582,32,train,10.3984,2518.0,0,0.925,0.5168,0.293,0.0981,186d8f5053f9cb749f1719aa3b67ed29bf577a98f86e39539545933f4b7a59ed
Ruins/easy/P002/000391,Ruins,Ruins,easy,P002,391,32,train,3.8926,2350.0,0,0.97,0.1798,0.2123,0.2012,d0f307e4f0c45c5aa843eafbddef27a8b992d0c76563691570b898cfe7a5bd05
Ruins/easy/P002/001204,Ruins,Ruins,easy,P002,1204,32,train,14.1484,2566.0,0,0.9531,0.305,0.5882,0.1207,50159aa728ba2571f5a66e45bd0682a7420fcb6a292463fe7d9ce77ea2fe524f
Ruins/easy/P003/000869,Ruins,Ruins,easy,P003,869,32,train,7.6562,2006.0,0,0.9096,0.402,0.2243,0.3227,de2febb1fa78186fae51d99f6a7665b613089cf720c6f6d5b9bde01e301dda67
Ruins/easy/P003/002638,Ruins,Ruins,easy,P003,2638,32,train,6.5391,2412.0,0,0.9595,0.2897,0.0694,0.1633,77de83165cc6663fb9124e91d5b214fd9729c7433c818191cf5a5bc0941d345c
Ruins/easy/P004/000819,Ruins,Ruins,easy,P004,819,32,train,13.0547,2532.0,0,0.9846,0.4056,0.2659,0.0616,6298616a6a77f912667180208ff8dc38353b3452b110d25b70935adfc8cd9800
Ruins/easy/P004/002489,Ruins,Ruins,easy,P004,2489,32,train,16.4844,2526.0,0,0.9512,0.3542,0.506,0.2202,edb3a286d07453f8d090c3d2fe6193c2b452e39583a15f2a60cbce383297f080
Ruins/easy/P005/000496,Ruins,Ruins,easy,P005,496,32,train,9.0156,2540.0,0,0.9413,0.4681,0.3652,0.1592,5c3dd9ce665b85319398c749e1fd8b0425eb2ea196efd44dc08c97701fc19610
Ruins/easy/P005/001522,Ruins,Ruins,easy,P005,1522,32,train,25.3438,2710.0,0,0.945,0.3744,0.569,0.1599,9f7c60d46731cca42038ee11deae1a5c05fb2652fee34ca8433aea384b129997
Ruins/easy/P006/000731,Ruins,Ruins,easy,P006,731,32,train,7.6172,2550.0,0,0.97,0.2527,0.4728,0.161,949cfb17b6e3c4555d6be050d8e43e3ed30d5ae662b5df566d5c0a907e0b8e23
Ruins/easy/P006/002225,Ruins,Ruins,easy,P006,2225,32,train,10.3594,2426.0,0,0.9756,0.4292,0.3912,0.1297,538db655cf6b82c45514fec187c781a4c40189f594fe4f918ebcc8b40d13cdaa
Ruins/easy/P008/000849,Ruins,Ruins,easy,P008,849,32,train,1821.0,2742.0,0,0.938,0.2697,0.8111,0.1366,7de78f7b773a8a9d15f66f0b2ea57529d7a9f4bb5bf910118e983891e78fcd05
Ruins/easy/P008/002579,Ruins,Ruins,easy,P008,2579,32,train,3.3242,2098.0,0,0.9706,0.302,0.5708,0.1907,5d56b40d70997fe567a3b80e918ba084926e447cb4c6d785ab18fed70f784afb
Ruins/easy/P009/000450,Ruins,Ruins,easy,P009,450,32,train,4.2109,2578.0,0,0.9615,0.2088,0.2734,0.0831,6db75683845a6cd8baaa249b8e8dceb2a8451a9f5d0abc0f235f8fa69073f22c
Ruins/easy/P009/001381,Ruins,Ruins,easy,P009,1381,32,train,31.9688,2510.0,0,0.9177,0.5303,0.5695,0.3719,e5103dbf40ce4d5752a90c76a1d1212ef9564053738f991cd4baa51f8d9cc781
Ruins/hard/P000/000613,Ruins,Ruins,hard,P000,613,32,train,958.25,2798.0,0,0.8875,0.3056,0.7761,0.468,325f48d70667dac3bedbe36cfda171e1ad033edefa6b1d46c193cfdd6ad675e7
Ruins/hard/P000/001870,Ruins,Ruins,hard,P000,1870,32,train,1818.0,2656.0,0,0.8954,0.2794,0.7579,0.2431,fea72b6a5b55a08295c7ec1a061b26438304b63c43aff91ab591001dadb20e92
Ruins/hard/P001/000304,Ruins,Ruins,hard,P001,304,32,train,12.9141,2548.0,0,0.9216,0.3606,0.4762,0.3058,0df08c3675134bc5538847c88ee6a6c253fc86b45158bb9835cc659baf678330
Ruins/hard/P001/000946,Ruins,Ruins,hard,P001,946,32,train,16.0547,2620.0,0,0.9205,0.2308,0.5062,0.262,16f0f9162aee42e1fb708e45eb47e77f43c7b9db08ebf2095e7868ac0098a784
Ruins/hard/P002/000192,Ruins,Ruins,hard,P002,192,32,train,329.25,2754.0,0,0.9555,0.1859,0.7153,0.1042,b8696b311746dfd5b06dcba59d5c620585bad05953640d72a57039e7561f12b3
Ruins/hard/P002/000607,Ruins,Ruins,hard,P002,607,32,train,4.4766,2620.0,0,0.8612,0.2511,0.4147,0.4677,47849c3a54d84b272a18a00c6c507c1512f5aca231b7dc21505d4e676a8c36ac
Ruins/hard/P003/000538,Ruins,Ruins,hard,P003,538,32,train,3.7617,2064.0,0,0.9321,0.1311,0.2521,0.2589,71d3e8f94cafb5bacaaf2bb37eb45a8ba9b43e93857b615311f2aee51bbc56c8
Ruins/hard/P003/001646,Ruins,Ruins,hard,P003,1646,32,train,2.9844,18.66,0,0.9637,0.1045,0.3626,0.3208,a01b583f218a14b79276b77fd4230413fcbd242c709fcd145b52ed280e4474c0
Ruins/hard/P004/000421,Ruins,Ruins,hard,P004,421,32,train,19.1094,2722.0,0,0.9373,0.3702,0.6156,0.3918,57695888f63cd573fa106bbabd91b8b672a06b1bdcccad25d9973687f277e5ea
Ruins/hard/P004/001294,Ruins,Ruins,hard,P004,1294,32,train,12.3828,2652.0,0,0.8577,0.435,0.4309,0.3696,d9b3454daf4b817b4a90724e34e361a7dcb59798b020b69c56ec8c36a746417a
Ruins/hard/P005/000285,Ruins,Ruins,hard,P005,285,32,train,4.8594,32.94,0,0.9505,0.2673,0.2507,0.4146,b1a76cebec8a75eac14ece6b40f341fda68e2a7636dfa6ad94ceaf8d3e770b1e
Ruins/hard/P005/000888,Ruins,Ruins,hard,P005,888,32,train,9.1406,2234.0,0,0.9282,0.4033,0.3424,0.2451,7b96f0ee0165a8d410ee52f244a65899b78991c2579801c2a065c9b8e3b183de
Ruins/hard/P006/000405,Ruins,Ruins,hard,P006,405,32,train,8.0391,41.25,0,0.9282,0.1527,0.529,0.4027,8c931b882073650886e71e7c17631f0036296d469aab30f3637aec3bd55a071e
Ruins/hard/P006/001246,Ruins,Ruins,hard,P006,1246,32,train,267.5,2686.0,0,0.8909,0.4067,0.7083,0.3279,f3b6f3e6dc36cbebe119e68ff2b88b809146bdd5485067b67871ab624da54980
Ruins/hard/P008/000526,Ruins,Ruins,hard,P008,526,32,train,9.0938,2260.0,0,0.8628,0.344,0.3244,0.4842,9889c77c348acf56e66356cac932feeed5bc0c29c998a7c55fc5872aa7af859a
Ruins/hard/P008/001611,Ruins,Ruins,hard,P008,1611,32,train,1812.0,2632.0,0,0.9199,0.2848,0.8304,0.3242,35010024ea5bd0c5b44dbfe001009ee18722c406db2878e830deb585d5e63619
Ruins/hard/P009/000230,Ruins,Ruins,hard,P009,230,32,train,5.3906,2588.0,0,0.9336,0.1546,0.3845,0.3907,98e62c8885a3f243a17c3915c367dd9928d0a007156dd94274380b1e72412fd9
Ruins/hard/P009/000723,Ruins,Ruins,hard,P009,723,32,train,11.2812,2550.0,0,0.9327,0.3877,0.3605,0.271,d2f02460996dd00f4a61ea1ba96d9f2c5cb766c74b5e5fe11c03e95cb4b12dd1
SeasideTown/easy/P000/000208,SeasideTown,SeasideTown,easy,P000,208,32,test,4.2812,14.81,0,0.9808,0.5013,0.4035,0.1835,607c4dd0c5ae3ecb7a2bc45e0c88f2f33bb59366164ce27d36f2f8d5295de0bc
SeasideTown/easy/P000/000655,SeasideTown,SeasideTown,easy,P000,655,32,test,6.4883,15728.0,0,0.9562,0.6018,0.478,0.3314,b237cc66f3fd549c377d578d40c415cb81662bbeef6887584d1c6aabb689de37
SeasideTown/easy/P001/000181,SeasideTown,SeasideTown,easy,P001,181,32,test,6.4258,14864.0,0,0.9742,0.4564,0.6431,0.2782,263ce84d48f487f09889b1f7cd3247af31192c8cce97fea825395a895513c662
SeasideTown/easy/P001/000576,SeasideTown,SeasideTown,easy,P001,576,32,test,10.4375,15976.0,0,0.9739,0.7231,0.602,0.4059,1c612b3bcc79b7336682949623dd68f47b4b11999326e46f32a21417c9d9df48
SeasideTown/easy/P002/000118,SeasideTown,SeasideTown,easy,P002,118,32,test,16.1562,14008.0,0,0.9657,0.481,0.676,0.0708,9675298af5dcc89c6e8a294a628dac1d5113093416bf75a39a92e21e10003fb3
SeasideTown/easy/P002/000384,SeasideTown,SeasideTown,easy,P002,384,32,test,10.7109,16096.0,0,0.9558,0.4681,0.6966,0.0828,fcd2c10b46a04c8e9ec138773043516b55ce5b859b0cdcecde7d97574c8f8a40
SeasideTown/easy/P003/000155,SeasideTown,SeasideTown,easy,P003,155,32,test,2.6152,15240.0,0,0.9607,0.3901,0.3668,0.1489,49c9a3926f7e58d09573e9ebd48e54bb7d01d163791e8eadba0ebdff922f7a78
SeasideTown/easy/P003/000498,SeasideTown,SeasideTown,easy,P003,498,32,test,5.3555,15584.0,0,0.9678,0.2982,0.553,0.3525,1d6440abd20b2c083a368583b0a1d90f08426f0ff0df4255b069b751055040df
SeasideTown/easy/P004/000157,SeasideTown,SeasideTown,easy,P004,157,32,test,3.3125,9.66,0,0.955,0.5039,0.5951,0.1925,bd6deab7a7e0e24c7f1e1e25c920fd04b86b00f12f7b8665a7b9bee647e89761
SeasideTown/easy/P004/000504,SeasideTown,SeasideTown,easy,P004,504,32,test,5.457,17.94,0,0.9765,0.6924,0.5869,0.2408,e426273f1408723eb33a926748149444d38766dd1e8fbdbab7cbb91e5a032027
SeasideTown/easy/P005/000162,SeasideTown,SeasideTown,easy,P005,162,32,test,3.498,15.27,0,0.9899,0.3923,0.6688,0.12,1715e31bd38641f369176bf35822059f2ea37459c6447a05b081e0f78164579d
SeasideTown/easy/P005/000517,SeasideTown,SeasideTown,easy,P005,517,32,test,3.2188,16.31,0,0.987,0.2422,0.0228,0.1454,648f46c93de6bce9a6ff17f03f09064cdd5133e7aaa8bb653c9097f3a5c8c9fb
SeasideTown/easy/P006/000184,SeasideTown,SeasideTown,easy,P006,184,32,test,3.127,11.05,0,0.9736,0.0494,0.1442,0.1965,9d130fd882131845f4642e9953b838798623f4a7a928e2bd9d9a55119a5562aa
SeasideTown/easy/P006/000582,SeasideTown,SeasideTown,easy,P006,582,32,test,17.7031,16304.0,0,0.9763,0.5889,0.6804,0.2672,117181bf3f8babe658a8374b0e3ab4a0b59cc2678127e975f1bde97873caaf01
SeasideTown/easy/P007/000167,SeasideTown,SeasideTown,easy,P007,167,32,test,4.0898,15344.0,0,0.9545,0.4755,0.613,0.17,e5d14b59c5ad04882f4f6cbc2222867e6597cd5b5971f12245322a1a4a795957
SeasideTown/easy/P007/000534,SeasideTown,SeasideTown,easy,P007,534,32,test,7.1719,16368.0,0,0.9726,0.6103,0.5375,0.1203,c8788ceed48cbf2384f69cbe47d6209736ced25ab77f18fc151a95b791ff1308
SeasideTown/hard/P000/000110,SeasideTown,SeasideTown,hard,P000,110,32,test,576.5,16416.0,0,0.9258,0.3725,0.7898,0.3384,a51e96d10eb3e19d921771b507d8e6f58de4c3872007cf15b38b9aced6e031ec
SeasideTown/hard/P000/000360,SeasideTown,SeasideTown,hard,P000,360,32,test,4.3438,15512.0,0,0.9186,0.4139,0.4841,0.2671,a55ff999cf18b95939012775d9233d90f9a043c10e40419556dd3108638c06e0
SeasideTown/hard/P001/000122,SeasideTown,SeasideTown,hard,P001,122,32,test,13696.0,16400.0,0,0.9173,0.056,0.8554,0.3045,331e8fc7b97b49c4b610c6fa4d420401bed6cbcb415ee999d44c2d6736f10753
SeasideTown/hard/P001/000397,SeasideTown,SeasideTown,hard,P001,397,32,test,8.0469,16216.0,0,0.9444,0.5407,0.6107,0.3416,5f0f51097a331592d51aa5ba81b9cacb929b09c352d5a213710bac70a77a5bbb
SeasideTown/hard/P002/000058,SeasideTown,SeasideTown,hard,P002,58,32,test,13.4375,14784.0,0,0.9371,0.6398,0.6435,0.4957,db2e526543041ae4483003acbae64187253f8bb72626bd6bdd071c8526798309
SeasideTown/hard/P002/000208,SeasideTown,SeasideTown,hard,P002,208,32,test,3.0508,31.86,0,0.762,0.383,0.6248,0.6327,2775bf3cacc28d0b1ec934abe8a8ef4dfaf136017e0f41f2663e7e00cea5ce66
SeasideTown/hard/P003/000089,SeasideTown,SeasideTown,hard,P003,89,32,test,2.4307,14664.0,0,0.9299,0.3425,0.3863,0.2456,454bff75a00668b7d3d9f719bd57ecbd779c611c173a1dc14a5b0330bd733635
SeasideTown/hard/P003/000300,SeasideTown,SeasideTown,hard,P003,300,32,test,13160.0,16360.0,0,0.9359,0.1427,0.8272,0.1512,85b71040d9a131b4674ed71bc2c19057e1569fd8f30ee863ca8a11d36f6c2867
SeasideTown/hard/P004/000067,SeasideTown,SeasideTown,hard,P004,67,32,test,5.1094,16104.0,0,0.9275,0.4549,0.6234,0.315,6a80d8d1873b37ce7f4d3991ba7c5a177913ff53c72b2b19d53f3eae5547875b
SeasideTown/hard/P004/000232,SeasideTown,SeasideTown,hard,P004,232,32,test,8.1641,16432.0,0,0.8807,0.604,0.6204,0.6874,39ab7baafc1e95fcd1cced738e7a68dc7778f2419c35ad20e15e52eb91d71b58
SeasideTown/hard/P005/000100,SeasideTown,SeasideTown,hard,P005,100,32,test,6.9336,15544.0,0,0.9365,0.5933,0.5374,0.2369,e1f27a65218dbefd621d0595265e4d967c662486a58fa5b4a29609ca6e401c1b
SeasideTown/hard/P005/000330,SeasideTown,SeasideTown,hard,P005,330,32,test,108.0938,16400.0,0,0.884,0.3505,0.7445,0.2801,508f4fb2dd6062c6ab0316c8b83b49af09a9b0f9bda0752a3098ebf0c7666da5
SeasideTown/hard/P006/000100,SeasideTown,SeasideTown,hard,P006,100,32,test,5.8555,12920.0,0,0.8707,0.4726,0.4189,0.3715,70914ce989b2e21f6b25f48c9370a2d80aa55617e8c2e71685260fc2318c2249
SeasideTown/hard/P006/000330,SeasideTown,SeasideTown,hard,P006,330,32,test,9.7227,16352.0,0,0.9393,0.3507,0.6569,0.5791,252ef9321ce3f2ecdf54a69649337d8923a56894f19696873ae8e7b0e3eddd71
SeasideTown/hard/P007/000093,SeasideTown,SeasideTown,hard,P007,93,32,test,2.668,5.63,0,0.9479,0.4606,0.447,0.1396,15d3cbbe925bd5eaa3af09b58b46d267b996e32c3f94e61c4afa8360869ca861
SeasideTown/hard/P007/000311,SeasideTown,SeasideTown,hard,P007,311,32,test,4.3926,16400.0,0,0.8868,0.6038,0.5448,0.2725,f429c64d162388fdec437b490b8db510d3fc669b41487b28735391425c593caf
SeasonalForestAutumn/easy/P000/001397,SeasonalForestAutumn,SeasonalForest,easy,P000,1397,32,test,7.6836,15544.0,0,0.944,0.6745,0.5422,0.0883,b637d186cc6cd69f1fd3836d7e1be07d1b3dc2032765b5c5417516cf0ac45584
SeasonalForestAutumn/easy/P000/004224,SeasonalForestAutumn,SeasonalForest,easy,P000,4224,32,test,12.7969,16344.0,0,0.8634,0.8308,0.4994,0.0963,5bbe9fd8cf050d098fc0187d51e0b2fc047c47acdc0f9e599e084f6a1914a733
SeasonalForestAutumn/easy/P001/000583,SeasonalForestAutumn,SeasonalForest,easy,P001,583,32,test,5.6641,12520.0,0,0.8763,0.8216,0.436,0.1861,f3ac7a297d5640c65826a2e64a0b37f21af579c61cf30cc56701bff59be9af50
SeasonalForestAutumn/easy/P001/001780,SeasonalForestAutumn,SeasonalForest,easy,P001,1780,32,test,18.4688,16368.0,0,0.9011,0.6561,0.5272,0.0982,5f4184a47fce260d4a324b4e640ebe786006563f98d70ebee86d83ea6bba0b41
SeasonalForestAutumn/easy/P002/000617,SeasonalForestAutumn,SeasonalForest,easy,P002,617,32,test,5.8594,14840.0,0,0.7252,0.8744,0.3558,0.274,ae7f82a15e0e50b267a6e552c0df6fba11dd4fcab64acb61ed36bc68a7228195
SeasonalForestAutumn/easy/P002/001883,SeasonalForestAutumn,SeasonalForest,easy,P002,1883,32,test,3.4727,13792.0,0,0.9399,0.5186,0.3609,0.1178,31f6922cc96f830e3fb663bb34aaeff0752022a7f953c8a46674141121818669
SeasonalForestAutumn/hard/P000/000771,SeasonalForestAutumn,SeasonalForest,hard,P000,771,32,test,22.2656,16312.0,0,0.893,0.5903,0.6438,0.482,ce3de5ca434a4ba46b2772661eb4fe489a38ac64527eaf9dd6be7fbf4eb5cf55
SeasonalForestAutumn/hard/P000/002346,SeasonalForestAutumn,SeasonalForest,hard,P000,2346,32,test,4.6836,14944.0,0,0.7789,0.444,0.3109,0.3607,79fb6517107d1b1512a4511898ecdf0921cdd76aacaa3fef4ee3e621d6e57afc
SeasonalForestAutumn/hard/P001/000332,SeasonalForestAutumn,SeasonalForest,hard,P001,332,32,test,10.4844,16336.0,0,0.8077,0.6588,0.581,0.3388,1d042f5e776907fb338502042453a6b4f569f2c62ced42adb63f94932262fe04
SeasonalForestAutumn/hard/P001/001026,SeasonalForestAutumn,SeasonalForest,hard,P001,1026,32,test,29.1406,16384.0,0,0.8003,0.6247,0.6199,0.3482,9310761821057bf2c383dd81a1fa8cea7bc75c034e70861dcb23c07456d282bc
SeasonalForestAutumn/hard/P002/000337,SeasonalForestAutumn,SeasonalForest,hard,P002,337,32,test,13064.0,16448.0,0,0.835,0.6544,0.721,0.4653,5307c6d3d813543a19874f8ce41d28bfed5b3109a20dcd0ea27250d7e9da1fe3
SeasonalForestAutumn/hard/P002/001042,SeasonalForestAutumn,SeasonalForest,hard,P002,1042,32,test,5.8867,16216.0,0,0.8262,0.685,0.4887,0.1551,e7530b94d3d217ca1fa44fdffaf4a27cbcfa989754dbbbd19a7241a1d25d6b8c
SeasonalForestSpring/easy/P000/000761,SeasonalForestSpring,SeasonalForest,easy,P000,761,32,test,9.5078,16360.0,0,0.8324,0.7132,0.5232,0.1034,9f036ef248be95aa15987f5fab2354b9214c4beb2c9e5fa65f6d06b2dcaf1ac7
SeasonalForestSpring/easy/P000/002314,SeasonalForestSpring,SeasonalForest,easy,P000,2314,32,test,24.375,16448.0,0,0.882,0.6162,0.5709,0.284,fa1b3651f97297d3f29395fc0c4d51e4daea5a02bcbb9542c6e7b9ae60eb6dba
SeasonalForestSpring/easy/P001/000863,SeasonalForestSpring,SeasonalForest,easy,P001,863,32,test,18.8125,16296.0,0,0.8082,0.8258,0.5358,0.2761,db185ffd57f8f1ea3ec284ea9545e8ae083d97a9a45214719f15d0d2432c90eb
SeasonalForestSpring/easy/P001/002620,SeasonalForestSpring,SeasonalForest,easy,P001,2620,32,test,12.1016,16328.0,0,0.776,0.8471,0.5087,0.1658,11e0e066577aad59c0d75c6543425acb9863b49b3b4f3d72a560817fb17da8d0
SeasonalForestSpring/easy/P002/000730,SeasonalForestSpring,SeasonalForest,easy,P002,730,32,test,21.0,15736.0,0,0.8653,0.7228,0.5475,0.199,811488e43cc7047876f590a1a07d2f43ad7dac159023d13dd067beb408709d18
SeasonalForestSpring/easy/P002/002224,SeasonalForestSpring,SeasonalForest,easy,P002,2224,32,test,37.2188,16288.0,0,0.7627,0.765,0.5041,0.2682,c4d8f1cccb565070e6f8f4478a7722454952ba8e61260f44634a8628225dfc35
SeasonalForestSpring/easy/P003/000494,SeasonalForestSpring,SeasonalForest,easy,P003,494,32,test,35.9688,16064.0,0,0.9079,0.631,0.6001,0.1592,4e17ca1bce3a18b90cdf5334bc438c1d088ebb2ee826cabb9e3021836e05a664
SeasonalForestSpring/easy/P003/001516,SeasonalForestSpring,SeasonalForest,easy,P003,1516,32,test,6.1289,16320.0,0,0.81,0.5715,0.4458,0.4114,476f573aee3a7e2a421b10654925bd9c5c23b20a236e23322548af8636c81adf
SeasonalForestSpring/hard/P000/000452,SeasonalForestSpring,SeasonalForest,hard,P000,452,32,test,5.543,13408.0,0,0.9168,0.7861,0.2594,0.3113,fc4d46764f75e7bb29c62d3881044a43459cd6615979d1b20e375baefdcffcb6
SeasonalForestSpring/hard/P000/001389,SeasonalForestSpring,SeasonalForest,hard,P000,1389,32,test,9.4766,15088.0,0,0.8097,0.6564,0.3633,0.7111,4f89946d36c75c0916556ba845d0d6193385d1de80c35aef680bef1db08c85c8
SeasonalForestSpring/hard/P001/000467,SeasonalForestSpring,SeasonalForest,hard,P001,467,32,test,3.6074,13560.0,0,0.9011,0.7002,0.3287,0.1997,1b769544c93401b06f79f056007b18f0347e6d91c52037b831c52078261a8896
SeasonalForestSpring/hard/P001/001434,SeasonalForestSpring,SeasonalForest,hard,P001,1434,32,test,10.5469,16368.0,0,0.7548,0.8965,0.5267,0.2255,8e794bf5262fcb82dea2a9816f306706aa518757449197dca9a9232c9d64458f
SeasonalForestSpring/hard/P002/000458,SeasonalForestSpring,SeasonalForest,hard,P002,458,32,test,201.3125,16400.0,0,0.7564,0.7362,0.566,0.349,3f0bb5e6b7c97c9d54d8f4a858ce15faadc53e7554cffcba3e740322997df1b3
SeasonalForestSpring/hard/P002/001404,SeasonalForestSpring,SeasonalForest,hard,P002,1404,32,test,121.3438,16400.0,0,0.878,0.6402,0.6087,0.1776,a3d9340ee16d767ef888258b50a78f23efdfd0863fd7e31f78524c54167413fb
SeasonalForestSpring/hard/P003/000290,SeasonalForestSpring,SeasonalForest,hard,P003,290,32,test,6.8984,13744.0,0,0.7486,0.7912,0.4195,0.2234,a4bf88520d889f3c91fa39f0a6732c2789a81c08b0d3eb52406ec74d269aba22
SeasonalForestSpring/hard/P003/000902,SeasonalForestSpring,SeasonalForest,hard,P003,902,32,test,13616.0,16496.0,0,0.8916,0.304,0.6641,0.5064,fc3ca51e52e4e072599caa13e16c8b78849ae15d34776061a8d9411fbfc91453
SeasonalForestSummerNight/easy/P000/000662,SeasonalForestSummerNight,SeasonalForest,easy,P000,662,32,test,8.4453,15768.0,0,0.8765,0.7498,0.1543,0.2677,e6f36235969546218878ee148a978be63a7770674de1cde204cce04c9796cc98
SeasonalForestSummerNight/easy/P000/002020,SeasonalForestSummerNight,SeasonalForest,easy,P000,2020,32,test,26.4453,16256.0,0,0.9502,0.5583,0.2245,0.4107,768ac382bffbb8c1dc901b772ce82dd267011d1781c631cd317b2f54459c5aa1
SeasonalForestSummerNight/easy/P001/001220,SeasonalForestSummerNight,SeasonalForest,easy,P001,1220,32,test,13.5156,16344.0,0,0.8449,0.6736,0.2006,0.2227,a16113c188feb03b297e4669a9cddb1d8d7cc3aa64d50f650fb8cbd5b6a12ca0
SeasonalForestSummerNight/easy/P001/003691,SeasonalForestSummerNight,SeasonalForest,easy,P001,3691,32,test,7.2383,31.11,0,0.8579,0.8848,0.0774,0.1483,12789a98347ae56c66b02090422f0de8b645930f0e13668d42ce6389f0708a8c
SeasonalForestSummerNight/hard/P000/000402,SeasonalForestSummerNight,SeasonalForest,hard,P000,402,32,test,7.082,13552.0,0,0.7813,0.7288,0.0755,0.3847,1c59a4948f2d40e908f9701a7e10bbc377706eb15e8dc8821b7c4211dda17af8
SeasonalForestSummerNight/hard/P000/001238,SeasonalForestSummerNight,SeasonalForest,hard,P000,1238,32,test,30.1094,16384.0,0,0.9014,0.4659,0.2367,0.2457,61621f48b3eb13d29a2f00813693c544457c6c876b4894ab7ed33cf9cac8bf82
SeasonalForestSummerNight/hard/P001/000668,SeasonalForestSummerNight,SeasonalForest,hard,P001,668,32,test,24.875,16376.0,0,0.8538,0.4803,0.2894,0.4496,818c7c859721f8119725a21a5ccd8f3c050a76b19721243c04833f065c8ac6da
SeasonalForestSummerNight/hard/P001/002036,SeasonalForestSummerNight,SeasonalForest,hard,P001,2036,32,test,12.75,16248.0,0,0.7828,0.6406,0.2237,0.2904,1a12413e89bec1919f13b4a5a5b69632105272de18fc97f2888d8f7bc74c0c76
SeasonalForestWinter/easy/P000/000547,SeasonalForestWinter,SeasonalForest,easy,P000,547,32,test,46.2188,16400.0,0,0.8486,0.7789,0.5335,0.0972,d1e23aebf7131afa0cdf9fccddc370657a7ebd1b7e18e205f01bc1c2f23ecc35
SeasonalForestWinter/easy/P000/001673,SeasonalForestWinter,SeasonalForest,easy,P000,1673,32,test,14.2578,15816.0,0,0.9362,0.5755,0.6022,0.1851,41b42e2c28d7049b15621162c418a053423b12e0a8cc22c46d33ce73c3b95020
SeasonalForestWinter/easy/P001/000406,SeasonalForestWinter,SeasonalForest,easy,P001,406,32,test,42.0469,16432.0,0,0.859,0.7164,0.5977,0.2939,62a366c279b4f5ffa36ac83677e94b2257d467f2e450edae14c34d8868f0c960
SeasonalForestWinter/easy/P001/001250,SeasonalForestWinter,SeasonalForest,easy,P001,1250,32,test,7.7344,16400.0,0,0.8491,0.8838,0.431,0.0846,a51c07fb76b8afea8df08ffae3577f96c7056ff997d6eec1b3a8bca6b8f509ab
SeasonalForestWinter/easy/P002/001100,SeasonalForestWinter,SeasonalForest,easy,P002,1100,32,test,10.0859,14824.0,0,0.9663,0.6798,0.4533,0.4005,21d900c0de1374d63a8dcbc428b2f9f0cbfa60167d86cef0486b14145e54fa19
SeasonalForestWinter/easy/P002/003333,SeasonalForestWinter,SeasonalForest,easy,P002,3333,32,test,4.9844,12960.0,0,0.9003,0.4175,0.352,0.3062,c97914197b8b2db32340f96a41067ca88e938fff01cd2613bd5ca24233ade42a
SeasonalForestWinter/hard/P000/000323,SeasonalForestWinter,SeasonalForest,hard,P000,323,32,test,6.6602,16056.0,0,0.8837,0.7824,0.4875,0.1617,95ab6546ebdfd8c8f74fe728efa250e37d96e548107e372415dba3456d58bb29
SeasonalForestWinter/hard/P000/001001,SeasonalForestWinter,SeasonalForest,hard,P000,1001,32,test,3.7578,16120.0,0,0.8006,0.609,0.4134,0.3609,92edd3e69229c9ddf6616627a0c65a47d74297c536e930fd0060997c9fef09a1
SeasonalForestWinter/hard/P001/000228,SeasonalForestWinter,SeasonalForest,hard,P001,228,32,test,5.9375,13296.0,0,0.9073,0.6554,0.4927,0.2924,4a2d4e650fab4f87040844d114fa8e06172333fc52f9398652b7a7f5b6b78115
SeasonalForestWinter/hard/P001/000716,SeasonalForestWinter,SeasonalForest,hard,P001,716,32,test,5.8086,16232.0,0,0.7796,0.793,0.4942,0.5742,2b13817abf29502e8f374c35f3fd1896f1f1287125ffeb3a94f0ca6fd30c3241
SeasonalForestWinter/hard/P002/000726,SeasonalForestWinter,SeasonalForest,hard,P002,726,32,test,13496.0,16384.0,0,0.9568,0.234,0.6445,0.1731,0c5a307ac910223aaf7829d5fa1bb1e549419cb6ae726e7b31e0e0fa2ecb36b6
SeasonalForestWinter/hard/P002/002209,SeasonalForestWinter,SeasonalForest,hard,P002,2209,32,test,9.2188,15664.0,0,0.9065,0.7562,0.5362,0.2581,4d9e6f3179c1881167c7582ac9844138338b1996c2be278981d3d65eabc61bb9
SeasonalForestWinterNight/easy/P000/000764,SeasonalForestWinterNight,SeasonalForest,easy,P000,764,32,test,41.5,16272.0,0,0.9543,0.4737,0.02,0.408,7494db32584035cf975a5f040015c601b8c0dd3a3ac1df0fc9b828d9a32d8ffd
SeasonalForestWinterNight/easy/P000/002322,SeasonalForestWinterNight,SeasonalForest,easy,P000,2322,32,test,12.2109,16216.0,0,0.9528,0.4616,0.0436,0.1431,9a6d00179b36de4c8e62b80b40c932c5eb8028c670cf33e332fcfa52d2fa7471
SeasonalForestWinterNight/easy/P001/000992,SeasonalForestWinterNight,SeasonalForest,easy,P001,992,32,test,16.7969,16184.0,0,0.8897,0.7669,0.0492,0.1917,c6361f2b489c4855929591f41a7a75007ab1e182aa260feb146edf4fcc8f0a99
SeasonalForestWinterNight/easy/P001/003006,SeasonalForestWinterNight,SeasonalForest,easy,P001,3006,32,test,10.7891,16200.0,0,0.751,0.8928,0.0416,0.2685,bfc8fcfac4318e9ca6c3c0fef0de19555c249faf1fff02b1f779915907f71deb
SeasonalForestWinterNight/easy/P002/000812,SeasonalForestWinterNight,SeasonalForest,easy,P002,812,32,test,8.2109,16096.0,0,0.8542,0.8353,0.024,0.1289,ddeb4a16a403012522a94db88f155254b8334ff3e8675c28d74eaf18cb9cdfd7
SeasonalForestWinterNight/easy/P002/002468,SeasonalForestWinterNight,SeasonalForest,easy,P002,2468,32,test,838.25,16400.0,0,0.8876,0.5132,0.0417,0.1153,3435b4dd398ed21e8513d5ddb96667679dffc8ed88b39e4c32891516ba9009be
SeasonalForestWinterNight/hard/P000/000403,SeasonalForestWinterNight,SeasonalForest,hard,P000,403,32,test,13.6992,16232.0,0,0.8324,0.5324,0.0579,0.1723,d62181b39ebbd4a8bd7397b78594ea465132d888140a8c327704042d275b9129
SeasonalForestWinterNight/hard/P000/001240,SeasonalForestWinterNight,SeasonalForest,hard,P000,1240,32,test,6.918,15864.0,0,0.8495,0.6194,0.0823,0.3002,d3d2961c09b33d26c9c56dccfa895a13478553d42bb7741718871da45db7ff7d
SeasonalForestWinterNight/hard/P001/000627,SeasonalForestWinterNight,SeasonalForest,hard,P001,627,32,test,12.3867,15656.0,0,0.7735,0.9115,0.054,0.4551,0307518ff1ac9a28d870b72461a6b68b762057ba451b2186e7b5096f0e63fb32
SeasonalForestWinterNight/hard/P001/001914,SeasonalForestWinterNight,SeasonalForest,hard,P001,1914,32,test,10.4727,16232.0,0,0.7075,0.8723,0.0478,0.4559,3bfe8a262ed7c3d02f8725e2139dade95751907abb6a9891d5fc59d1457c6f24
SeasonalForestWinterNight/hard/P002/000479,SeasonalForestWinterNight,SeasonalForest,hard,P002,479,32,test,10.3438,15568.0,0,0.9219,0.4649,0.093,0.2225,0450c2300731d7896161950baac3886cb413f5b61baa36652931983761e50b4c
SeasonalForestWinterNight/hard/P002/001468,SeasonalForestWinterNight,SeasonalForest,hard,P002,1468,32,test,17.9922,16368.0,0,0.7806,0.7156,0.0202,0.3564,dc7d5bc3576dab32210d479004b5fcb505ec2d050a45158195d8d8408996af7b
Sewerage/easy/P001/000392,Sewerage,Sewerage,easy,P001,392,32,validation,1.6826,4.84,0,0.9289,0.0133,0.3051,0.131,9126d7dca37d675bc9d4efd4c4f308e72bf19790878d5f87d68c8f6c300276b4
Sewerage/easy/P001/001209,Sewerage,Sewerage,easy,P001,1209,32,validation,1.7168,23.41,0,0.9802,0.1969,0.2718,0.2267,2ecced503fcf546b0e0b29f1edee2b07714f48cb0ab9d879f69daad00bd4a790
Sewerage/easy/P002/000392,Sewerage,Sewerage,easy,P002,392,32,validation,1.417,3.18,0,0.9933,0.0,0.0026,0.0499,aa7436b0da133314c78d2de5533bd3f0bd1ede2d5a1fc3aa3860315abe6f2d26
Sewerage/easy/P002/001207,Sewerage,Sewerage,easy,P002,1207,32,validation,4.8242,16.28,0,0.9924,0.1189,0.2867,0.052,bc4d3a8ea9a9580dbc79df06e4f2923374226c1b14d5ebd32aa3231a4648518a
Sewerage/easy/P003/000506,Sewerage,Sewerage,easy,P003,506,32,validation,2.7334,27.17,0,0.8919,0.3112,0.3984,0.135,a2b8523bc64524e46d3b9de010eaadbde455422669e55d47a6e309182c621f7d
Sewerage/easy/P003/001548,Sewerage,Sewerage,easy,P003,1548,32,validation,1.2637,4.84,0,0.9926,0.0004,0.0159,0.0863,c011f1ee00565cec1d7c5b281b5a9bbbd550ab455e177679d59fd078b18c6cfb
Sewerage/easy/P004/000320,Sewerage,Sewerage,easy,P004,320,32,validation,3.5938,15.04,0,0.9711,0.2799,0.2009,0.2535,6574b893f7708383c4ddad2f5db6ea57a86b700ec45c39a166eed305323f2eb2
Sewerage/easy/P004/000991,Sewerage,Sewerage,easy,P004,991,32,validation,3.3887,27.55,0,0.9658,0.1986,0.0496,0.2889,92ddcbb9cd5e1bf9900fd21956e46c3ee801b94d2144d9194c8799eabf06c2c2
Sewerage/easy/P005/000332,Sewerage,Sewerage,easy,P005,332,32,validation,1.5283,10.7,0,0.9693,0.1294,0.5124,0.2758,570c7089d0a14729ed2dcc9004f341e984ad00710c4e3d29af8f39390cf9f44e
Sewerage/easy/P005/001029,Sewerage,Sewerage,easy,P005,1029,32,validation,5.9453,28.27,0,0.9689,0.4654,0.0625,0.2057,bacfd10e55f7eab7a0f648aa60a115ba0e0ae7ca822dd26168af1527d5587d46
Sewerage/easy/P006/000372,Sewerage,Sewerage,easy,P006,372,32,validation,1.8867,17.33,0,0.9703,0.0169,0.067,0.193,456d0a4b74cbfd3fd8813918438737163201d5b8d4ca076c9976d14814d8a8b4
Sewerage/easy/P006/001148,Sewerage,Sewerage,easy,P006,1148,32,validation,3.7695,12.57,0,0.8849,0.3022,0.0655,0.3416,20a898ca646115542f659478e7235b82814bff90602fe40802cf104db9bc41b0
Sewerage/easy/P007/000421,Sewerage,Sewerage,easy,P007,421,32,validation,1.6797,37.25,0,0.9525,0.0964,0.0723,0.3381,9c11db32a347200dca49616b2adeeffbab235d9ded78b6fa9785c98e6ca2b010
Sewerage/easy/P007/001295,Sewerage,Sewerage,easy,P007,1295,32,validation,0.6987,7.98,0,0.9712,0.013,0.5209,0.096,d900764908bffdd7c8b78cd9add5d04a33d2b1bc75d777643f2725c040877561
Sewerage/easy/P008/000516,Sewerage,Sewerage,easy,P008,516,32,validation,7.8164,27.09,0,0.9885,0.3619,0.1355,0.1891,0f24cacb655b8f4fb563974740227515f92a8343c7b42f6e81d76fe4f8abb766
Sewerage/easy/P008/001580,Sewerage,Sewerage,easy,P008,1580,32,validation,2.5107,6.0,0,0.9921,0.0373,0.1617,0.0803,3f9a710074874444816a9d56105b0dab5da37a4b3cba9bf4ca633b6feb451071
Sewerage/easy/P009/000462,Sewerage,Sewerage,easy,P009,462,32,validation,3.7305,21.83,0,0.9507,0.2705,0.0651,0.1917,f1f9f8f3c03f6dbe026b74400f614843de84c57fac5d793b07dc6f28234691f3
Sewerage/easy/P009/001420,Sewerage,Sewerage,easy,P009,1420,32,validation,2.9609,20.75,0,0.9514,0.3211,0.0712,0.2099,29f5d04c06d990d974a9bee465c80104ded55068bfc8df846bc1a1e491ccc556
Sewerage/easy/P010/000490,Sewerage,Sewerage,easy,P010,490,32,validation,9.2812,24.45,0,0.9912,0.5594,0.1858,0.0987,7dc3f2e05798ae2e4233ac2901d9852150be6ab8d5bd55366b915478e598db37
Sewerage/easy/P010/001503,Sewerage,Sewerage,easy,P010,1503,32,validation,7.9258,29.75,0,0.9879,0.3072,0.143,0.2181,b89abac1f973c9648603a49fca4140a468e289b1ade4e988c48b237a30abcdac
Sewerage/easy/P011/000521,Sewerage,Sewerage,easy,P011,521,32,validation,5.3164,18.67,0,0.9667,0.1648,0.2506,0.2043,9a1f144411b9550f18aab8e6d6cd785d41126dfa92cba0d74d56fba27d7a77b6
Sewerage/easy/P011/001595,Sewerage,Sewerage,easy,P011,1595,32,validation,3.7344,24.66,0,0.9633,0.3499,0.0698,0.0903,eade57f13a2ac01c153ba10dbbbd634620bb2130784c807220a3f4f3284dcb4f
Sewerage/hard/P001/000223,Sewerage,Sewerage,hard,P001,223,32,validation,4.3984,10.27,0,0.9386,0.2246,0.2429,0.2043,cdc6243b32cc5575dadd1c663b255450fab9a82328b54fe76c2c6034bff848a1
Sewerage/hard/P001/000702,Sewerage,Sewerage,hard,P001,702,32,validation,1.4834,13.42,0,0.9325,0.1071,0.2381,0.2463,ce6c50be7fe1aa0af944adee213476c32ce83f4bd0cb4ac4e395f6572708362f
Sewerage/hard/P002/000226,Sewerage,Sewerage,hard,P002,226,32,validation,0.9639,6.88,0,0.8539,0.2233,0.2911,0.1913,fa849402279b2805d3a07123d69684ca5bcc7cce96f2754ab5e72f67dc73ac8a
Sewerage/hard/P002/000709,Sewerage,Sewerage,hard,P002,709,32,validation,4.2539,53.09,0,0.9575,0.3185,0.0891,0.2819,10ededb8d7af5bc0726d0edbdc4584965f7e6d5acab690757d0336d91fce6a4f
Sewerage/hard/P003/000265,Sewerage,Sewerage,hard,P003,265,32,validation,3.6445,23.83,0,0.9632,0.2257,0.1001,0.1966,bbf3da90e065a270b77d0ebf08d5b55e7c60662b3fa392463c1a4877cf8fd11b
Sewerage/hard/P003/000827,Sewerage,Sewerage,hard,P003,827,32,validation,2.0176,28.72,0,0.9346,0.1606,0.0449,0.1156,cff23c0d06f3865582726a5de4b1e0de0342e07ed71a1bb299c13240304d18d0
Sewerage/hard/P004/000202,Sewerage,Sewerage,hard,P004,202,32,validation,7.4492,42.06,0,0.8965,0.4866,0.1845,0.5325,41b908c9ff09c6a620be404823e83b3e5f9e937a9fb71024d748448bc3333f62
Sewerage/hard/P004/000636,Sewerage,Sewerage,hard,P004,636,32,validation,2.2559,25.91,0,0.9472,0.1527,0.0802,0.1876,ec53693c9dec3356a98fb5f92c52b4e2502a9fff7a37b5db8162b11294604a46
Sewerage/hard/P005/000221,Sewerage,Sewerage,hard,P005,221,32,validation,1.4756,13.91,0,0.9509,0.1398,0.3485,0.4021,a9d56dab4a464e31798ae217ef85707fc272ce548bd21e55f1c16db705a56168
Sewerage/hard/P005/000694,Sewerage,Sewerage,hard,P005,694,32,validation,8.0859,35.28,0,0.934,0.3663,0.1881,0.1878,d506abd960fd3db7811bf2cbcf5f97955ca904b8a3bd7aca3fc2f7693028e200
Sewerage/hard/P006/000220,Sewerage,Sewerage,hard,P006,220,32,validation,3.2168,18.52,0,0.9535,0.1642,0.05,0.236,531c783c406cc2c16052539e78e64a9e0fbf465b82403db7a042d91f51f3f8d2
Sewerage/hard/P006/000691,Sewerage,Sewerage,hard,P006,691,32,validation,2.1895,23.33,0,0.848,0.3307,0.1165,0.5029,d798d3af405dc6c492a8e6b51ef3abc45aaca59f5049cd5bf36d182e0e707a13
Sewerage/hard/P007/000262,Sewerage,Sewerage,hard,P007,262,32,validation,2.1855,35.28,0,0.9029,0.1864,0.1742,0.5023,56177f07a53ff64eec4f1bc5ebfc1a8720f4fd5c838cdeeabcab3e3f66787e20
Sewerage/hard/P007/000819,Sewerage,Sewerage,hard,P007,819,32,validation,1.9482,27.0,0,0.7103,0.1394,0.3941,0.5216,f50767eb4a6b5d43f0ff5c1112437a07859e0f0bcebb27aa8da977b4c5a7b1f3
Sewerage/hard/P008/000286,Sewerage,Sewerage,hard,P008,286,32,validation,1.5039,23.75,0,0.9252,0.0356,0.0048,0.2352,bec096bf4a252b0b3aa3583540ca52b8d390d1d35af70e59087a49ba921bc289
Sewerage/hard/P008/000891,Sewerage,Sewerage,hard,P008,891,32,validation,3.0254,8.34,0,0.9524,0.0922,0.2341,0.2891,49f7a856c94c209637e301479256b57664c0576366633a30161bb8d70e042269
Sewerage/hard/P009/000263,Sewerage,Sewerage,hard,P009,263,32,validation,3.4414,32.31,0,0.8317,0.3339,0.1519,0.3212,03c34316f66e46cbe27170588435ad8f99e087d0a6ab1f4c966496a7ce762e78
Sewerage/hard/P009/000821,Sewerage,Sewerage,hard,P009,821,32,validation,3.3184,12.17,0,0.8934,0.1195,0.0465,0.2181,f2fa977590fbfc6987056ab3ff7b7e0b1853097ce526c325d2bbadbddb400c46
Sewerage/hard/P010/000261,Sewerage,Sewerage,hard,P010,261,32,validation,4.6914,18.98,0,0.9132,0.2387,0.1077,0.2628,7e6219d8b2afe4533bde42f03778580d31f3e1ee28b369e57baaebe426f032f0
Sewerage/hard/P010/000815,Sewerage,Sewerage,hard,P010,815,32,validation,8.4492,23.28,0,0.9507,0.3443,0.1549,0.1562,d60768d8d378b8dc9a7aca6ff88ec19fe654e4bd3751afa863fdc986e8cee39c
Sewerage/hard/P011/000277,Sewerage,Sewerage,hard,P011,277,32,validation,3.3555,40.5,0,0.924,0.2461,0.1276,0.2387,41785b51288a358f3471ff35baa3b3c2e4d98af7f33a1017d912ebb3e9943a56
Sewerage/hard/P011/000863,Sewerage,Sewerage,hard,P011,863,32,validation,2.9395,5.7,0,0.9774,0.0037,0.0072,0.1241,891bd3c32686ee7c687560df106255c0aecc27de26e911301433c7a4acb75b5e
ShoreCaves/easy/P001/000414,ShoreCaves,ShoreCaves,easy,P001,414,32,calibration,8.0156,207.5,0,0.989,0.031,0.1117,0.238,e3481da23e4a9898a960d8196252980fecf29f203a48f77cad8bf03196850160
ShoreCaves/easy/P001/001272,ShoreCaves,ShoreCaves,easy,P001,1272,32,calibration,291.5,458.75,0,0.996,0.0487,0.7832,0.1242,02243e6f6db3143676728d12e4382550c1726d0f1458b364c67bfe553526b135
ShoreCaves/easy/P002/000564,ShoreCaves,ShoreCaves,easy,P002,564,32,calibration,5.5,10.73,0,0.9971,0.0166,0.5821,0.2737,b1cf96f589125c871ac82f233d6b39d6f92ac457bdd22b7905da6d79bc5a1919
ShoreCaves/easy/P002/001722,ShoreCaves,ShoreCaves,easy,P002,1722,32,calibration,340.0,506.25,0,0.9508,0.0916,0.8415,0.1333,50208d0f115653f12cb9f178f0cf041af6e5ab93b6aedce694d661b51face70b
ShoreCaves/easy/P003/000734,ShoreCaves,ShoreCaves,easy,P003,734,32,calibration,18.3438,320.5,0,0.9952,0.1929,0.4213,0.2664,40074e58e371d88321e8446d20911d5a358a4d8e7299af7d6a7bf92bd0d5391f
ShoreCaves/easy/P003/002234,ShoreCaves,ShoreCaves,easy,P003,2234,32,calibration,124.7188,534.5,0,0.9479,0.1293,0.6585,0.2029,8d54d251a8472c8bc1a3b4e1e4feadac6bd29776f9552f9ddd40a5fdafdf0e66
ShoreCaves/easy/P004/000490,ShoreCaves,ShoreCaves,easy,P004,490,32,calibration,232.75,311.0,0,0.9964,0.1287,0.5808,0.3062,580542b4fdee088a6150c5fa92ecff422996ad6f2a544c4afcc8d2844ba735dc
ShoreCaves/easy/P004/001503,ShoreCaves,ShoreCaves,easy,P004,1503,32,calibration,17.5312,324.0,0,0.9718,0.1373,0.3782,0.3594,5628ef1270628ea440923593fa1e1c4c557ac43294b4c67c0709fb49082586d1
ShoreCaves/easy/P005/000184,ShoreCaves,ShoreCaves,easy,P005,184,32,calibration,6.0859,466.0,0,0.9803,0.0439,0.0021,0.1845,7647442d9c2b98dd55df45a7a3f7735d5e2db5f969600d62bcac0646e0098a72
ShoreCaves/easy/P005/000585,ShoreCaves,ShoreCaves,easy,P005,585,32,calibration,3.1426,249.25,0,0.9949,0.0004,0.25,0.1916,220c90d74f4c10eddba21793e3105884f1aafab556627e81d98a9827550d3de4
ShoreCaves/easy/P006/000309,ShoreCaves,ShoreCaves,easy,P006,309,32,calibration,227.875,331.5,0,0.9968,0.1128,0.6279,0.2758,2ea9e85f0f610207ad497d09315ea8cbe454193137239096497207f2f49b5780
ShoreCaves/easy/P006/000958,ShoreCaves,ShoreCaves,easy,P006,958,32,calibration,18.5625,400.75,0,0.9798,0.1995,0.4824,0.0898,938399b020d7f3bd36ca984321a0c65066baea29b4c1a29f064805abc16fa86e
ShoreCaves/easy/P007/000345,ShoreCaves,ShoreCaves,easy,P007,345,32,calibration,9.4297,291.5,0,0.9917,0.0583,0.2753,0.4105,ad2d9742e9ed44d134126d2f460e1eab039dfa5597bbd524367827b1edcaa985
ShoreCaves/easy/P007/001067,ShoreCaves,ShoreCaves,easy,P007,1067,32,calibration,229.0625,301.25,0,0.9907,0.0826,0.7312,0.3433,631f09969d37d629341b15c3486a4e6881078bbb8b890d9c69c5c77e7e9ce2e7
ShoreCaves/easy/P008/000190,ShoreCaves,ShoreCaves,easy,P008,190,32,calibration,34.6875,284.5,0,0.9984,0.073,0.4306,0.2011,d65f41199c414f176d38b8bc4db305bf228f398d1f779ec1862b30ffedcd17c7
ShoreCaves/easy/P008/000600,ShoreCaves,ShoreCaves,easy,P008,600,32,calibration,5.0664,209.12,0,0.9803,0.0413,0.5121,0.1822,d05ea3b39a84e49afcfe5c226b2b986121c52d91144843f112fcc47f81007655
ShoreCaves/hard/P001/000265,ShoreCaves,ShoreCaves,hard,P001,265,32,calibration,3.8711,40.84,0,0.9459,0.0374,0.0143,0.3082,697d07e5dfa12d9f864fd5648d5cb4638cf932ee69d913c22ceb072295d299a0
ShoreCaves/hard/P001/000827,ShoreCaves,ShoreCaves,hard,P001,827,32,calibration,35.9219,342.25,0,0.9396,0.0793,0.6694,0.2304,40eddbaed11ad2b171cdd27f7b464ec1b3778c52d498098e88c7a59a675c45f2
ShoreCaves/hard/P002/000322,ShoreCaves,ShoreCaves,hard,P002,322,32,calibration,11.1328,592.0,0,0.9593,0.0644,0.6121,0.4887,bdd4ac47b22f23d8bdec21044225ce03e553904a8d3dc6f8e58a479dd7ca9da9
ShoreCaves/hard/P002/000998,ShoreCaves,ShoreCaves,hard,P002,998,32,calibration,47.7812,520.0,0,0.9547,0.1953,0.3736,0.3203,ed2475ff3e8a3074df66f3276dedc74848995705b4d6c234e509e3db6726475d
ShoreCaves/hard/P003/000386,ShoreCaves,ShoreCaves,hard,P003,386,32,calibration,21.2266,395.5,0,0.9547,0.1927,0.4745,0.3583,2e32de804a92b90a9613616b077628f24cda1c3d533230efc769ee9c9ebe2db6
ShoreCaves/hard/P003/001189,ShoreCaves,ShoreCaves,hard,P003,1189,32,calibration,22.7109,490.25,0,0.9519,0.1153,0.3797,0.6797,a25f767678202203d1be52ec610da6db501c75e3b743af39d4edf2fafced134f
ShoreCaves/hard/P004/000200,ShoreCaves,ShoreCaves,hard,P004,200,32,calibration,237.6875,356.5,0,0.9216,0.1348,0.6281,0.6393,48a1d53b1d775e011a353d85ccd39719e56b5faa8c5dd0927596c0d1f5f74cdd
ShoreCaves/hard/P004/000630,ShoreCaves,ShoreCaves,hard,P004,630,32,calibration,335.0,499.25,0,0.9242,0.0862,0.8247,0.4457,160e1105c3e5b60b46dfc70b73e97edcbc6fd0709653b420c3efeae7e8a826d4
ShoreCaves/hard/P005/000378,ShoreCaves,ShoreCaves,hard,P005,378,32,calibration,2.6934,21.77,0,0.7887,0.0085,0.0827,0.4593,46883bcc08bbc004a3b5a2b4584becf3d77428f6af011440106fcce285ab4561
ShoreCaves/hard/P006/000194,ShoreCaves,ShoreCaves,hard,P006,194,32,calibration,346.5,497.0,0,0.9368,0.1489,0.7755,0.1479,dd8ccde25d103a116090c6b8078208952c29fffa7ec068fecc17d6071460f418
ShoreCaves/hard/P006/000615,ShoreCaves,ShoreCaves,hard,P006,615,32,calibration,13.6523,415.75,0,0.9482,0.1242,0.5073,0.553,24d0a759654cb4ea82ed3c75077060eb0abb7888a4d1cedad6c10fbb98082e12
ShoreCaves/hard/P007/000204,ShoreCaves,ShoreCaves,hard,P007,204,32,calibration,293.5,382.5,0,0.9636,0.0722,0.7565,0.2558,4774ba1791d044821709622ac19aef98ce19fe13916fbb78b8065e36ac3ab9da
ShoreCaves/hard/P007/000645,ShoreCaves,ShoreCaves,hard,P007,645,32,calibration,339.375,468.25,0,0.9369,0.075,0.7647,0.3088,6ba18c2caf3518a0706ff30d18d2afe1829550116b8789356f25ad40c95f6817
ShoreCaves/hard/P008/000115,ShoreCaves,ShoreCaves,hard,P008,115,32,calibration,6.4492,60.84,0,0.9429,0.0693,0.5134,0.2589,6326c5179a9458a538eb4fa1199380e1fd5c38d53c778c02dc931dbd48398d34
ShoreCaves/hard/P008/000377,ShoreCaves,ShoreCaves,hard,P008,377,32,calibration,4.3125,496.5,0,0.9371,0.0696,0.4617,0.3057,ea6e685399f36dad0784312fd5ecd2dc1d09f80beef9d85293484fe5e0855d59
Slaughter/easy/P000/000415,Slaughter,Slaughter,easy,P000,415,32,calibration,1.2798,6.33,0,0.843,0.4696,0.441,0.3125,0469a2990f6fc89b3aa10338a0bde84a6400fd84c1daccaaf1d6028f5869fe61
Slaughter/easy/P000/001276,Slaughter,Slaughter,easy,P000,1276,32,calibration,1.4082,32.88,0,0.7972,0.2482,0.1797,0.3609,dd2fb27b78f55190402ce9a6b5b0b4d16812dfa9ad60e431b9fea25ce788d787
Slaughter/easy/P001/000263,Slaughter,Slaughter,easy,P001,263,32,calibration,1.2275,7.55,0,0.9655,0.1117,0.0839,0.1117,4bf726b8ec4c73515fb13618d4338c4da619594b267189b2aed00d6de969f1ca
Slaughter/easy/P001/000821,Slaughter,Slaughter,easy,P001,821,32,calibration,5.3203,14728.0,0,0.8222,0.918,0.8208,0.1823,1fe3ca3639fc228c235d036ae86010be54243e65c5b246d9b02ab0fdff24cbaa
Slaughter/easy/P002/000277,Slaughter,Slaughter,easy,P002,277,32,calibration,1.7842,12280.0,0,0.8832,0.5139,0.1485,0.1921,5b7c4e435fae4e4203fcf6cec641a488dd1653a857eba7e34088c44e484dded8
Slaughter/easy/P002/000864,Slaughter,Slaughter,easy,P002,864,32,calibration,1.2256,12984.0,0,0.8945,0.1833,0.3128,0.1919,19c8639b8109ad01c04ab0e2eda4e0cac0234a0e2376172a474c0725d78503f9
Slaughter/easy/P003/000155,Slaughter,Slaughter,easy,P003,155,32,calibration,1.5405,6.99,0,0.9373,0.147,0.0549,0.1084,75991af64495b8bc45c123f156b79e0fbf359a98d3ff41edcd17947bfaae87b2
Slaughter/easy/P003/000496,Slaughter,Slaughter,easy,P003,496,32,calibration,11864.0,16360.0,0,0.9626,0.3401,0.5738,0.1423,a06ca0d941d3c0e985e51e08c2444fd629ba6bcc5f089bfbbe4f647eab575583
Slaughter/easy/P004/000336,Slaughter,Slaughter,easy,P004,336,32,calibration,12896.0,16368.0,0,0.9501,0.285,0.8674,0.1484,a79d6b6948d92b93d1214de2644575bc5618ec976ea6b9fad45f0daa1026a262
Slaughter/easy/P004/001039,Slaughter,Slaughter,easy,P004,1039,32,calibration,2.1465,11.77,0,0.9619,0.3388,0.2565,0.1291,685fad844964adcccd14ec4896c8aa0517124e33a2c9c450ce5adf23086102b5
Slaughter/easy/P005/000336,Slaughter,Slaughter,easy,P005,336,32,calibration,2.0645,13368.0,0,0.9228,0.4269,0.2375,0.1901,08033ef1b796210d935a5864a8710bc048b5c8e50602f4e73bd4fd31c4ad8a35
Slaughter/easy/P005/001042,Slaughter,Slaughter,easy,P005,1042,32,calibration,1.1689,2.59,0,0.9928,0.057,0.1266,0.1062,343aa1255274e89a8b2b4cc3ede567abf72fc32c2b57b6f9c90ecc8290dac249
Slaughter/easy/P006/000218,Slaughter,Slaughter,easy,P006,218,32,calibration,1.8545,14696.0,0,0.8341,0.368,0.2127,0.2728,aa2b922c5513860741fbd2bdf2bfc790f3cba5d1b3b43f1e4d5938ccea2c4e16
Slaughter/easy/P006/000688,Slaughter,Slaughter,easy,P006,688,32,calibration,1.7412,26.14,0,0.9692,0.2362,0.1577,0.0939,4f75685d2e9c06d4dcfde1f289e83be343ac615e418e148f55390814fa59c260
Slaughter/easy/P007/000286,Slaughter,Slaughter,easy,P007,286,32,calibration,1.8218,22.62,0,0.9048,0.443,0.1447,0.2332,aae81713f4c4bcfaefbf45b63f7a36c64c0b04f29df96a6868de14ae9b45c1fc
Slaughter/easy/P007/000888,Slaughter,Slaughter,easy,P007,888,32,calibration,12640.0,16344.0,0,0.9671,0.252,0.8838,0.1171,5619873451315eba4db5b87ada2a87ea186a96525c8392e33df6a8e0105f4b84
Slaughter/easy/P008/000237,Slaughter,Slaughter,easy,P008,237,32,calibration,1.2734,34.03,0,0.9638,0.218,0.2372,0.1125,7c7055dd2aa11bf020f42d8cd4ef993c6fabc04fb05164476e76936769f387a5
Slaughter/easy/P008/000743,Slaughter,Slaughter,easy,P008,743,32,calibration,1.9854,16344.0,0,0.885,0.4191,0.4843,0.2355,e3e3d1d010afaeba923f907bafc18b9e43efbb56cd7ee1030ff24e042a5f2094
Slaughter/easy/P009/000295,Slaughter,Slaughter,easy,P009,295,32,calibration,2.6836,16144.0,0,0.7907,0.4039,0.2793,0.4063,932a2f653def00066b27e37f40e9915289de44291e4c9e51b82c32b0e456da9c
Slaughter/easy/P009/000917,Slaughter,Slaughter,easy,P009,917,32,calibration,2.0918,16000.0,0,0.9321,0.4858,0.2201,0.1173,159aa946f4f394ce2963bbf2db37433697d10622bdb026d703602cd3dfe43f68
Slaughter/easy/P010/000101,Slaughter,Slaughter,easy,P010,101,32,calibration,3.3066,26.02,0,0.8662,0.6246,0.232,0.1173,864b02c625e5248fce51b7571080cd97031a71f93c1628418b6b0b495983854d
Slaughter/easy/P010/000336,Slaughter,Slaughter,easy,P010,336,32,calibration,12720.0,16360.0,0,0.9877,0.2011,0.8326,0.0808,13ee6b9e3b3d2c691ace92a953fc8f9da51338595a020cf7f601e2243f8d8a2d
Slaughter/easy/P011/000123,Slaughter,Slaughter,easy,P011,123,32,calibration,2.1152,7.76,0,0.8777,0.552,0.5654,0.1908,afda810b71af643a879b8c941109740dae557e708976a5e8362db8b1617b153c
Slaughter/easy/P011/000402,Slaughter,Slaughter,easy,P011,402,32,calibration,12648.0,16352.0,0,0.9725,0.2021,0.732,0.2111,0bef6ca420584ddb72fe742c9a20c7645901a5758ef01bc5f21ee8f847804d95
Slaughter/hard/P000/000272,Slaughter,Slaughter,hard,P000,272,32,calibration,1.4463,18.72,0,0.9058,0.1117,0.0846,0.1759,7c49931bbc0b48ce658ef7bb34f726eb826bf6b2dd062ca45a36cffac09ddb7c
Slaughter/hard/P000/000848,Slaughter,Slaughter,hard,P000,848,32,calibration,1.6309,21.61,0,0.8987,0.2799,0.1754,0.3326,76ade004b1abc7d47e614fe8941efc6e87d189cb2e446b58d8b95d86b9a821ee
Slaughter/hard/P001/000154,Slaughter,Slaughter,hard,P001,154,32,calibration,1.084,5.12,0,0.8522,0.2642,0.1112,0.2198,e95ca60b13b5e9dcdec63f3773a8f4ec072bc5192e90e5ad5f768f5745c96c9b
Slaughter/hard/P001/000496,Slaughter,Slaughter,hard,P001,496,32,calibration,2.998,13712.0,0,0.8862,0.4692,0.714,0.2292,f0bb1ffb5a6c3630b689035015fb5a23b5d2e216dd55ae2770421a8455089367
Slaughter/hard/P002/000153,Slaughter,Slaughter,hard,P002,153,32,calibration,2.1309,27.12,0,0.9272,0.3522,0.167,0.3274,a2043bcf66f36f2ca4d8747af44f734cd8f5f80da6fedf4542aa6170b213e008
Slaughter/hard/P002/000492,Slaughter,Slaughter,hard,P002,492,32,calibration,2.2314,15168.0,0,0.9339,0.6849,0.1377,0.2053,6342cdb000bcaf4daff5bf46f04f3dab19d41a3455daa51018436b62e27f3a68
Slaughter/hard/P003/000084,Slaughter,Slaughter,hard,P003,84,32,calibration,1.3135,8.34,0,0.9104,0.1919,0.1998,0.197,abd3908d060b4d8f9a5b50eb78b7d74acdbfa7e71ab7360cc4834c18597c79c2
Slaughter/hard/P003/000284,Slaughter,Slaughter,hard,P003,284,32,calibration,2.291,15808.0,0,0.8801,0.4774,0.332,0.218,7ab57ad4b2d038b7b2ad0749c09b8130fb8cddcfe132d100031697f06c6b9c79
Slaughter/hard/P004/000174,Slaughter,Slaughter,hard,P004,174,32,calibration,13468.0,16344.0,0,0.9183,0.2424,0.9001,0.1499,6dcc643f9e9325d63d5670167bc2cf2644d88f4fccb66a2beaa0ce08a8133325
Slaughter/hard/P004/000554,Slaughter,Slaughter,hard,P004,554,32,calibration,1.7949,3.73,0,0.8921,0.3587,0.2169,0.2012,db00d0b19a43d2a5dbb877472683ebb95d5b73cfc754740666eeccd2a30da781
Slaughter/hard/P005/000204,Slaughter,Slaughter,hard,P005,204,32,calibration,1.6714,24.44,0,0.8885,0.3825,0.1875,0.4279,d8f9091c33d25982856a249ee04a190c23666d313b0d981bae6d7b45a8c973d3
Slaughter/hard/P005/000644,Slaughter,Slaughter,hard,P005,644,32,calibration,1.2539,12536.0,0,0.8194,0.2661,0.1648,0.283,bfcacf9d03faa121f2959f83846bce0cf5d489f74bfaf5ea6386e2ab13f87a14
Slaughter/hard/P006/000126,Slaughter,Slaughter,hard,P006,126,32,calibration,1.4004,9.28,0,0.894,0.2389,0.1415,0.2776,7df2b228f5eec42616c93f3506056fa804cbd6e00bd0ead427ebeceacf66959f
Slaughter/hard/P006/000412,Slaughter,Slaughter,hard,P006,412,32,calibration,1.5259,4.76,0,0.9198,0.5992,0.4118,0.1492,2a47c95854e3d386de6bd9d77ed9b680539b9810dcfb5e34eadb304b6851c821
Slaughter/hard/P007/000183,Slaughter,Slaughter,hard,P007,183,32,calibration,1.6025,8.94,0,0.6269,0.5007,0.1863,0.3965,7693a0769a2a44fe23b542745160a1f0808ec9e28df18f608586f50dfd4dedc6
Slaughter/hard/P007/000582,Slaughter,Slaughter,hard,P007,582,32,calibration,12376.0,16336.0,0,0.9046,0.2618,0.855,0.1699,095584e8afad15ab88f7881b4bad2bae8b86cdb7d0004212857ed397a5611381
Slaughter/hard/P008/000134,Slaughter,Slaughter,hard,P008,134,32,calibration,1.6621,16344.0,0,0.6336,0.4761,0.2084,0.5394,17a2f56202442e9bac071576bfcbc2a84cd693765756b2646c2a693dd9d5013f
Slaughter/hard/P008/000434,Slaughter,Slaughter,hard,P008,434,32,calibration,1.5479,17.41,0,0.8473,0.3354,0.1315,0.2528,d4ea669473f4f53600db287426b0bf7d5bcf26e223cf88289ce26954efb37bc1
Slaughter/hard/P009/000209,Slaughter,Slaughter,hard,P009,209,32,calibration,2.293,15.22,0,0.75,0.5739,0.3036,0.2094,18047caccb705d452636751ee92b2476b0d649453d95d6dbf788a0f325b1a9d1
Slaughter/hard/P009/000659,Slaughter,Slaughter,hard,P009,659,32,calibration,2.1836,14.02,0,0.7793,0.429,0.5724,0.3097,91a5a2bb310ddabdfb2793a9b14f42be7f751dc90a166351530e85f1b107afe0
Slaughter/hard/P010/000075,Slaughter,Slaughter,hard,P010,75,32,calibration,2.8477,9.06,0,0.8249,0.5449,0.3149,0.1549,7dd56e1d59102107a005296f6ce991cb548189473ba2b08422f2359f6fec1aa8
Slaughter/hard/P010/000256,Slaughter,Slaughter,hard,P010,256,32,calibration,12744.0,16360.0,0,0.9491,0.1836,0.7765,0.3792,268bdabe93177b2fa9b161315a69e632106f8f44be0d3eabbcdec23397ff2c62
Slaughter/hard/P011/000060,Slaughter,Slaughter,hard,P011,60,32,calibration,1.3271,11.23,0,0.7149,0.5087,0.1149,0.4401,ba7ef38f88b0354cb0845f6d77ebdcb343382a27bf1407d47a194f2907f70a24
Slaughter/hard/P011/000213,Slaughter,Slaughter,hard,P011,213,32,calibration,2.0586,10.39,0,0.9548,0.2647,0.2123,0.1455,faf17844618339f8a06665877b64af595f6341d76994051249f4be523f6e1c13
SoulCity/easy/P000/000238,SoulCity,SoulCity,easy,P000,238,32,train,28.2969,2292.0,2445,0.9009,0.394,0.2451,0.0982,69713d7b72cfc9d60df01cbb85495e849912e5e470165da81ea4b47d22780bbc
SoulCity/easy/P000/000745,SoulCity,SoulCity,easy,P000,745,32,train,7.1641,6044.0,45,0.9625,0.2635,0.3901,0.1278,53e47515b57d7843776953ea0241c2628e11ad730b5023524b9644eadb4190ef
SoulCity/easy/P001/000272,SoulCity,SoulCity,easy,P001,272,32,train,7.3242,70.88,0,0.9535,0.543,0.1265,0.3123,01808c45e9ee6b379dc2a98698107393c9aef585b05b064ee682d58f6473e9d6
SoulCity/easy/P001/000846,SoulCity,SoulCity,easy,P001,846,32,train,7.1133,24.53,0,0.9919,0.4743,0.0348,0.0772,24e781827297cae5b29178ff653921635dbb7c0aa31acf19d55205f209fbc18d
SoulCity/easy/P002/000228,SoulCity,SoulCity,easy,P002,228,32,train,6.332,1515.0,415,0.9752,0.2678,0.5012,0.1321,10a18b41afc8649e8c3f488e2a0a729bbff3ea2e6110c937ba8a93d616edcc78
SoulCity/easy/P002/000717,SoulCity,SoulCity,easy,P002,717,32,train,8.4609,5244.0,272,0.981,0.3984,0.0569,0.2571,445603013b94bd26847a9e4b40c83626a33bae58cfe533029b12c1c7daf706bb
SoulCity/easy/P003/000273,SoulCity,SoulCity,easy,P003,273,32,train,9.1875,78.25,31,0.9641,0.5367,0.1481,0.0847,f5f074ddfeb4c4b0be2f7ddef923c41ffc21dcf532014cf300f14300f26466ec
SoulCity/easy/P003/000852,SoulCity,SoulCity,easy,P003,852,32,train,3.8926,185.38,0,0.9832,0.0474,0.0811,0.1141,c438073c1a2967f4e5eaac5b7899a5ef987b0c30f05d652a8080259dcf6fd9d9
SoulCity/easy/P004/000357,SoulCity,SoulCity,easy,P004,357,32,train,13.7422,1108.0,335,0.9583,0.5791,0.0478,0.2931,e49ed4dda4e9cf029b26dd750124547fa12b49f3d44fd9ebad4a2b1b854cd287
SoulCity/easy/P004/001104,SoulCity,SoulCity,easy,P004,1104,32,train,7.1445,160.25,42,0.9577,0.3172,0.4639,0.2637,176d230b26ca6eb848bd78935b245d07157d858e0b4e7befbbf4e3cbd47e30af
SoulCity/easy/P005/000299,SoulCity,SoulCity,easy,P005,299,32,train,11.75,1545.5,1176,0.9615,0.5817,0.135,0.1277,9c8cd0388c7c7c582b33ae8f8a7ebf393c3c40bff208bb694154eedc0c6b93a8
SoulCity/easy/P005/000928,SoulCity,SoulCity,easy,P005,928,32,train,10.6953,6526.0,4148,0.9087,0.3623,0.25,0.3004,e7628ad7b21ce7c0da5f0ae47833a4d061a18063cb37e2256ddffa2b86a7a811
SoulCity/easy/P006/000460,SoulCity,SoulCity,easy,P006,460,32,train,15.5234,1598.0,2285,0.9837,0.4106,0.4795,0.1153,ad8ea22cd7ca0f2406edb4fb8e4dcfa0980e3de25259bd74b67982c1ed5ec754
SoulCity/easy/P006/001414,SoulCity,SoulCity,easy,P006,1414,32,train,2.5742,28.28,0,0.9704,0.1077,0.2169,0.207,7d6d9c324f5736876bc18a2f4791872c721798740d5848226b048dfdd9681d56
SoulCity/easy/P007/000377,SoulCity,SoulCity,easy,P007,377,32,train,6.5039,1061.0,657,0.9459,0.3851,0.296,0.3344,d0ede3f721179eec301b48712fe6da0906966e7727c2ba81ad463cc8ff6287e2
SoulCity/easy/P007/001162,SoulCity,SoulCity,easy,P007,1162,32,train,20.9844,5664.0,91,0.9653,0.6604,0.2627,0.1688,ef0dc13d1e01307fd234607ed7027c80f718c9927d44c9a7e81230700560d6b1
SoulCity/easy/P008/000192,SoulCity,SoulCity,easy,P008,192,32,train,6.0234,83.31,34,0.9822,0.3533,0.1574,0.0823,bbc42a1a40261bbcbbad80deadb8920fa726b4661a1540d07c9fb681f6413d97
SoulCity/easy/P008/000607,SoulCity,SoulCity,easy,P008,607,32,train,15.5859,171.38,28,0.99,0.4364,0.1004,0.1363,0180108ebcbd68abf378d46a464868ae88a8409a0fef66d209b3c0f9247cff37
SoulCity/hard/P000/000148,SoulCity,SoulCity,hard,P000,148,32,train,7.3984,1391.0,7,0.8749,0.394,0.0999,0.5555,8d1a276bcf3cd4e7cf46d63fa13424b9d34e3b0e3c1e65c25c99f97e6403665f
SoulCity/hard/P000/000478,SoulCity,SoulCity,hard,P000,478,32,train,6.2305,52.66,0,0.9798,0.2194,0.326,0.223,9e8e4c16a79e6be0d1dc2b247a90cc195538f053c374da06d4d2928607324727
SoulCity/hard/P001/000161,SoulCity,SoulCity,hard,P001,161,32,train,40.3438,7016.0,2822,0.9078,0.4696,0.3529,0.182,6bece400acbfc926ffc9bc5960f7770235aa439de0f01e02fd90db3e68a7ee62
SoulCity/hard/P001/000516,SoulCity,SoulCity,hard,P001,516,32,train,4.3242,29.8,9,0.8962,0.1681,0.064,0.2222,fe094b12a509ef3054d8bbf473c5f15dda9abcade174e413d009686fa53a4da5
SoulCity/hard/P002/000125,SoulCity,SoulCity,hard,P002,125,32,train,6.2656,944.0,2,0.874,0.3395,0.208,0.4481,965c32ff57bba181f24f48236918e70bd971878330b6df14ce63e0764fc406ae
SoulCity/hard/P002/000406,SoulCity,SoulCity,hard,P002,406,32,train,6.2969,17.78,0,0.9069,0.4155,0.084,0.2969,aae16592a1903e0518110f02a5076d9ad819abba0c81a14cc63b5dcb8565b44a
SoulCity/hard/P003/000134,SoulCity,SoulCity,hard,P003,134,32,train,2.1387,178.56,4,0.871,0.202,0.1886,0.572,0062685eb96dae325961c2ba2e20d7b3fc76bc7622c9f39c844f4a2633e754e9
SoulCity/hard/P003/000435,SoulCity,SoulCity,hard,P003,435,32,train,2.9102,174.0,0,0.9259,0.0339,0.1712,0.2756,94e1193a01182a2da6ab17a4c847311b362391a5e372f161d86ed43a99c87df5
SoulCity/hard/P004/000211,SoulCity,SoulCity,hard,P004,211,32,train,11.9141,4768.0,2158,0.9484,0.3483,0.0957,0.2441,587aafaa1b6868e0ab985d8335dfd9016f78a773952e0bb92c5a8336b9a1623f
SoulCity/hard/P004/000665,SoulCity,SoulCity,hard,P004,665,32,train,3.6992,1968.0,573,0.916,0.1117,0.5951,0.2813,1beb58500b7724a05984dcdb9b215ed8d0156dd9b7b889e0311633c547d6ed10
SoulCity/hard/P005/000170,SoulCity,SoulCity,hard,P005,170,32,train,18.2812,926.5,1330,0.9062,0.4404,0.3801,0.366,2c9519972f0450f780672fc7e1ab2e51f4cee74bd9da4a81a57ebdda72a7087c
SoulCity/hard/P005/000541,SoulCity,SoulCity,hard,P005,541,32,train,7.9219,183.5,853,0.8053,0.4487,0.167,0.8058,117d7b33dbb694bb9e192c7fbb39f58f4bce11d4a874889e373c8f27cc7a7afd
SoulCity/hard/P006/000242,SoulCity,SoulCity,hard,P006,242,32,train,16.2656,625.75,1429,0.924,0.3743,0.3989,0.3585,fd5f7e064b825916a5bc119e3f64fe3cd951ff44f0593f863f17b5e3ad852765
SoulCity/hard/P006/000757,SoulCity,SoulCity,hard,P006,757,32,train,3.6104,220.5,965,0.9516,0.2859,0.2039,0.2263,c4eba695aa1ab8885028406a51665465e1c018a93aac3e2a0f43cbae9cddfd8c
SoulCity/hard/P007/000229,SoulCity,SoulCity,hard,P007,229,32,train,4.2344,1504.0,136,0.905,0.3868,0.0989,0.3708,0e3f83fa69e450a1201721fc1754491073aff4adc68589562c2f7890461068f1
SoulCity/hard/P007/000719,SoulCity,SoulCity,hard,P007,719,32,train,94.8125,7086.0,12510,0.8713,0.2158,0.5377,0.3162,850ffbe8428604daea4f706573ca9d099a72c4d6b1a114c4ec921a106b38ce41
SoulCity/hard/P008/000118,SoulCity,SoulCity,hard,P008,118,32,train,5.6875,72.75,0,0.8945,0.366,0.1113,0.5398,946a1475b2066c7027ddd704e643a9bd7ca014fca6d334239c88896c77798009
SoulCity/hard/P008/000384,SoulCity,SoulCity,hard,P008,384,32,train,20.0312,87.75,787,0.9461,0.5043,0.2748,0.0869,78e9ee1a2a3034b088a4c15156575b1cfeb05d98d25a2c582252c2bafba2304f
Supermarket/easy/P000/000273,Supermarket,Supermarket,easy,P000,273,32,calibration,6.168,207.06,1,0.942,0.5482,0.5193,0.2068,acb08e0ee8a8dad4f9e1bec6af2e77366a1927be00d90a0e9eda3155e86ae94b
Supermarket/easy/P000/000850,Supermarket,Supermarket,easy,P000,850,32,calibration,5.2812,137.88,0,0.9341,0.5484,0.5504,0.1744,c4a072e8ef241d26a3e89ff0f0e99494359376c3f0fa5a93ee047c8254853015
Supermarket/easy/P001/000130,Supermarket,Supermarket,easy,P001,130,32,calibration,3.9082,109.81,0,0.9019,0.4523,0.4351,0.1544,ca34437bb104acd1c8103ccaa503890d6098fae2a369ee2bfa916c2807421169
Supermarket/easy/P001/000421,Supermarket,Supermarket,easy,P001,421,32,calibration,4.8555,121.31,0,0.9328,0.448,0.5055,0.1918,b60a8ae738b4a108427c8632147fd94fc6b4441ea294be069242def01ca5137e
Supermarket/easy/P002/000200,Supermarket,Supermarket,easy,P002,200,32,calibration,3.5176,422.88,0,0.9351,0.2087,0.4277,0.0915,430c96f0373c22e2d65ef4562b6a2a117ebcf46b24d56952b3de5ef761d7cfbc
Supermarket/easy/P002/000633,Supermarket,Supermarket,easy,P002,633,32,calibration,4.2852,230.5,0,0.9658,0.4884,0.4841,0.1041,4a9f598b39ab04246ae0e4ebad6d262e13d20c5eff3ae336aac07763779ad5bb
Supermarket/easy/P003/000198,Supermarket,Supermarket,easy,P003,198,32,calibration,5.8359,111.19,36,0.9781,0.4034,0.6395,0.0784,b022432daff13be2700839ecdf4321921abac0cefd874958307a018f6510bb9e
Supermarket/easy/P003/000628,Supermarket,Supermarket,easy,P003,628,32,calibration,3.8516,193.5,10,0.923,0.6426,0.3526,0.122,9c1c8bbfa0d161625a76d0c8ecf7adc127f22a3b0f2eab9856fbcbac38057233
Supermarket/easy/P004/000176,Supermarket,Supermarket,easy,P004,176,32,calibration,6.0898,301.5,0,0.9318,0.458,0.6026,0.2939,e771712908f24ff7ab3223cff010c980917e00702d5c86d325514581e27f7702
Supermarket/easy/P004/000561,Supermarket,Supermarket,easy,P004,561,32,calibration,2.2461,135.0,0,0.9122,0.3543,0.5666,0.2289,aeb7675fb5fb469fcc98d50a0c6a04fa87c8c162ba756ab987bc75853d3f4505
Supermarket/easy/P005/000193,Supermarket,Supermarket,easy,P005,193,32,calibration,1.7773,193.69,0,0.9516,0.342,0.4613,0.1526,05dc46e45cfbb2958337c16e34aeeb00525195d10ea85a5becc31cc32c95424e
Supermarket/easy/P005/000612,Supermarket,Supermarket,easy,P005,612,32,calibration,5.2188,530.75,344,0.9382,0.3835,0.5163,0.1438,b6eaaadce9e380fa75223933203e82a4b2c5f7cd7e5bcfed0490a5d98e39c22d
Supermarket/easy/P006/000246,Supermarket,Supermarket,easy,P006,246,32,calibration,5.9961,309.0,1,0.9577,0.3243,0.4466,0.1505,0eccacfb5d69b9ceb4aa3821736ee79a4c9bf743acbe968b8003ae8020b23933
Supermarket/easy/P006/000771,Supermarket,Supermarket,easy,P006,771,32,calibration,3.5996,260.88,0,0.9527,0.491,0.5213,0.0908,84e329f79a6a177bc7f1a6870e9ca29c2a5d24df424331464e39ea659a2b5ab7
Supermarket/hard/P000/000143,Supermarket,Supermarket,hard,P000,143,32,calibration,1.873,173.5,0,0.8985,0.1037,0.6545,0.1913,3cc8a9b4a1af0d6a3d452f1cde0ffd69139724eb824c93e99cda9e35d1647560
Supermarket/hard/P000/000460,Supermarket,Supermarket,hard,P000,460,32,calibration,5.3711,276.88,12,0.9187,0.4572,0.574,0.2272,a7ccad75a91a72bd7aec8eb237e1493096ed0d89415bc6cd0d2f753d294b1a11
Supermarket/hard/P001/000090,Supermarket,Supermarket,hard,P001,90,32,calibration,6.0352,268.5,0,0.8435,0.4671,0.5975,0.6689,bff3068dd27c9255e1325638080d655f0f5e8e62ad4c9d959b6fb9981a59e7cb
Supermarket/hard/P001/000301,Supermarket,Supermarket,hard,P001,301,32,calibration,2.5449,142.75,0,0.8405,0.5477,0.392,0.2335,538debe4c9654f2e7ccb897cda2ae971f91c4d19944b44a6b245036f116c8bdf
Supermarket/hard/P002/000098,Supermarket,Supermarket,hard,P002,98,32,calibration,3.6289,250.5,708,0.7851,0.3421,0.4917,0.4068,a187c068887e0b5948f77746af90a308afffae3698f0e1f71fd973f60b0d9117
Supermarket/hard/P002/000324,Supermarket,Supermarket,hard,P002,324,32,calibration,3.7715,119.53,0,0.8203,0.4332,0.5397,0.4671,2757a276ec1a32968361f1458ce14c76c7352913c24bf2ec9c4b79c7241a98b4
Supermarket/hard/P003/000103,Supermarket,Supermarket,hard,P003,103,32,calibration,4.6406,115.0,220,0.9336,0.517,0.5145,0.193,89def9b3af1bf61b481d6ac8f5a5d20be8a82ee84b6d83edfce268c1406ec091
Supermarket/hard/P003/000341,Supermarket,Supermarket,hard,P003,341,32,calibration,6.0273,223.94,0,0.9065,0.5162,0.5981,0.4252,38e11c565c50c9c830d26aa1c316eb16c1cf817bb9b19dacd59ecd0116639f35
Supermarket/hard/P004/000125,Supermarket,Supermarket,hard,P004,125,32,calibration,4.5234,23.77,0,0.8973,0.4711,0.59,0.1553,42bc994d196413a4608e943fd7bf39df689de9738ff73235daf3a770eab92e27
Supermarket/hard/P004/000407,Supermarket,Supermarket,hard,P004,407,32,calibration,4.3086,26.38,0,0.8807,0.4935,0.5948,0.1765,02c07bbf6cc4c373cc7dfe69fb6537e843193fcab13d31f0b777d1b7d3c06c3f
Supermarket/hard/P005/000104,Supermarket,Supermarket,hard,P005,104,32,calibration,1.8311,13.5,0,0.9206,0.2484,0.5796,0.4253,d8c3adf26f11bff82185de98b39658d42a533bd83696fae40b66305045b44512
Supermarket/hard/P005/000345,Supermarket,Supermarket,hard,P005,345,32,calibration,1.7974,54.62,0,0.9445,0.286,0.5838,0.1245,8173c558c1e65974e297fb5527d915be1eda62cfff3ecdb7d7ed8a1aabb03a83
Supermarket/hard/P006/000164,Supermarket,Supermarket,hard,P006,164,32,calibration,6.0195,99.0,23,0.9012,0.434,0.537,0.3769,f3b856f4f6f5df94c0ec6d966c75159ce066a3daf8897585f5d5d99985c9c9ce
Supermarket/hard/P006/000523,Supermarket,Supermarket,hard,P006,523,32,calibration,1.3711,59.09,0,0.9382,0.1465,0.5939,0.1363,2928701d0b2e5da92b4c5fa2eccfa75079598749a7db4f48745a508c2ad5a884
TerrainBlending/easy/P000/000602,TerrainBlending,TerrainBlending,easy,P000,602,32,validation,13.7148,43808.0,0,0.9938,0.0476,0.4745,0.1663,897365696224bfc9c1ac5cd2263a41672ac773894d7e819e26c36240bdd82ec5
TerrainBlending/easy/P000/001840,TerrainBlending,TerrainBlending,easy,P000,1840,32,validation,37.2031,45024.0,0,0.9865,0.0755,0.4879,0.3512,094a10cb5ba534adb5ca31d95314ce47b00f77524f6db6f20e2bd01ded2a6d6a
TerrainBlending/easy/P001/000307,TerrainBlending,TerrainBlending,easy,P001,307,32,validation,15.3203,44864.0,0,0.9812,0.0314,0.7262,0.224,b0df1f0d60baaae9276aa54e57682010571579efa5f1309a1a7c2539f013f813
TerrainBlending/easy/P001/000952,TerrainBlending,TerrainBlending,easy,P001,952,32,validation,19.2969,45824.0,0,0.9726,0.1894,0.6045,0.2181,824850e4d64e6527cff90035b0b157addd598599b2d0c72ef287a0aef2aed43f
TerrainBlending/easy/P003/000481,TerrainBlending,TerrainBlending,easy,P003,481,32,validation,39.0625,47872.0,0,0.9411,0.1553,0.7793,0.1212,d00d36ee39b3fabc64852b07efaa8bdfe63d2a828ee8121bd4e735953b7f775f
TerrainBlending/easy/P003/001475,TerrainBlending,TerrainBlending,easy,P003,1475,32,validation,6.5,21.08,0,0.9924,0.068,0.6332,0.2216,7aa88368d5cce8ef802c94b2f5d7c034e3d625d74ee11161bee82cdee0a2722f
TerrainBlending/easy/P004/000354,TerrainBlending,TerrainBlending,easy,P004,354,32,validation,60.9062,46624.0,0,0.9931,0.1068,0.5322,0.1037,b7dd7f2cd8c368e5d8791749e722eada4ef2cfe9f422e04c3da05eb3a3ca5f78
TerrainBlending/easy/P004/001095,TerrainBlending,TerrainBlending,easy,P004,1095,32,validation,20.5625,41056.0,0,0.9974,0.1172,0.3031,0.4297,46838605595199f2d26e64c206d135cd995f42248a5672c0437354a4f56a4d61
TerrainBlending/hard/P000/000341,TerrainBlending,TerrainBlending,hard,P000,341,32,validation,26.7969,40704.0,0,0.9579,0.1742,0.4544,0.1371,ba28ab048172cc1864007ee6ba89c908d6f270e0a33b36f27348e8cf014b8bed
TerrainBlending/hard/P000/001056,TerrainBlending,TerrainBlending,hard,P000,1056,32,validation,22.0,44416.0,0,0.945,0.0557,0.5268,0.2721,4f2bd341963315d6081c790ba8e832c12d8dd1fc4e16fe88115c1c0ae682ad67
TerrainBlending/hard/P001/000169,TerrainBlending,TerrainBlending,hard,P001,169,32,validation,4.6875,34560.0,0,0.7664,0.0244,0.6245,0.7782,01419d6018eb349df325a58aae4711080ea7b91197ff0021241cb3a96344ba00
TerrainBlending/hard/P001/000538,TerrainBlending,TerrainBlending,hard,P001,538,32,validation,10.332,44544.0,0,0.9439,0.115,0.2831,0.5103,89e332855e403523a7c356e4612bdc10b517447ab9daf06308ad48da74250770
TerrainBlending/hard/P003/000262,TerrainBlending,TerrainBlending,hard,P003,262,32,validation,38.0312,47424.0,0,0.9434,0.1019,0.7375,0.1889,8b53df633499283416ec2b6175b13c0d6295bdae80fe5d73d33a10d794928c4f
TerrainBlending/hard/P003/000816,TerrainBlending,TerrainBlending,hard,P003,816,32,validation,18.0,47680.0,0,0.9719,0.1676,0.6075,0.1781,b674a0857c6d0e061920d2233c196267203b081fee2617c5c930ad7c0f849ae4
TerrainBlending/hard/P004/000184,TerrainBlending,TerrainBlending,hard,P004,184,32,validation,82.875,44352.0,0,0.9578,0.0772,0.519,0.4515,d1a602a2bc0a8aa8d59ba1f34c6e8e0620d684c47e1d33b60b12384c27697aaa
TerrainBlending/hard/P004/000584,TerrainBlending,TerrainBlending,hard,P004,584,32,validation,4.0469,43744.0,0,0.9457,0.0509,0.689,0.3103,4d5605a45e7b4fcf663341a42fd28b6ac0ac09256551b3d1eb57f09ef2f23b68
UrbanConstruction/easy/P000/000407,UrbanConstruction,UrbanConstruction,easy,P000,407,32,train,7.1562,14816.0,0,0.9828,0.256,0.3516,0.1086,2be786bb48cb60a8f724024f5f5d1e3a481b74a99c5f836626ae981a98519714
UrbanConstruction/easy/P000/001253,UrbanConstruction,UrbanConstruction,easy,P000,1253,32,train,10.5391,15464.0,0,0.9939,0.2796,0.3189,0.2543,9b4e44734463532cf04b7a6fe55de878910d8f16d56f308dcde6b2ed19fe0ca3
UrbanConstruction/easy/P001/000506,UrbanConstruction,UrbanConstruction,easy,P001,506,32,train,7.2852,15960.0,0,0.9927,0.2148,0.1319,0.1648,470e1cdc91a79b639b6b5cc59bbad9063813eb8b8fd2f78983f67e09e92e2e78
UrbanConstruction/easy/P001/001551,UrbanConstruction,UrbanConstruction,easy,P001,1551,32,train,11.25,15040.0,0,0.9955,0.2063,0.141,0.0719,529e7af9a2a27b74c5666c03b973a75254316e35c1bb648078b8238b746a6422
UrbanConstruction/easy/P002/000544,UrbanConstruction,UrbanConstruction,easy,P002,544,32,train,16.7969,15872.0,0,0.9894,0.3148,0.3232,0.2465,8c66401e9820a3f9d8ee78abd260bd281fe6946a97eb4a5f14cc45e4f52c7a31
UrbanConstruction/easy/P002/001664,UrbanConstruction,UrbanConstruction,easy,P002,1664,32,train,7.2344,15560.0,0,0.9794,0.0428,0.2454,0.1657,e56d153bade6811271e900eb685bdb97bc34cd4b402c6f5fcc5e6cae004682ff
UrbanConstruction/easy/P003/000168,UrbanConstruction,UrbanConstruction,easy,P003,168,32,train,11.1953,15080.0,0,0.9918,0.2848,0.4562,0.3458,b9b76d8253459182ebfcb2ea8caa6c32e7f5c131d06718439344696d3059dd4a
UrbanConstruction/easy/P003/000535,UrbanConstruction,UrbanConstruction,easy,P003,535,32,train,8.4844,14016.0,0,0.9774,0.304,0.2507,0.3049,ff891a8f402c9d23cbaf03a4104014bb80a691763874916f93854104bb0987a1
UrbanConstruction/easy/P004/000370,UrbanConstruction,UrbanConstruction,easy,P004,370,32,train,3.3164,9.82,0,0.9772,0.1145,0.4609,0.3129,3e5b82d32badd730ed9b324a9ece7695c62e2c3c82283e95adf05a42fa6ee567
UrbanConstruction/easy/P004/001144,UrbanConstruction,UrbanConstruction,easy,P004,1144,32,train,10.0,16208.0,0,0.99,0.2048,0.1894,0.247,90ed9afb5a3e2e19ed1c110ebba29053ab0c1dea86f8561d6ccf9b32b09fcb7d
UrbanConstruction/hard/P000/000227,UrbanConstruction,UrbanConstruction,hard,P000,227,32,train,6.6582,14768.0,0,0.9473,0.3444,0.1344,0.1732,d51331d979daab00ab9e05d433cd4508955f29db9131ca88b65f333dfdaac355
UrbanConstruction/hard/P000/000712,UrbanConstruction,UrbanConstruction,hard,P000,712,32,train,3.4141,43.28,0,0.9843,0.0397,0.2793,0.484,bce8fb9c735a5ff07a7d9ac827e9b539c2fee459d06b973a471d7dba08e778c1
UrbanConstruction/hard/P001/000268,UrbanConstruction,UrbanConstruction,hard,P001,268,32,train,3.8613,15064.0,0,0.9726,0.0597,0.2902,0.2956,1ac52fb80635736e8f0fe75e707ea1fabfa4cbd4f65097b8e79f0a7bf207929c
UrbanConstruction/hard/P001/000838,UrbanConstruction,UrbanConstruction,hard,P001,838,32,train,73.5,16352.0,0,0.9202,0.2371,0.5374,0.45,800f21b67d8774450e1732c65575f3fef24d114b2f6f96d54173150fd293c270
UrbanConstruction/hard/P002/000306,UrbanConstruction,UrbanConstruction,hard,P002,306,32,train,4.1406,14080.0,0,0.9486,0.0588,0.188,0.382,f7eb5df2210e8eaeefa5008c1f8a327092b717dc8c7dba71612a4c7ccd5f2637
UrbanConstruction/hard/P002/000952,UrbanConstruction,UrbanConstruction,hard,P002,952,32,train,4.8145,136.25,0,0.9191,0.08,0.0455,0.549,f3925342d044fc3012606742fde0727ca24107605c9101adee06f930550b1405
UrbanConstruction/hard/P003/000103,UrbanConstruction,UrbanConstruction,hard,P003,103,32,train,19.2344,16232.0,0,0.9213,0.2707,0.3987,0.7095,f00b53d7cc047ef5a9ba56edb25d49b62868bb4a24482e98ef69708dd9c0209f
UrbanConstruction/hard/P003/000340,UrbanConstruction,UrbanConstruction,hard,P003,340,32,train,17.625,16368.0,0,0.9343,0.3008,0.357,0.3214,3ac54b671c6c0a4cf12044ad022dcfb2a2acb25776deb4651e55eb8f632f85b9
UrbanConstruction/hard/P004/000227,UrbanConstruction,UrbanConstruction,hard,P004,227,32,train,26.3672,16368.0,0,0.9425,0.2991,0.4005,0.2662,a335b12a3b98b00640382101c57d4d7e5197a11b0029a637e96e55c0474f5aac
UrbanConstruction/hard/P004/000713,UrbanConstruction,UrbanConstruction,hard,P004,713,32,train,9.9609,13904.0,0,0.935,0.1846,0.3443,0.4644,8211c05271a1b82736499969a69becc66d5f1bbbd75d1915e0e8d5675eb7198e
VictorianStreet/easy/P000/000195,VictorianStreet,VictorianStreet,easy,P000,195,32,test,3.4922,35.31,0,0.9824,0.1327,0.2778,0.2194,1ac1aa34eb48972b819ccb70fd9f479f4f446eb26bf859bc80b0cdbc669d5722
VictorianStreet/easy/P000/000616,VictorianStreet,VictorianStreet,easy,P000,616,32,test,1.8789,2.46,0,0.9873,0.0649,0.0065,0.1301,43e534491c0c5e10a3d2d87e84f62062c299959babf5afb4e80464088bc68e2d
VictorianStreet/easy/P001/000186,VictorianStreet,VictorianStreet,easy,P001,186,32,test,5.707,13656.0,0,0.9953,0.2397,0.413,0.1018,28c93e8044a0d5c93324557cc091d96fc5f785eeac8341db631863fa19c67d8a
VictorianStreet/easy/P001/000591,VictorianStreet,VictorianStreet,easy,P001,591,32,test,6.8242,13736.0,0,0.9896,0.2289,0.4574,0.236,2724a1544b57120ff6e35bf31ec68579555b224be9b878c459e03ba3bf722435
VictorianStreet/easy/P002/000164,VictorianStreet,VictorianStreet,easy,P002,164,32,test,1.7041,13120.0,0,0.9819,0.0928,0.4364,0.1169,f1033205ef8a5c1187aaf23d111ba5d5eadacd1cd1532f4de65f1b5a955b4971
VictorianStreet/easy/P002/000523,VictorianStreet,VictorianStreet,easy,P002,523,32,test,9.8398,14912.0,0,0.9861,0.2228,0.3338,0.1312,8ef047f599eb7febbe221def69eb3a256715685da1cedb85487b6c7d373d34b1
VictorianStreet/easy/P003/000148,VictorianStreet,VictorianStreet,easy,P003,148,32,test,3.8174,12248.0,0,0.9879,0.0019,0.4698,0.0968,0cf034127a8ef0bf08b69f0f2c9f6e8ac2bc0559f33576d65e68b4ef3773159e
VictorianStreet/easy/P003/000477,VictorianStreet,VictorianStreet,easy,P003,477,32,test,3.4688,12256.0,0,0.9533,0.1293,0.1205,0.2208,bbd5791fb5ecb56640a083d550fd2f5d02d4793a81a7e05c6ed4737db2116e06
VictorianStreet/easy/P004/000097,VictorianStreet,VictorianStreet,easy,P004,97,32,test,15.5234,16256.0,0,0.9754,0.2761,0.4829,0.3806,fdfadbfdf3ee5e04c6ec0a924a28608b6873b5e36ddd76da69a47a83890bd495
VictorianStreet/easy/P004/000323,VictorianStreet,VictorianStreet,easy,P004,323,32,test,3.0957,33.81,0,0.976,0.1043,0.1251,0.0942,4c9d2dce0ab174d7726114c774e5d96cdb4a483a0392822f941069a4abd7d61d
VictorianStreet/easy/P005/000101,VictorianStreet,VictorianStreet,easy,P005,101,32,test,3.0918,15544.0,0,0.9853,0.1583,0.4285,0.1035,b3c7f2cce075b81e6b1b756ae58eef89a63f6e6233dbe6f2213ae0ccc8fe9093
VictorianStreet/easy/P005/000335,VictorianStreet,VictorianStreet,easy,P005,335,32,test,12.1562,16376.0,0,0.9787,0.2645,0.5189,0.3123,1d5f22ae829651a91b5ed1b2ecdb63e3ecdaf9a180fb8b57c4a512e26af3251c
VictorianStreet/easy/P006/000152,VictorianStreet,VictorianStreet,easy,P006,152,32,test,5.5352,12648.0,0,0.9888,0.0628,0.2465,0.1824,fc05ea505d76580fafa78def6b9474e4791dfab7f2d5188b78b7a1160ec621b8
VictorianStreet/easy/P006/000489,VictorianStreet,VictorianStreet,easy,P006,489,32,test,2.668,13264.0,0,0.989,0.0554,0.2984,0.0858,17690bbab97d48f633a5cfbbbdccc828e04632c995bc56e72da1044ec1560796
VictorianStreet/easy/P007/000142,VictorianStreet,VictorianStreet,easy,P007,142,32,test,1.8721,12.07,0,0.9987,0.1255,0.026,0.1236,c08660f73662564274b89a820bcafb24e1e321d3f289e77a188543ea040ccd95
VictorianStreet/easy/P007/000459,VictorianStreet,VictorianStreet,easy,P007,459,32,test,7.7344,28.45,0,0.9927,0.187,0.2458,0.1483,06f16ccbb6a5573563a2e5b3b4f48f2ac52977fc87f867cbd34dd91966c633e6
VictorianStreet/hard/P000/000118,VictorianStreet,VictorianStreet,hard,P000,118,32,test,4.1465,16320.0,0,0.9204,0.1612,0.2516,0.2105,6fe489475cb7eb1db2e09e1b56b3dde780c1d3e49c61f23de4acadc1f19e7b2e
VictorianStreet/hard/P000/000387,VictorianStreet,VictorianStreet,hard,P000,387,32,test,2.3994,16.8,0,0.835,0.1465,0.0694,0.3012,14ce2b2ed9cd0bcd19062451f724ef47f71b10aee9f6983cbee848cd9dad88f6
VictorianStreet/hard/P001/000087,VictorianStreet,VictorianStreet,hard,P001,87,32,test,7.5664,15304.0,0,0.9509,0.2798,0.3209,0.2792,1525a12dd4b74652faae6a5dc735fc99dcc613c718782fb8a89263a409ee098d
VictorianStreet/hard/P001/000294,VictorianStreet,VictorianStreet,hard,P001,294,32,test,5.1367,16216.0,0,0.9046,0.2489,0.4246,0.3018,5ab009b0555464f7677ef6a84209cafe58f696c9686a79fcfcbc6f7f8aa837a5
VictorianStreet/hard/P002/000101,VictorianStreet,VictorianStreet,hard,P002,101,32,test,12.0078,16288.0,0,0.9538,0.3018,0.4579,0.3536,d0441a27b6014ca7e9e2481e573c6ae5a1f29d8ba35a8a5230ef84908dba8c27
VictorianStreet/hard/P002/000335,VictorianStreet,VictorianStreet,hard,P002,335,32,test,2.3848,11.94,0,0.9558,0.1046,0.0881,0.1967,26d97325d603a12f0fb65b54fdb4792958a3c6af0b041895421352db402e600c
VictorianStreet/hard/P003/000088,VictorianStreet,VictorianStreet,hard,P003,88,32,test,8.2422,15232.0,0,0.9594,0.1489,0.32,0.17,aa9ef0ebfb9864cdf074fbdc5100945e313f179860de51ae981ac913666ce001
VictorianStreet/hard/P003/000298,VictorianStreet,VictorianStreet,hard,P003,298,32,test,10.0,15720.0,0,0.9458,0.2214,0.3783,0.2086,448436162b2680a5792595565b5c8872d92aa2a082a45630fd28f689e9f77589
VictorianStreet/hard/P004/000049,VictorianStreet,VictorianStreet,hard,P004,49,32,test,11.0234,16344.0,0,0.9221,0.2625,0.4216,0.5253,c5fb4075209f0e86ad4c54f9ed2c9a3e0b38187eadefec77c64dcd7bd716e27f
VictorianStreet/hard/P004/000178,VictorianStreet,VictorianStreet,hard,P004,178,32,test,3.3125,35.22,0,0.9372,0.121,0.1396,0.1668,49caa195378bdeadbd2a3cef2e021bff4c2b42d6205431c0c7280e33153f9151
VictorianStreet/hard/P005/000057,VictorianStreet,VictorianStreet,hard,P005,57,32,test,3.3145,15576.0,0,0.884,0.0876,0.3782,0.7027,4c74746a1db9f4b918de4f8e0478ec1959586d57fa769ac6ea3b71d224ba4697
VictorianStreet/hard/P005/000202,VictorianStreet,VictorianStreet,hard,P005,202,32,test,7.6914,46.0,0,0.9339,0.2019,0.3753,0.4666,17bba648cde84aa32620474e9390df8f561af26d0bf6eb151a76259363f2463c
VictorianStreet/hard/P006/000085,VictorianStreet,VictorianStreet,hard,P006,85,32,test,5.5156,16304.0,0,0.963,0.0521,0.2936,0.2166,49a0cbce9e7b56c0cd3873f1efcf48b602913576fb6c6087cb6c39a8d73044af
VictorianStreet/hard/P006/000286,VictorianStreet,VictorianStreet,hard,P006,286,32,test,13.8281,16000.0,0,0.9255,0.2987,0.4246,0.6311,c2c4d661001fa25985d2cb6dadc0a621dbb99b942b9d39b281af801432f60842
VictorianStreet/hard/P007/000091,VictorianStreet,VictorianStreet,hard,P007,91,32,test,1.6992,40.81,0,0.8935,0.1424,0.0386,0.2123,9476aa6600730f89217059ff6eabcd47f20a3d4f6aa507a6f43612f2ac1975dd
VictorianStreet/hard/P007/000304,VictorianStreet,VictorianStreet,hard,P007,304,32,test,11.2656,16360.0,0,0.9591,0.2541,0.5368,0.3188,6cd83de9e7312a53d5d7bd5ef309e05728df85853396a8b28c257892340c1cee
WaterMillDay/easy/P000/000319,WaterMillDay,WaterMill,easy,P000,319,32,train,8.2266,3184.0,0,0.9204,0.6225,0.6178,0.2906,c5755a5787f94068027d0453baeae61fe120fa830e4bda37402532c8f7d638de
WaterMillDay/easy/P000/000988,WaterMillDay,WaterMill,easy,P000,988,32,train,275.375,3910.0,0,0.9042,0.5029,0.7567,0.2944,3dfbbf1c960dcf3db524edc7f7a9c0e78b367499416e3dbfd1dc40820e55d2e5
WaterMillDay/easy/P001/000404,WaterMillDay,WaterMill,easy,P001,404,32,train,210.6875,3884.0,0,0.94,0.5338,0.7239,0.1364,0aef094c2f8f81b3874b7985887c08c878a546fb683527c2cc872958ee576507
WaterMillDay/easy/P001/001244,WaterMillDay,WaterMill,easy,P001,1244,32,train,12.9922,3936.0,0,0.9343,0.5394,0.6413,0.2389,80f1a221a3342561289303fee87e02d38dd4cb83c5aa9229ba9455fb4aaa7d60
WaterMillDay/easy/P002/000284,WaterMillDay,WaterMill,easy,P002,284,32,train,4.0039,3098.0,0,0.9029,0.3911,0.4554,0.2283,97bc163a045ba4bce3d38b20fd452a9a33fec1d98549f10a1b943b98c3fcee36
WaterMillDay/easy/P002/000885,WaterMillDay,WaterMill,easy,P002,885,32,train,2680.0,3942.0,0,0.9386,0.4566,0.7997,0.2513,c853609f456842fdabe8d8e949fc886b9f7df88fc5d059c1163a484d881a3df5
WaterMillDay/easy/P003/000199,WaterMillDay,WaterMill,easy,P003,199,32,train,10.1641,3978.0,0,0.9027,0.5439,0.7725,0.3084,d99ddfc326ebb6c45f21c7e074ab31f0b6af9faa66479698c076508449d57442
WaterMillDay/easy/P003/000628,WaterMillDay,WaterMill,easy,P003,628,32,train,12.0312,43.75,0,0.971,0.3948,0.7477,0.3479,f21297b68ec726522b3f71dbc966157f9c1bcb81847282a2ab2e2fd87884cb42
WaterMillDay/easy/P004/000298,WaterMillDay,WaterMill,easy,P004,298,32,train,193.4375,4044.0,0,0.9049,0.4932,0.7441,0.0902,61ef252985754247a83a47a931566a11a6a6d2cf31c098a8c29011d00ea03ba2
WaterMillDay/easy/P004/000926,WaterMillDay,WaterMill,easy,P004,926,32,train,9.5547,3676.0,0,0.8463,0.6896,0.5864,0.3213,6d16b7abd37055d921085f81e1a874a01f69b6ed5b0342d12a51f7c6b2f1419d
WaterMillDay/easy/P006/000309,WaterMillDay,WaterMill,easy,P006,309,32,train,14.6797,3588.0,0,0.9613,0.5095,0.6652,0.3012,7230fada6179dd3a539bc85339e6b17b57f8a853f780a7b81ef527893eddf53d
WaterMillDay/easy/P006/000959,WaterMillDay,WaterMill,easy,P006,959,32,train,27.2656,4048.0,0,0.9151,0.7438,0.6298,0.0714,d08d3e1203167bdfac66228385c19afd4347f464dcc7f026e89e80e3dc41ac4d
WaterMillDay/hard/P000/000182,WaterMillDay,WaterMill,hard,P000,182,32,train,4.1406,34.78,0,0.8629,0.3995,0.5759,0.3739,bf4a2093ef271ff5ddc41a80dcb63c804b1d69d660cad25a937e36409160963e
WaterMillDay/hard/P000/000579,WaterMillDay,WaterMill,hard,P000,579,32,train,10.7422,4020.0,0,0.7548,0.6823,0.6392,0.2734,d671238c8ac41d4af0cc0eeb64312a97c7166f6899b05ae055956ff7b06f2a88
WaterMillDay/hard/P001/000253,WaterMillDay,WaterMill,hard,P001,253,32,train,32.2812,4112.0,0,0.896,0.5072,0.7512,0.2433,f87605da9769b3053d5a9f39c029ac3a61ad08b364ea7121816e1b15f6ac7bff
WaterMillDay/hard/P001/000790,WaterMillDay,WaterMill,hard,P001,790,32,train,4.5625,3570.0,0,0.8953,0.4803,0.6736,0.329,5686b16bf0a18836bc80673a810beb548507d7c298af1cab70d5fd640a12b16f
WaterMillDay/hard/P002/000191,WaterMillDay,WaterMill,hard,P002,191,32,train,7.1367,3122.0,0,0.8479,0.3987,0.577,0.6515,834e47aac59716499a76f5a3f0e89b1597b848c911f49bf9bdaeb71f38568495
WaterMillDay/hard/P002/000604,WaterMillDay,WaterMill,hard,P002,604,32,train,13.7344,3688.0,0,0.9266,0.3828,0.7419,0.5385,61f691a74011fa7fd18c8710ef6250b259e4c17be93862b7ff0910e07a7a6325
WaterMillDay/hard/P003/000105,WaterMillDay,WaterMill,hard,P003,105,32,train,6.4844,3192.0,0,0.8844,0.5324,0.7236,0.2204,fc4b8795c9a99b0158aa893711b2bb9efcde150a1548f0e2d195d8f5434f8b6c
WaterMillDay/hard/P003/000348,WaterMillDay,WaterMill,hard,P003,348,32,train,11.5312,3616.0,0,0.8727,0.5013,0.5798,0.3801,5414a876f65e05993953107073aa996bec356805ab9283511edb5703ed6ea1dd
WaterMillDay/hard/P004/000152,WaterMillDay,WaterMill,hard,P004,152,32,train,7.3711,27.08,0,0.9186,0.2906,0.6391,0.353,e3706620361ca3d9ea0dfd59a5d5e4a1bf1917150417f3b175c0c2a92e48f16b
WaterMillDay/hard/P004/000489,WaterMillDay,WaterMill,hard,P004,489,32,train,15.7383,4084.0,0,0.8278,0.6062,0.7862,0.4356,5e3546a740d0bb5f2966b8276448f0c6982ed35c243ab63109386e9c1f904844
WaterMillDay/hard/P006/000206,WaterMillDay,WaterMill,hard,P006,206,32,train,3.6465,50.22,0,0.8932,0.3119,0.5448,0.4441,b1c0230813fea1d44fbb1a9bd85924e408e66eabf7b05323433f678e85dd2025
WaterMillDay/hard/P006/000652,WaterMillDay,WaterMill,hard,P006,652,32,train,5.5469,3400.0,0,0.948,0.1266,0.7486,0.3645,8c961490cbc40fd6a1e025a4ceeb9eb21e425cd0f8d3367f96f430f0c2cdc8ea
WaterMillNight/easy/P000/000270,WaterMillNight,WaterMill,easy,P000,270,32,train,4.1465,2908.0,0,0.9585,0.3673,0.1463,0.1033,7d731df6522ad6570f0d660191bbd481f42d6272ccb7d9c174b36a6a2ecdb956
WaterMillNight/easy/P000/000841,WaterMillNight,WaterMill,easy,P000,841,32,train,10.2734,2930.0,0,0.975,0.7324,0.0263,0.0976,77c900845deded8b09e1c05d2ad2ccae5b36e666203f9ae2b8703f825bbdec28
WaterMillNight/easy/P001/000192,WaterMillNight,WaterMill,easy,P001,192,32,train,10.7188,3390.0,0,0.9166,0.5827,0.062,0.2877,eadfdf3082ad4dd9613980e56fcdf3f35934b20faa2b9b2f1dfe60f9fe06f3b2
WaterMillNight/easy/P001/000607,WaterMillNight,WaterMill,easy,P001,607,32,train,9.4922,4066.0,0,0.791,0.688,0.1219,0.2681,5b72fee0b600336d5325f4fee5676e3cc6e9e7fc944e2515c5900ca566323f10
WaterMillNight/easy/P002/000364,WaterMillNight,WaterMill,easy,P002,364,32,train,23.3438,3786.0,0,0.9713,0.7442,0.0817,0.0935,196d7b31f9845b54febf2c443496e9cf406cb4e4bd08beb62bde7d5a7aef4a57
WaterMillNight/easy/P002/001122,WaterMillNight,WaterMill,easy,P002,1122,32,train,7.2031,3504.0,0,0.931,0.4489,0.0511,0.1787,bdfa0d30c63ea656117ffcf8bb2944fd2b2dc9fb67eccc506350248d25b6d743
WaterMillNight/easy/P003/000334,WaterMillNight,WaterMill,easy,P003,334,32,train,11.9844,3628.0,0,0.8522,0.6562,0.1082,0.2924,7b9fedd98438ad87315de4c87b14bc148b6125100012a02e22f7b79ad491183e
WaterMillNight/easy/P003/001032,WaterMillNight,WaterMill,easy,P003,1032,32,train,3090.0,4152.0,0,0.9105,0.3779,0.2892,0.3399,44d001f7197360b5e0c5e6f8fe2441e113b0c43d504367b86f6b254b3efa32bc
WaterMillNight/easy/P004/000387,WaterMillNight,WaterMill,easy,P004,387,32,train,66.2812,3662.0,0,0.9068,0.5183,0.1532,0.0892,23856f70ec0548f05a42f28314e119feb0749d4f619b5b64048b761954ac4c95
WaterMillNight/easy/P004/001192,WaterMillNight,WaterMill,easy,P004,1192,32,train,3116.0,4168.0,0,0.894,0.4149,0.268,0.2662,242de67d0cbe556da69f1027fc06724dbe6994f847c274a6fa020d45fad14551
WaterMillNight/easy/P005/000434,WaterMillNight,WaterMill,easy,P005,434,32,train,13.6953,2984.0,0,0.9823,0.501,0.0433,0.1315,ecf467ffeca83834589130e48c777b5078a801e55b4df9fbda9569e8964cab34
WaterMillNight/easy/P005/001335,WaterMillNight,WaterMill,easy,P005,1335,32,train,14.2266,3498.0,0,0.9004,0.665,0.053,0.3288,3baad2d3819682d7edcbd9b971f42cbe1c6b4c60e50fff7425abbc2a5b066844
WaterMillNight/easy/P006/000384,WaterMillNight,WaterMill,easy,P006,384,32,train,42.7188,4096.0,0,0.9282,0.5577,0.1743,0.1285,75a0942319d3157566b733f5dbbf34008080e0e4ee4869c34247e36793648315
WaterMillNight/easy/P006/001186,WaterMillNight,WaterMill,easy,P006,1186,32,train,32.625,3996.0,0,0.9157,0.5118,0.1499,0.1486,f769f69e33670bbf1e9bef8cfa4ac8a102ecfa3f096534432b5da4a67f5d68f0
WaterMillNight/hard/P000/000155,WaterMillNight,WaterMill,hard,P000,155,32,train,5.6055,2900.0,0,0.914,0.2968,0.0715,0.2353,3aa18f99e2be6284639b786a569103aa13cbae9c125a4b0274eb1a78b13d2e71
WaterMillNight/hard/P000/000498,WaterMillNight,WaterMill,hard,P000,498,32,train,5.3984,4084.0,0,0.8688,0.6704,0.0404,0.2609,8c6ef71fd4b91747afb37b1f674d30ed9d7e21615505d56c9ce64fec63b9d3bf
WaterMillNight/hard/P001/000106,WaterMillNight,WaterMill,hard,P001,106,32,train,7.543,3590.0,0,0.9464,0.4392,0.0189,0.255,d607015cdcc12c0980aedf5fde3ea6c58ef1d96a788b152e328d5f0da3df2a74
WaterMillNight/hard/P001/000351,WaterMillNight,WaterMill,hard,P001,351,32,train,8.5312,3784.0,0,0.8244,0.5992,0.0372,0.1432,91aeb693349e604fb26ba1728d6c4139d6b5cbd12cbd7bf061d158e2573a2e45
WaterMillNight/hard/P002/000204,WaterMillNight,WaterMill,hard,P002,204,32,train,53.875,3788.0,0,0.9461,0.5297,0.1441,0.4057,22a065db77a3c3f1e12cf9c97c2c3502db4baa2124e75be6d0db996f75254872
WaterMillNight/hard/P002/000644,WaterMillNight,WaterMill,hard,P002,644,32,train,17.6406,4152.0,0,0.8839,0.6906,0.1024,0.2962,64d08f2949692ae16ffcbdb8b12fe1fc25658676a3ac0441576790591dfeffb8
WaterMillNight/hard/P003/000236,WaterMillNight,WaterMill,hard,P003,236,32,train,2986.0,4000.0,0,0.9202,0.3836,0.2378,0.1677,497b1d21247a6b7df898b2e7b75c45372842506b8d6c6d7fabe58b7c6fe39fc7
WaterMillNight/hard/P003/000738,WaterMillNight,WaterMill,hard,P003,738,32,train,19.25,3884.0,0,0.8727,0.7495,0.0744,0.226,2fec401506f69a21a5b6fbe4015c3534cfbd1accdfca09d06ed172e3bc245264
WaterMillNight/hard/P004/000194,WaterMillNight,WaterMill,hard,P004,194,32,train,38.75,3644.0,0,0.9217,0.4043,0.1053,0.3125,24af5a4d8d8e6607512482bc04533aab6dd3fa5a64badf6a14abdb6404b7fdb4
WaterMillNight/hard/P004/000616,WaterMillNight,WaterMill,hard,P004,616,32,train,6.7793,3042.0,0,0.9159,0.2961,0.0308,0.3023,539d1e1dc259e061eee637fc5b188ae4d41e16d2fd73c711aff65e9f9a087e89
WaterMillNight/hard/P005/000244,WaterMillNight,WaterMill,hard,P005,244,32,train,2.4668,3828.0,0,0.7572,0.298,0.0249,0.2332,e7044db3b29a0610fa6bf3d4ae42bf0d478f1d24258d97a56833498835f3298c
WaterMillNight/hard/P005/000766,WaterMillNight,WaterMill,hard,P005,766,32,train,3056.0,3964.0,0,0.8894,0.385,0.182,0.4215,0014c7138a1230daf49538553d99f3f8d46a34964768718d93d823048a662957
WaterMillNight/hard/P006/000212,WaterMillNight,WaterMill,hard,P006,212,32,train,8.6953,241.0,0,0.9002,0.5123,0.0367,0.2202,201186ecc9f8cc407cc2d63e06dd2d5a327a11ea177a30f15f917f9c6621b8de
WaterMillNight/hard/P006/000669,WaterMillNight,WaterMill,hard,P006,669,32,train,18.7031,3728.0,0,0.8491,0.6578,0.0546,0.4001,610782045c71b4cb55deb3ac004dc75b5646823a387b2031a3f200ef5b58ee70
WesternDesertTown/easy/P000/000430,WesternDesertTown,WesternDesertTown,easy,P000,430,32,train,4.8164,13688.0,0,0.9758,0.2464,0.1238,0.1973,c4876d3af76ef73b281c6c680e0f3e894ae30cdb5033255f900931986586df53
WesternDesertTown/easy/P000/001321,WesternDesertTown,WesternDesertTown,easy,P000,1321,32,train,6.041,15304.0,0,0.9738,0.2332,0.0388,0.3511,c5f407cf0d098f7210b13c022b244cf0344864092323c3435d3441cad5b0d1db
WesternDesertTown/easy/P001/000498,WesternDesertTown,WesternDesertTown,easy,P001,498,32,train,2.2793,22.14,0,0.9286,0.1712,0.196,0.1462,2e0b6150b9e01ffb54067537dea28ce5bab80ce216b821bc5058a252eea4ffb6
WesternDesertTown/easy/P001/001528,WesternDesertTown,WesternDesertTown,easy,P001,1528,32,train,4.4453,24.25,0,0.9913,0.1157,0.0852,0.3137,4d4f2914a61022b8a73a2d320ddc9e9632b53a5a441f6e853db5e2fde2aa5bbd
WesternDesertTown/easy/P002/000626,WesternDesertTown,WesternDesertTown,easy,P002,626,32,train,14.1094,16336.0,0,0.9751,0.2949,0.6246,0.3518,b72a572025a70b153addd2921f19159ab61f6b8dd4e0970f4aa66858c307d5a0
WesternDesertTown/easy/P002/001909,WesternDesertTown,WesternDesertTown,easy,P002,1909,32,train,7.3125,13984.0,0,0.9911,0.166,0.0198,0.2536,feaaf337f1975d62a5053ee84983f29998d78386b8865ec5d61dda4dc3603004
WesternDesertTown/easy/P003/000350,WesternDesertTown,WesternDesertTown,easy,P003,350,32,train,3.4902,19.39,0,0.9754,0.3253,0.1587,0.2125,56d4d26cfb45aa78159e61d7676da3241cac7dcc9349c7d0000e352908450eef
WesternDesertTown/easy/P003/001082,WesternDesertTown,WesternDesertTown,easy,P003,1082,32,train,3.4551,248.5,0,0.9957,0.1217,0.0727,0.135,35a90a98434fbc5e26db3a1b7924ae28709e99999fb28c7b907983d02a5264b3
WesternDesertTown/easy/P004/000546,WesternDesertTown,WesternDesertTown,easy,P004,546,32,train,1.8623,82.5,0,0.9806,0.1771,0.0733,0.0939,821f76e4c180d1b155337d38ca4f3f547fe0920625a50d32bafea9b2220c3a14
WesternDesertTown/easy/P004/001668,WesternDesertTown,WesternDesertTown,easy,P004,1668,32,train,2.084,13664.0,0,0.9521,0.2809,0.4319,0.2216,96a8360576ef67be4c06c8c94ee2dca3ae064a03b576ffeaf8a399463d30faee
WesternDesertTown/easy/P005/000785,WesternDesertTown,WesternDesertTown,easy,P005,785,32,train,2.9199,8.41,0,0.9348,0.0069,0.1304,0.2756,17565e973ff6850c2d248a1e1b8a51193b9e49982367bac173bf1b3462369a20
WesternDesertTown/easy/P005/002387,WesternDesertTown,WesternDesertTown,easy,P005,2387,32,train,7.6035,15304.0,0,0.9926,0.0677,0.0454,0.0901,3aea0916ffdc60720ae5f3c030e4284fa5a3bb40d243d10b8b47bf2a78126869
WesternDesertTown/easy/P006/000633,WesternDesertTown,WesternDesertTown,easy,P006,633,32,train,2.1113,10.94,0,0.9089,0.0434,0.278,0.1813,a4cea66d2e0b3c1f7a7755abd275a89fb8ea2a996f169228bc9d7c35a8129ee4
WesternDesertTown/easy/P006/001930,WesternDesertTown,WesternDesertTown,easy,P006,1930,32,train,2.168,69.19,0,0.9254,0.2669,0.2216,0.1741,2b1187298f4093608bef6c5a34ced849585b94f1a5e7e70bc8298aebdba4812c
WesternDesertTown/easy/P007/000640,WesternDesertTown,WesternDesertTown,easy,P007,640,32,train,179.9375,16432.0,0,0.9707,0.1505,0.7675,0.2603,2c8545a0fbae4bbbcd2ddef30fced806e173f09564d3fc112341a5dc7763cbaf
WesternDesertTown/easy/P007/001950,WesternDesertTown,WesternDesertTown,easy,P007,1950,32,train,2.8281,20.19,0,0.9374,0.1455,0.0921,0.2503,87fff2f9cab875a147c0bbf5c3dad439c761e3b34d585467cb6ad26b5a53318a
WesternDesertTown/easy/P009/000342,WesternDesertTown,WesternDesertTown,easy,P009,342,32,train,8.9766,12216.0,0,0.998,0.2021,0.7734,0.1102,1f48a23c1a4add3d2199af66d964e8c6e4eae10d7e68a46fa78f429c95087f99
WesternDesertTown/easy/P009/001058,WesternDesertTown,WesternDesertTown,easy,P009,1058,32,train,4.3203,16320.0,0,0.9359,0.2229,0.2172,0.2169,2fbe32af1f7492ae2e3ae7c9f148136b9522714614053de900f954125b16ce2a
WesternDesertTown/easy/P011/000494,WesternDesertTown,WesternDesertTown,easy,P011,494,32,train,3.7773,14776.0,0,0.8622,0.2818,0.0321,0.4082,bafd68eb98346f80c6e641077cb8c723feead9a63cade05fd482a1ded8e799ce
WesternDesertTown/easy/P011/001512,WesternDesertTown,WesternDesertTown,easy,P011,1512,32,train,11.1055,16320.0,0,0.9745,0.3389,0.5452,0.3412,5d5bad74c763a70d3f77f72da7a545505ae717c95a7b10c601b0ffdab0be2fd9
WesternDesertTown/easy/P013/000579,WesternDesertTown,WesternDesertTown,easy,P013,579,32,train,3.7559,28.52,0,0.962,0.2778,0.0736,0.2922,12dabc576866eb7474ab209700b6a92d38a82caa20d5f138cb735818ad588ea7
WesternDesertTown/easy/P013/001768,WesternDesertTown,WesternDesertTown,easy,P013,1768,32,train,2.9258,27.31,0,0.9579,0.0798,0.0692,0.2962,bb41f5f85958f29ee0bf54c3779d10eaca6b1bd370dadd5cb97be17b5d13cca1
WesternDesertTown/hard/P000/000260,WesternDesertTown,WesternDesertTown,hard,P000,260,32,train,1.7227,18.25,0,0.9878,0.0411,0.028,0.2106,b00dd63e822976a4518abdb8d3cf3372f0ef0cfc67827d74532a1157b8cce5ee
WesternDesertTown/hard/P000/000810,WesternDesertTown,WesternDesertTown,hard,P000,810,32,train,3.1387,15160.0,0,0.9099,0.1481,0.0204,0.3657,5b5233687bfea4513b4ed9632c6a8b7a4199eb852e8d586c598a7a7493b022e0
WesternDesertTown/hard/P001/000297,WesternDesertTown,WesternDesertTown,hard,P001,297,32,train,1.8774,10.38,0,0.9691,0.2982,0.0033,0.1469,9a762a0a613af91deb080454def7ba4ee4792f14df40a9b2ba910f392f762e03
WesternDesertTown/hard/P001/000924,WesternDesertTown,WesternDesertTown,hard,P001,924,32,train,4.1602,14.83,0,0.9477,0.1248,0.1638,0.2052,fff224b0bac9e5457a37cdd98e4f4b1ace2745a71350b730a68ea2baeb88575f
WesternDesertTown/hard/P002/000324,WesternDesertTown,WesternDesertTown,hard,P002,324,32,train,2.1113,91.12,0,0.9789,0.0544,0.1893,0.162,a2629c5185bf599f6293d58f4248cc1813e131705dd87e042f10a28572b07e17
WesternDesertTown/hard/P002/001003,WesternDesertTown,WesternDesertTown,hard,P002,1003,32,train,4.2344,13264.0,0,0.9577,0.1716,0.0189,0.6722,84fa8ac3d0cdc44396605fea0a3b687846c95f09a33c918484bf7641a06ad319
WesternDesertTown/hard/P003/000211,WesternDesertTown,WesternDesertTown,hard,P003,211,32,train,3.3926,25.81,0,0.9534,0.3246,0.1432,0.3448,08dc47d29f2d0ef646e0d7e9435fdadee89ec7f7f3507af2f21bddc6b1c5dda1
WesternDesertTown/hard/P003/000665,WesternDesertTown,WesternDesertTown,hard,P003,665,32,train,6.8555,16360.0,0,0.9352,0.2629,0.627,0.5539,d3569778e9742b002c31aefd42af72b9cd96a26163b191c0e1bbba12b0799077
WesternDesertTown/hard/P004/000330,WesternDesertTown,WesternDesertTown,hard,P004,330,32,train,6.8633,16248.0,0,0.8496,0.3024,0.4548,0.3922,7107ca922f3904a579fbc62a163a9ca13a00a55a8915856bfe21202bae1d011b
WesternDesertTown/hard/P004/001022,WesternDesertTown,WesternDesertTown,hard,P004,1022,32,train,2.7402,14832.0,0,0.8397,0.0954,0.0395,0.2174,4cc7c198b795a571a90eb0710fce98b6782d162c74b246774114a8594864f830
WesternDesertTown/hard/P005/000460,WesternDesertTown,WesternDesertTown,hard,P005,460,32,train,1.6631,9.34,0,0.8511,0.0605,0.0491,0.4885,5105c7e94e213b0e103f60f1c528f8133f1b9aabb530c7c4071bc5ae958249f0
WesternDesertTown/hard/P005/001412,WesternDesertTown,WesternDesertTown,hard,P005,1412,32,train,10.5,16400.0,0,0.9234,0.0588,0.7414,0.2631,e975a7622e4ca103a48f92cf111f0af60afb78e4e033ff8b762b601181368c55
WesternDesertTown/hard/P006/000380,WesternDesertTown,WesternDesertTown,hard,P006,380,32,train,3.9033,15.48,0,0.9577,0.1149,0.0152,0.2302,4b3db0f45031a5307b5810bd84a8c8a8e38852047761db08d1eb1e1772202b33
WesternDesertTown/hard/P006/001171,WesternDesertTown,WesternDesertTown,hard,P006,1171,32,train,3.209,17.62,0,0.9219,0.3684,0.3749,0.1813,d906317a4517f1938314da1b957f9bf436524c4b96d14ed5701961a30fb0c063
WesternDesertTown/hard/P007/000337,WesternDesertTown,WesternDesertTown,hard,P007,337,32,train,10.6211,15592.0,0,0.9483,0.0825,0.5215,0.3742,168256ffcbdab93edd3ea53cebf938743d39182c822489206d9f7b98c68b6bdc
WesternDesertTown/hard/P007/001044,WesternDesertTown,WesternDesertTown,hard,P007,1044,32,train,3.8496,12664.0,0,0.9423,0.0679,0.0013,0.2513,daf112ebddbb771e7b12546c246b3a3e052919e1a42df91618bbf2a3be1a69c0
WesternDesertTown/hard/P009/000225,WesternDesertTown,WesternDesertTown,hard,P009,225,32,train,7.832,16216.0,0,0.9669,0.2224,0.1215,0.1299,b8e1f37f1aae1a11f027fdb3b713217526eabcf94de6ed2147177477b18ee1be
WesternDesertTown/hard/P009/000708,WesternDesertTown,WesternDesertTown,hard,P009,708,32,train,5.2344,16312.0,0,0.8736,0.2064,0.0239,0.3149,3c28ace1b5afb9a8ae49dd4bb2fa4961bb67703ce22591fa3ad41a1513bcf267
WesternDesertTown/hard/P011/000310,WesternDesertTown,WesternDesertTown,hard,P011,310,32,train,4.4961,14080.0,0,0.9332,0.335,0.1795,0.3422,066abfff75016cd4201b93eeb89b99cf4861ba8ba25eb85df739a2946f24cb5d
WesternDesertTown/hard/P011/000964,WesternDesertTown,WesternDesertTown,hard,P011,964,32,train,1.4014,107.81,0,0.8121,0.3441,0.1138,0.2842,20b8e9ea77416353bf21a6178406cc25d2291b8622d4e9bbc9c470898489559e
WesternDesertTown/hard/P013/000333,WesternDesertTown,WesternDesertTown,hard,P013,333,32,train,3.7969,24.98,0,0.9299,0.2234,0.0673,0.3473,0a6ba62f26df96839f41634985bfe50600b48242856d49548b3a43b83b5b7e33
WesternDesertTown/hard/P013/001031,WesternDesertTown,WesternDesertTown,hard,P013,1031,32,train,3.1445,12.04,0,0.8925,0.1262,0.1577,0.3113,05cf0b8fb80f3fbcbf4d8fc87e68fdb2b42495ecd5685ee23884a7afeefb4635
